id,title,author,created_utc,score,url,selftext,num_comments
1kam3mm,Local band blew my mind,MatthewJohnAberdeen,1745927839.0,0,https://www.reddit.com/r/LetsTalkMusic/comments/1kam3mm/local_band_blew_my_mind/,"Hi, I'd like to share my experience from a small concert I recently attended. I'm broadly interested in music, so I try to discover new sounds regularly. The concert took place in a somewhat dingy club, but it had a fantastic vibe. Three local bands, unknown to anyone, performed, and the first one especially caught my attention. This was supposed to be their first live performance, but I must admit it far exceeded my expectations. They showcased a truly original sound, somewhere between indie rock and grunge.

They mostly played their original tracks, and you could really feel a fresh breeze, but also a solid concept behind their music. Apart from that there were two covers one of which was a powerful version of Nirvana's Something in The Way. I loved their arrangement. Their performance left a huge impression on me, and I hadn't left a concert in such euphoria for a long time. I think the intimacy of the event added to its charm, and I’ve decided to attend more such gigs.

**So here's my question: could you recommend more such bands? Do you think that when artists becomes mainstream they lose their authencity?**

By the way, some of their songs really stuck in my head, and I found their music on Spotify. For those interested, they're called *Letril*.  [https://open.spotify.com/artist/7bavVeEApnsYZckgxv2098?si=612213815bc145a2](https://open.spotify.com/artist/7bavVeEApnsYZckgxv2098?si=612213815bc145a2)",1
1kah5gt,At what point does the consistency of an album become boring?,CryptographerPale634,1745907359.0,12,https://www.reddit.com/r/LetsTalkMusic/comments/1kah5gt/at_what_point_does_the_consistency_of_an_album/,"I am not really sure if this has been asked before, I am sure it has, but whatever. I believe if an album is too consistent in its sound, it gets boring and tedious to listen to. Some random mediocre trap mixtape would fall victim to this. If something sounds so same, you just get tired of the album. However, a consistent and cohesive atmosphere is necessary for an album. A cohesive atmosphere can bring an album levels above its contents true strength. In Rainbows has an amazing and cohesive atmosphere. There's a reason why everybody raves over it. However, each track has a mostly new feel to it even with the consistent atmosphere. I believe if you can find the perfect equilibrium between consistency and variety it skyrockets an albums quality. Is there a difference between cohesion and consistency? Cohesion would be how each track builds on another and consistency isn't limited to one quality. A consistent sound isn't always good, in fact I would say it widely isn't.",12
1kagdbr,Being an indie fan is super rewarding.,migrantgrower,1745904197.0,0,https://www.reddit.com/r/LetsTalkMusic/comments/1kagdbr/being_an_indie_fan_is_super_rewarding/,"I don't even know how really to articulate this, but it's been on my mind for a few days now, so imma give it a go:

I hate the idea of gatekeeping, but enjoy being ""that guy"" who turns people with a passive (or virtually non-existent) interest in music onto quirky, smaller-scale, bands- many friends and acquaintances know me as being that guy, and often come to me for suggestions or playlists, or even just always take pics of what I'm playing in the car. It feels good, ngl.

Beyond that, I really appreciate fans in the indie community more- with the artists having smaller fanbases, the communities feel much more tight knit, and it feels like the fans are often more passionate/knowledgeable, leading to deeper conversations about your favourite artists/bands. This also leads to more real life connections being made- friends!

You ever just throw on albums by your favourite bands-- and maybe this is weird--, and assume that because you're so into their stuff, they're way bigger than they actually are? And then you check their Spotify or YouTube plays, and they're at just a few thousand or whatever? I don't know if this is gatekeepy because I want to shout about them to the world from rooftops, but this feels cool in a small exclusive club kind of way.

The shows... big arena shows are absolutely a vibe, and the energy is incomparable when a band's firing on all cylinders, but catching your favourite indie artists/bands in a small(er) venue feels like y'all've just made sweet, sweaty, love, haha- it's just so intimate, and feels more like the audience is one big organism intertwined with the artist(s). Not to mention, you can often kick it with the people you're there to see for a few after the show- how rad is that? It's just a way more human, organic, experience- yes please. I was once at a Dinosaur Jr. show (Sept '07) and during the opening act (part of whose shtick was having someone cook pancakes on stage while they rocked out), J-fucking-Mascis stood next right next to me, shoulder-to-shoulder, eating fucking pancakes while rocking out to them. Random side-story; I met the Kings Of Leon like around 2003 before they blew up randomly at the Guitar Center in Buffalo, NY- wtf? Their first 2-3 albums were raunchy indie perfection. So many other such random but awesome experiences with members of the band over the years, some of which I couldn't share. If things go right, you can become friends for a couple of hours, or maybe even IG-buddies.

Tying back into the fan community... yeah, I just generally really dig making connections with people who are as deep (or even deeper) into stuff as I am and bonding over that- you get excited to meet folks who are as passionate as you. This certainly exists with big band/artist followings, but it's so much harder to encounter due to the sheer number of people, whereas it's so much more concentrated in the indie community.

Probably not least though, is just the wide-array of incredibly unique (compared to the mainstream), daring, music we are exposed to in this community, whether singer-songwriter stuff, electronic, rap/hiphop, and so on- these artists are true vanguards, not afraid to march to their own beat (no pun- but good pun!). There is so much 'weird' music I got made fun of for listening-to growing up, but man, this has by far been one of my life's happiest, most-rewarding, avenues- actually, it's probably my main love. I have so much pride in this, whatever it is.

Bonus: and this can be seen as kinda cringe for flexing, but when you're an early adaptor/advocate and they hit it big.

P.S. Anyone used to, back in the day, just approach whoever you deemed to be the coolest music store clerk and ask their favourite new indie releases? This is how I discovered the majority of what would become the most important/formative music for me; Bon Iver, Boards of Canada, Tallest Man On Earth, Jose Gonzalez, The Knife, Sigur Ros, Mogwai, Blonde Redhead, and a ton of much more obscure acts from random countries.

P.S.S. Thinking back to late-night talkshow performances in the 90's/2000's when they'd feature indie bands is SUCH a vibe and makes me so nostalgic... Wilco, Band of Horses, Ween, Sonic Youth, The National, MGMT, Bloc Party, TV On The Radio, The Stokes, Arctic Monkeys, Flaming Lips, Metric, Tegan & Sara, Peter Bjorn and John, Dandy Warhols, Plain White T's, etc., etc. Letterman had some unreal acts on- always was my fav platform for indie bands when talking late-night, though others had some great acts on as well.",1
1kag1qo,Your thoughts on Hermanos Gutiérrez?,pensivetwat,1745902941.0,8,https://www.reddit.com/r/LetsTalkMusic/comments/1kag1qo/your_thoughts_on_hermanos_gutiérrez/,"It's been a few short years now that these Swiss-Ecuadorian brothers have been on my musical radar. I mean, it's hard not to enjoy their mellow, cinematic, grooves. But at the same time, and I just know I'll catch flack for this, they're, to me, like the epitome of ""I could've done that""- does anyone else feel similarly? I super appreciate their vibe and what they're doing, but as a guitarist of more than 20 years who's made countless similar such loops, it doesn't seem particularly special (to me)... but yeah, then it's like ""well, why didn't you release anything? that's why you're a nobody"", and that's totally true- I'm not hating, like I said, I'm super into their stuff... I can be super into their stuff but also feel what they're doing isn't that super special, it's okay to be both. It's like super mellow latin-inspired, western-themed, ambient or something. It's rad. I also feel like most experienced guitarists with a looper could get there- of course the big thing is ""but they didn't"" or whatever. ",12
1kac1l4,Is Mick Hucknall well-regarded in the UK? Is Simply Red well-regarded as sophistipop?,waxmuseums,1745889576.0,11,https://www.reddit.com/r/LetsTalkMusic/comments/1kac1l4/is_mick_hucknall_wellregarded_in_the_uk_is_simply/,"I can’t tell if he’s like the equivalent in British culture to what Michael Bolton is in America or if he’s more well-liked? I pair them I’m sure somewhat because both topped the Billboard Hot 100 with overwrought yet slight classic soul covers in the Bush 1 era; Simply Red with [“If You Don’t Know Me By Now”]( https://youtu.be/zTcu7MCtuTs?si=prOVLRtxRdWv_0tN) in 1989 and MB with [“When A Man Loves A Woman”](https://youtu.be/MUuNDb-nm5M?si=8EWdvfDKA3MOeeOy) in 1991. This seems like maybe the bottom of the barrel of what people think of when we say “blue eyed soul.” And they both could be defined as exemplars of the golden age of Adult Contemporary, which is an era that I like but I fully realize is not considered tasteful… Hucknall less than Bolton, but still [“Stars”](https://youtu.be/MUuNDb-nm5M?si=8EWdvfDKA3MOeeOy) is one of his biggest hits and that is definitive vh1core. 


I’ve heard Hucknall as something of a punchline in some of the British media I watch. The ones that come to mind specifically are that he’s a running joke in 24 Hour Party People, and it is a funny thing that he was one of the few dozen people at [the Sex Pistols gig at the Lesser Free Trade Hall in Manchester]( https://www.bbc.co.uk/programmes/articles/4f0B5rf6z2wYQpm5WNqsqP7/they-swear-they-were-there-sex-pistols-at-the-lesser-free-trade-hall) that ended up being one of the singular most important gigs in pop music history – that this tiny gig that gave us Joy Division and The Fall and The Buzzcocks and The Happy Mondays and The Smiths and everything that followed also gave us Simply Red. David Brent’s video of [“If You Don’t Know Me By Now” from The Office](https://youtu.be/riOZoc8vyFQ?si=VISUG1Zz8PP4UgXD) gets a lot of it’s humor from the steez of Simply Red’s version of it. 


But Hucknall also has the sophistipop thing going for him, which could go either way. Sophistipop has become a chic genre to look back on over the last five or ten years, but it’s not ever fully been defined as far as I can tell and it appears to have a lot of faultlines that will vary from one person’s sensibilities and perception of the genre to another. And the faultlines of sophistipop are maybe the most interesting part of the topic to me... It can alternately be something that fits in the post-art-rock/post-punk trajectory of Roxy Music that’s doing something very serious and sensitive regarding codes of aesthetics and their meanings and musical history with jump blues and Cole Porter and all that, or just vapid cod-funk for Sloane Rangers to listen to while doing lines of coke. I’d imagine Simply Red’s 80’s stuff is more considered the latter, but you tell me, idk. 
",21
1kaacdv,new subgenres of rock music created in the last 20 years?,Specialist-Talk2028,1745884476.0,19,https://www.reddit.com/r/LetsTalkMusic/comments/1kaacdv/new_subgenres_of_rock_music_created_in_the_last/,"a lot of terms still used today to describe music are the same as those created 30 or 40 years ago. some say they have become obsolete, but i disagree. more like, i wonder if i missed any new and more underground genres and movements. do you know of any?

here is a short list of some that i have found:

**new core**
basically all those modern metalcore and emo derived bands that oscillate between fierce breakdowns and pop choruses. lots of R&B influences in the vocals and heavy use of electronic instrumentation and bombastic productions.
(Bring Me the Horizon, Issues, The Plot in You, Sleep Token)

**electro pop rock or edm rock**
basically the kind of band that mixes electric bass and rock vocals into completely pop edm sounds. very popular in the last 15 years.
(Imagine Dragons, XAMBASSADORS, Twenty One Pilots)

**grungegaze**
newest wave of bands put forward by new generation musicians who take great inspiration from 90s music, mixing a bit of grunge and shoegaze.
(Wisp, Teenage Wrist, Julie)",52
1k9xo9g,"What Have You Been Listening To? - Week of April 28, 2025",AutoModerator,1745852455.0,3,https://www.reddit.com/r/LetsTalkMusic/comments/1k9xo9g/what_have_you_been_listening_to_week_of_april_28/,"Each week a WHYBLT? thread will be posted, where we can talk about what music we’ve been listening to. The recommended format is as follows.

Band/Album Name: A description of the band/album and what you find enjoyable/interesting/terrible/whatever about them/it. Try to really show what they’re about, what their sound is like, what artists they are influenced by/have influenced or some other means of describing their music.

[Artist Name – Song Name](www.youtube.com/watch?v=PxLB70G-tRY) If you’d like to give a short description of the song then feel free

PLEASE INCLUDE YOUTUBE, SOUNDCLOUD, SPOTIFY, ETC LINKS! Recommendations for similar artists are preferable too.

This thread is meant to encourage sharing of music and promote discussion about artists. Any post that just puts up a youtube link or says “I've been listening to Radiohead; they are my favorite band.” will be removed. Make an effort to really talk about what you’ve been listening to. Self-promotion is also not allowed.",7
1k9tmlc,"Where is the line drawn between an ""audiophile"" and a music fan?",saladking1999,1745841121.0,6,https://www.reddit.com/r/LetsTalkMusic/comments/1k9tmlc/where_is_the_line_drawn_between_an_audiophile_and/,"By music fan, I mean someone who appreciates music as an art form, giving time to listening to records and immersing in the soundscapes, not necessarily a professional critic or a connoisseur, but a fan who enjoys music for what it is. Excluding casual music listeners who listen to music as a pastime or background sound.

An audiophile is someone who goes to great lengths to make sure that the sounds that they're listening to are of the highest quality. For this they will use equipment suited for such purpose, and devices or digital and physical recordings that are like so. 

The question is: can a music fan not care about the quality of the sounds that they're listening to but still appreciate the music? For example, a movie fan would much prefer watching a film on a screen larger than a mobile phone's, in acceptable quality, even if it's not a home theater with a 4K television and surround sound. Most ""casual"" fans would also probably avoid very low quality like 480p. Where's the threshold for someone who loves music?",65
1k9mjv0,Dose anybody think that maby if Kurt Cobain didn't die most of Foo Fighters songs would be part of Nirvana,FarShame726,1745812445.0,0,https://www.reddit.com/r/LetsTalkMusic/comments/1k9mjv0/dose_anybody_think_that_maby_if_kurt_cobain_didnt/,"Someone give me thoughs please i dont know why i was thinking about this in the shower like if kurt didn't die do you think songs like everlong and my hero would be nirvana songs like with kurt cobain singing them and everything 

Someone give me thoughs please i dont know why i was thinking about this in the shower like if kurt didn't die do you think songs like everlong and my hero would be nirvana songs like with kurt cobain singing them and everything 

",9
1k9lvf7,Why does AJR get so much hate.,PianoMAN_123,1745810128.0,0,https://www.reddit.com/r/LetsTalkMusic/comments/1k9lvf7/why_does_ajr_get_so_much_hate/,"I know they have some obvious things such as over use of auto tune, and cliche lyrics. But other than these things what is the real reason AJR is so hated. I used to be an AJR fan and I got so much hate for it, and after getting tired or them I tried listening to them again it wasn't that bad. I wouldnt call them the best artists to ever walk to planet but they have a few good songs. I would like to know, coming from people who truly don't like AJR, why? Why the extream hate.",20
1k9li1g,So... Who here doesn't use the streaming services?,Connivingcadavers,1745808883.0,78,https://www.reddit.com/r/LetsTalkMusic/comments/1k9li1g/so_who_here_doesnt_use_the_streaming_services/,"With the expectation of occasionally using YouTube for the utility of learning covers I don't use any streaming services for my regular listening habits. 
I'll usually purchase the mp3s online and upload them straight to my phone or just use good old fashioned CDs.
And of course, and I'm still a big fan of radio. I think it's actually a pretty unappreciated medium by us millenials and Gen Z.

Back when I was a teenager in the 2000s I already thought the cheap and easy access that the internet was facilitating for music took some the romance away so I've always pefered a more old fashioned approach.
Anyone else?",106
1k9fgr4,Anyone else avoid hearing their favourite song to preserve the special feeling it gives you?,According_Sundae_917,1745790498.0,93,https://www.reddit.com/r/LetsTalkMusic/comments/1k9fgr4/anyone_else_avoid_hearing_their_favourite_song_to/,"I like my favourite songs to catch me off guard by hearing them unexpectedly.

And I don't want the memory or feeling it gives me to fade or become associated with the present day. So I somewhat avoid hearing them or 'over listening' to them to preserve that feeling.

Does any one else do this?
Or do you have a particular relationship or way of listening to you let favourites? 
Do you think those feelings songs give you ever fade in time?",43
1k91r9z,How did Metallica go from having a different and unique guitar tone on each album (think Kill 'Em All through the Black Album) to having basically the same tone over the past 16 years (from Death Magnetic to 72 Seasons)?,L4GNKODEX,1745753150.0,78,https://www.reddit.com/r/LetsTalkMusic/comments/1k91r9z/how_did_metallica_go_from_having_a_different_and/,"It's strange to me how this legendary thrash band went from having a unique guitar tone on each album to barely changing it over the last 16 years. This came about because I was just stewing in my head and thought ""damn, I'd love to hear what [Death Magnetic](https://music.youtube.com/playlist?list=OLAK5uy_lIZirsnSbg41CX1xYgibpRhMlZWOwb1LM&si=Uos-ZDO1gEzQHr68) would sound like with [...And Justice for All](https://music.youtube.com/playlist?list=OLAK5uy_nfd04cpVQ9Xv0UsOTBshL1TU6O2vz-rhg&si=mpukCfde0W5RtxcZ)'s tone.",43
1k8w0yx,"I've been down a rabbit hole of Pearl Jam's ""Just Breathe"" and would like to share.",HoldEvenSteadier,1745729481.0,25,https://www.reddit.com/r/LetsTalkMusic/comments/1k8w0yx/ive_been_down_a_rabbit_hole_of_pearl_jams_just/,"For those who don't know, [*Just Breathe*](https://youtu.be/Eo-UKCxCglg() was released in 2009 on Pearl Jam's ""Backspacer"" album. Not their best known but tbh I'm not the right person to ask specifics of.

[The lyrics](https://i.imgur.com/PVePHjI.png) are something incredible though. An older man looking back and considering his life, feeling lucky to have loved, and grasping for comfort in it over an unspoken sense of fear. It's beautiful. The guitar is plucky and the notes tug at your emotions just like the honest delivery. Admittedly I'm a Pearl Jam fan in general and that bias led me to make this topic.

I found out that Miley Cyrus had [done a cover of it](https://youtu.be/l_ZOhMSPqVc) and figured I'd see if she did it well or massacred it. Turns out... she nails it. The emotion in her voice, the guttural sincerity - kinda makes me like it more than the original to be honest. I'm absolutely in love with this cover. It kills me.

So I looked up more covers!

Turns out Willie Nelson did [his own version](https://youtu.be/ow-Cx9IX4So) which is a completely different experience. It's a duet with his son and swaps the relationship the singer is cherishing from a romantic one to a father/son love. It's country, it's different, and I like this one too.

IMO, it's a testament to a song being well-written and brilliant if it's this accessible. It speaks to a common feeling in a simple, but absolutely precious and feral way. I really liked seeing various takes of this song and wanted to share it with others. Thank you for reading.",1
1k8txk2,I love indie acts that are their own brand of weird,NutSockMushroom,1745722016.0,18,https://www.reddit.com/r/LetsTalkMusic/comments/1k8txk2/i_love_indie_acts_that_are_their_own_brand_of/,"These are the main examples I'll be using (in the order I discovered them):

- Insane Clown Posse

- Buckethead

- King Gizzard and the Lizard Wizard

- Ween

I discovered ICP as a kid in the early 2000's and they were my first gimmick band, so they get the credit for introducing me to the concept. On the surface they appear to just be two clowns rapping about cartoonish acts of violence against [bigots](https://youtu.be/gUdaazr8amU?si=vCy3URi3xsLXH6P_) and [other people they don't like](https://youtu.be/ya4vGjx9LlA?si=T_gJ694kWF69mP75), but they've spent the last 35 years building an imaginary universe and a real-world empire around the idea of a [""dark carnival""](https://youtu.be/l9hUMmeB_LQ?si=6ohT3s7cq7V7fNza). It's not for everyone, and despite all the imitators who think painting your face and saying violent things over a beat are all there is to it, nobody else can match their specific flavor of weirdness.

Buckethead is a different style of weird; he wears a generic white mask and a ~~KFC~~ chicken bucket on his head, and rarely speaks publicly or from a first-person perspective. His [origin story](https://youtu.be/5YZLKIhJQ5o?si=wiVMyHHa0mz18FUS) is that he went ""psycho"" after being raised by chickens, and he plays a lot of [unconventional stuff](https://youtu.be/Zm7FCJv8_1o?si=WhsEDHj5zf1cINvr) on guitar. But on the other side of that, he is very [sentimental](https://youtu.be/ODzhJHS1aeE?si=LlNL6vKurwBGEpnV) and has dedicated numerous [songs](https://youtu.be/a1VGJHDNog4?si=jg-9CyEpuRrC-MqT) and [albums](https://youtube.com/playlist?list=PL6ogdCG3tAWhvr27xuk5DfQpHWGSys-F6&si=PDdfrU46pTvb24Fr) to various family members and [other people he likes](https://youtu.be/3yZg19-gM3E?si=KpL1m5N0HFmIXgGk). He is also the most prolific musical artist I'm aware of, with [hundreds of albums and EPs](https://en.wikipedia.org/wiki/Buckethead_discography) under his belt – it's as if he spends every waking moment with his guitar.

If you've ever discussed music on Reddit, then you've probably heard of King Gizzard and the Lizard Wizard. Instead of having character gimmicks like my last two examples, their brand of weird comes from their tendency to blend and jump between different genres of music. They are primarily a [psychedelic garage rock](https://youtube.com/playlist?list=OLAK5uy_nKJez7UEPUoD2YUkDXSti1iw5ll4GeZfs&si=8hiWKgy597-ffwTb) band but have blended it with [metal](https://youtube.com/playlist?list=PLc60gkdW0bcE2YqZlmkLz_8eWlHjvmXkF&si=QwbOxqPcXI2bsQNI), [blues](https://youtube.com/playlist?list=OLAK5uy_nsHT0Dzu3SFjafVazdeXO46rZw7IDW-L8&si=3L6cNljVdMU37xu1), [folk](https://youtube.com/playlist?list=OLAK5uy_mrhKFMaqstMW3E3kXlZF0F3Dsyjpw-0oU&si=zMyuQuXOfNtuFfxZ), [jazz](https://youtube.com/playlist?list=OLAK5uy_kt3-kxkUxHSn-oOb2Z-xYAzyoHmRH-iMg&si=0NtyYih7IixT1FIH), [prog rock](https://youtube.com/playlist?list=OLAK5uy_n7f-lo8FTL571-urzphg2p5tj9q-zneK4&si=0DQ3kYy-PXNfdV7H), [hip-hop](https://youtu.be/dsNawHKvYYU?si=dDxNBb949fyq-czS), [electronica](https://youtube.com/playlist?list=OLAK5uy_ndc_y0YANWAPKbNAja59tcyX2_t_F8kP8&si=HxMOgw0qR-ZGfUXR), and many other genres across the dozens of albums they've released. Most of their releases have been concept albums with specific themes, and although they've denied setting out to build ""The Gizzverse"", there are various recurring musical themes and characters that tie portions of their discography together.

Ween is another genre-bending rock band, and my most recent musical obsession. They make what they call ""brown"" music, which they've described as ""not right, but wrong in a good way""; I think the best example of this is their first studio album [*Chocolate and Cheese*](https://youtube.com/playlist?list=PLDED61B6492A368A8&si=XfWYJzQGwtNrlWBS). I tried to describe it here, but I think the point would be better made if you went and listened to it all the way through. Their nautical concept album [*The Mollusk*](https://youtube.com/playlist?list=PLUhabMFDAl5yKAR2ICUQ5QmM0vQvPzwf9&si=L80DDZvwmB5x_E5-) is credited as a huge inspiration for Spongebob Squarepants, and you can hear it from the very first song. Their first 3 albums were made before they had access to professional studio equipment, so they sound a lot like two kids goofing off in a garage together. You can basically hear them grow up if you start from the very beginning of their discography, which is as interesting as it is endearing to me.

The main thing these bands have in common is their large discographies. I think the more music an artist puts out, the more they flesh out their own universe that you can visit them in, and that little escape has become more important to me as I've gotten older.

**Can you relate? Do you know of any other bands that are hypnotically weird?**",21
1k8t313,Roll the Bones by Rush is a great album,MustangOrchard,1745719204.0,19,https://www.reddit.com/r/LetsTalkMusic/comments/1k8t313/roll_the_bones_by_rush_is_a_great_album/,"Released in 1991, Rush made it out of the 80s alive. The 80s ate many a band. There's rocking solos, a great instrumental, ballads, and Geddy's bass has such a rich tone. I even like the lyrics, which is something I don't generally pay attention to.

Rush got synth crazy in the heart of the 80s but this album is stripped down and more guitar heavy and I find it rocks harder than the albums in the mid to late 80s.

All in all solid album that I would listen to again without skipping any songs. ",30
1k8rrzz,Why such a difference in old/classic vs modern metal/rock sounds?,GatesOfEden7,1745715017.0,80,https://www.reddit.com/r/LetsTalkMusic/comments/1k8rrzz/why_such_a_difference_in_oldclassic_vs_modern/,"I've been a metal fan for pretty much most of my life and noticed two very different styles of sound that separates ""old"" vs ""modern"" metal that I'm trying to investigate. Throughout the 70s and 80s, producers such as Martin Birch produced many albums from artists such as Iron Maiden, Black Sabbath, Deep Purple, Rainbow, tons of others and although these records had a distinct ""Martin Birch sound,"" each of them still sounded very unique and different from one another. No two Iron Maiden albums from the 80s sounded the same. The same for other guys like Max Norman (Megadeth), Tom Allom (Judas Priest), and etc. Each album had a different ""color"" or ""flavor"" to it that was never repeated and each of them are so memorable because of that.



Whereas the ""modern"" sound that Andy Sneap pioneered just sounds homogenous and ""copy-pasted."" Barely any distinction between records because they all sound too similar to one another. It's like the sound's goal was ""production masturbation"" to see how much pristineness and polish could be achieved as much as possible which resulted in a sound that lacks in character. All of the guitar sounds are similar, the bass, and the drums from his mixes have this plasticy ""perfect"" sound to it that doesn't really sound real.



What are the causes of that? I really don't think it's just an analog vs digital thing because digital audio can model pretty much everything analog can do and then some, so in theory Andy Sneap should have had more capability in creating sound uniqueness but it just doesn't exist in his catalog of albums mixed/produced.



Any thoughts on this?",7
1k8pdm3,What goes through your mind when you listen to music?,SeaConstruction4067,1745707738.0,10,https://www.reddit.com/r/LetsTalkMusic/comments/1k8pdm3/what_goes_through_your_mind_when_you_listen_to/,"Do you just simply appreciate the lyrics, vocals, and/or instrumentals? Do you invision a scenario that matches the song? Do you make up a fantasy to match the song? Do you picture your own life, like the song is narrating it? Do you imagine the artists performing? Do you imagine yourself performing? Does it depend on what artists or genres you're listening to? If you answer, could you also state what genre(s) you listen to most? I'm just really curious what goes through people's minds when they listen to music. I imagine it's different for everyone. ",43
1k89kq8,"John Lennon's weird vocals on Bowie’s ""Fame"" might be the most Yoko Ono thing he ever did",LarBrd33,1745662025.0,164,https://www.reddit.com/r/LetsTalkMusic/comments/1k89kq8/john_lennons_weird_vocals_on_bowies_fame_might_be/,"I was on wiki reading about the famous half-joking offer Lorne Michaels made to have the the Beatles appear on SNL, and Lennon/McCartney allegedly actually being in New York and considering it, but before you know it, I was doing a wiki deep dive into Lennon's 1970s career, his brief ""retirement"" where he was just chillin in New York raising his son, his separation from Yoko, and some of the collabs he had with Mick Jagger, Elton John and Bowie.

Specifically, his collab with Bowie on [""Fame""](https://youtu.be/Ypgq0qdgVZA) caught my attention as I'd heard the song a billion times, but somehow never knew Lennon produced it, didn't know it started as just them screwing around with a guitar riff from another song (""[Footstompin](https://youtu.be/bZTwnR9nLvY)'""), and didn't realize that was Lennon himself with the high pitched nasally ""FAME!"" interjections between Bowie's lyrics.  That song went on to be Bowie's first to reach No 1 in the US.

What's interesting to me, though, is that once I recognized it was his voice I immediately realized everything about John's vocal contribution reminded me of Yoko Ono.

I tried to see if anyone else had made that specific connection, but I haven't found anything written about it.  I found lots of writers saying ""john helped write it"" or ""he sang backup"", but not much seems to be made of how much the actual sound of his performance is owed to Yoko's influence.  The way he screams the word, floats slightly behind the beat, doesn't worry about pitch... it's way more Yoko than anything he did with the Beatles. You can almost imagine it being Yoko herself screaming ""Fame"" while John sings the main lyrics.

It's primal, messy, almost percussive.  Like he's stabbing the track with his voice.  Very in-line with Yoko's avant-garde experimental style.  If you haven't heard it, the song ""[Why](https://youtu.be/VlY4oxfma_Y)"" is a good example of pure Yoko.

It's funny that there's this perception of Yoko ""ruining"" Lennon tracks with her weird interjections and in a way, you can say it was John doing his version of the same thing on the Bowie track.

I genuinely don't share this as a Yoko hater. Obviously she got dumped on a lot back then, but I have some appreciation for it and think it had real value.  The idea of breaking down the idea of melody and rhythm in favor of raw emotion.  Howling, shrieking, bending time.  Her voice an instrument.  It clearly wasn't for everyone, but you can see how it influenced a lot of later music.  Whether earlier punk acts like Patti Smith and the Sex Pistols, or later experimental and indie bands like Sonic Youth and even parts of Nirvana (Cobain appreciated her work and famously called her the first female punk rocker) — you can hear that same spirit Yoko was championing: emotion over perfection, noise over polish, raw honesty over clean production. When you hear experimental sound collages on songs like Frank Ocean's ""[White Ferrari](https://youtu.be/Dlz_XHeUUis?t=150)"" or raw distorted noise on songs like Charli XCX's ""[Forever](https://youtu.be/COKJ_gdTkIY?t=77)"", you could argue they wouldn't exist without Yoko's prior work. Even a lot of modern artists who blend art and music, like Björk or FKA Twigs, are basically walking through a door Yoko helped kick open decades earlier.

John himself, obviously, was influenced by it in a lot of his solo work on songs like ""[Mother](https://youtu.be/3D0nMzHjMR8)"" and ""[Cold Turkey](https://youtu.be/xqVe9UKfSmI)"", particularly the endings of those songs, but I just thought it was interesting that he was doing it on Fame and I somehow never realized it.  Curious if anyone else noticed it or if this is just some common knowledge that somehow I didn't know.",29
1k7tibe,Remember Magna-Fi?,EatPizzaItIsGreat,1745609085.0,0,https://www.reddit.com/r/LetsTalkMusic/comments/1k7tibe/remember_magnafi/,"Magna-Fi was a hard rock (or you could argue heavy metal) band from Las Vegas, Nevada which started in 2001 consisting of Mike Szuter, CJ Szuter, Robert Kley, and Charlie Smaldino and had there first album Burn Out the Stars in 2002 under Gold Circle Records which during the release something we don't quite know happened and it only got to the promo stage (ie the blue cover maxi case version) and then in March 2003 they self released it (ie the green cover) and then later that year they were picked up by Aezra Records and in June 2004 they put loads of money into them and released Burn Out the Stars as a wide release (ie the red cover) and removed one track from the album ""Ex-Ok"" was the one removed and that year they played second stage at Ozzfear 2004 wow",3
1k7t6l4,Recommendations other than Spotify,SharpRisk4175,1745608248.0,0,https://www.reddit.com/r/LetsTalkMusic/comments/1k7t6l4/recommendations_other_than_spotify/,"So I've been using Spotify for about 6-7 years now and the pricing of it has gone up recently which I'm upset about, I don't want to pay the $13 it is now. My main question is, is there any app for Android that acts the same as Spotify that I don't have to pay for?

Again I'm an android user so can't do apple music or anything like that, I don't like downloading music to my phone because that takes too much space and I'd have to open the file every time I want to hear a song, so that gets annoying.

Any help is appreciated, I just don't want to have to pay to listen to music anymore.

Thanks!",42
1k7etuj,Let’s talk: Playboi Carti,Shrekinator18,1745564992.0,0,https://www.reddit.com/r/LetsTalkMusic/comments/1k7etuj/lets_talk_playboi_carti/,"Carti is deadass the best to ever do it. There is not one artist that has made a better album than “Whole Lotta Red”. I think people don’t understand why Carti is the goat mainly because they haven’t heard his unreleased discography. Specially during his “Whole Lotta Red v2” era with songs like “u kan do it too” “trenches” “breathing” or “friends”. After I listened to Carti’s “Whole Lotta Red v2” music I started dedicating my life to him he deadass is god. Don’t even get me started on I AM MUSIC aka his new album. That album was worth the 5 years of waiting it’s so good it’s the only thing I have been listening to since march 14th 7:30 AM. People needa start giving Carti credit for changing the music industry for the better. I feel like nowadays you have so much bullshit ass music that the locals listen to like drake, Kendrick Lamar, or even horrendous ass fucking music like rod wave. God his music is so ass he fat as hell too. Point is playboi carti is the best to ever do it and people need to start realizing that. ",19
1k7bh72,Streaming is robbery and labels/distributors are soulless.,None,1745552368.0,0,https://www.reddit.com/r/LetsTalkMusic/comments/1k7bh72/streaming_is_robbery_and_labelsdistributors_are/,"There, I said it.

  
For starters we all know that in the current atmosphere of ""the music business"" we're expected to whore our own hard crafted music out to some digital distro and then accept .004 of a penny as recompense for a song sale of one of the usual streaming sites. Are you fucking kidding me?

I've seen some waffle on here and other social media from people saying ""I'm blah-blah-blah with X years of experience as a (fill in the blanks) and I'm wondering what you all think of my idea for a New Way Of Doing Shit.""

OK, I appreciate that you may legitimately have our best interests at heart but basically all we want as artists is to be able to sell a song for a dollar a download and not have any fucking middlemen ""review"" our work for weeks or months just to make sure it's acceptable to some grunt in the office who has their own mental illnesses and foibles to battle as well as acting like a guard dog for the distro. Fuck all that malarky. Artists are not stupid. And we are not beggars. And we don't need anybody's permission to offer our music for sale. We just want somehow to legitimately sell our stuff directly to people who want to buy it in as simple and uninsulting  a manner as possible.

This isn't the fucking stone age when everything HAD to dealt with by some corporate record label OR ELSE. We've moved on from those nasty old days, we now have recording capabilities at home and the whole internet as a potential audience, so how come we still don't have an honest way to just sell our music at a fair price? Why are we allowing ourselves to be cheated like this? Name anything else you can buy for .004 of a penny that gives you as much pleasure as music from some artist you like.

As artists we create goods and we want to sell them. That is all. Now can somebody out there actually achieve this?",69
1k71s97,Escape- Rupert Holmes,Diamondflowerx231,1745524674.0,6,https://www.reddit.com/r/LetsTalkMusic/comments/1k71s97/escape_rupert_holmes/,"I love how the song is just a chill vibe song.. about a guy trying to cheat on his wife

Just picture this:
 Wife puts an ad out in a paper to meet a friend/more than friend behind her husband's back
Husband replies, not knowing his wife, arranging plans to meet up for a date
She walks into the bar and realises it was him all along and is happy that he knew it was her all along

"" And she said 'oh it's you'
Then we laughed for a moment
And I said 'I never knew...' ""

(In this moment I imagine the wife's face becoming quite angry when she realises he was trying to cheat on her and so it quickly cuts to the chorus where he tries to play it off)

"" ..That you like pina coladas! Getting caught in the rain! ""

Edit: Yes, I know she was trying to cheat on him too, I just have a little giggle at that line every time",11
1k6wvd8,Why is it that we start to enjoy genres that we previously disliked?,Accomplished_View650,1745512827.0,22,https://www.reddit.com/r/LetsTalkMusic/comments/1k6wvd8/why_is_it_that_we_start_to_enjoy_genres_that_we/,"Hello everyone,

first post here. So, obviously, the experiences we make as human beings shape our identity and the things we like. A cool party with a particular style of music might make you actually enjoy the genre and connect a certain experience to it.

For example, I absolutely used to hate Techno. It was everything I didn't like, really basic rhythm, same dull bass, no intro->buildup->drop structure that was so familiar to me from listening to Bass (Trap, Dubstep, DnB etc).

Over time, I discovered some techno songs that I actually liked somewhat, but it never felt like it's mine.

Then some time passed and at one point, I decided to go to a local rave. I don't remember why I decided this way, I think bc it was hosted by a friend of mine and some other friends were also going.

I think at this point, I already started to like techno a bit more. Even though it was a pretty small rave, I loved the experience. People just jumping together, dancing together, enjoying themselves. Sure, I knew this from other parties or concerts. But this felt different.

There was an energy in this music that I loved, I just didn't know it yet. I mean, I enjoyed some stuff that goes into a techno direction before, but never really identified it as techno.

Some more time passed and I met a DJ that also focuses on techno and house and he showed me even more stuff that I enjoyed. Watched him perform a couple of times and was hooked.

Now I have to say, there's still lots of techno that I find boring and repetitive. But so I feel about a lot of trap (oh God), dubstep (oooh God) and other genres aswell.

But a good chunk of the music I listen to on a daily basis is effectively techno. Especially nowadays, where genres aren't as defined as they used to and everything blends together, it's really convenient to discover an artist or two that take you on a journey and make you discover more and more that you enjoy.

I also had a similar experience with Frenchcore, Hardcore, Hardstyle and Psytrance/Goa. Used to heavily dislike these genres and now they're part of playlists.

How often did you experience such a shift in style and why do you think it happens?",17
1k6w133,Can't connect with Jason Isbell,brownwaterbandit,1745510786.0,32,https://www.reddit.com/r/LetsTalkMusic/comments/1k6w133/cant_connect_with_jason_isbell/,"I really wanted to fall in love with Jason Isbell's music, and for the longest time, before doing an actual deep(ish) dive on his catalogue, I was blindly certain I would be into him. But then I finally began to attack his discography and came away feeling, like, maximally lukewarm about it? From all the stuff I'd heard and read leading up to my dive, I was expecting some kind of second coming of \[insert legendary songwriter\], but instead found the depth and quality to be barely above top-40 country; a slightly better but highly derivative version of what's been around since the 90's. Kind of just left scratching my head- sorry for being so vague. I admittedly haven't consumed it ALL yet, but am just wondering if there's something I'm missing when it comes to understanding/appreciating this artist?",43
1k6uv9w,Let’s Talk: Lucinda Williams,wildistherewind,1745508005.0,30,https://www.reddit.com/r/LetsTalkMusic/comments/1k6uv9w/lets_talk_lucinda_williams/,"A few weeks ago, it occurred to me that I don’t really know very much about Lucinda Williams - I had heard maybe two of her albums and respect her work, but that was it. I sought out to listen and learn more and I’m pretty blown away by her career arc. Let’s talk about Lucinda Williams.

This week I listened to her 1979 album *Ramblin’ On My Mind*, which was a tremendous, pleasant surprise. It’s a blues album, which I did not expect; one that was released on the Folkways label, whose mission at the time was to promote folk and traditional music from around the world. *Ramblin’* was recorded when Williams was 25 and it has intriguing takes on traditional songs as well as Delta blues deep cuts (“Malted Milk Blues”, by Robert Johnson, is a stand out on here). AllMusic gives it a 2/5 rating but I swear you will find something you like here if you are a fan of blues music and have an open mind. She released another album of blues music in 1980 and, to some degree, vanished. She moved around, was married and divorced, and had trouble getting her music signed.

Rough Trade Records eventually signed her and in 1988, aged 35, she had a breakthrough with her self-titled album. The mid-to-late 80s had a blip in alternative (but not too alternative) country and I think she slipped into the mix at exactly the right time. “Passionate Kisses” from this album became a hit for Mary Chapin Carpenter a couple of years later.

In 1998, Williams released another critically acclaimed album, *Car Wheels On A Gravel Road*, that shifted her sound again. It’s probably her most well-known, well-regarded album and the one most indicative of a large part of her career. It’s the one you’ll probably want to start with if you haven’t heard any of these other albums or songs.

What’s surprising to me is that her career goes against a lot of the implied rules of the music industry. She started recording music in her mid-20s, didn’t have much success until her mid-30s, and released her most acclaimed work in her mid-40s.

What are your thoughts on her, her music, and her career? If you are a long-time fan of her music, how were you introduced to it?",16
1k6ue2j,"General Discussion, Suggestion, & List Thread - Week of April 24, 2025",AutoModerator,1745506833.0,2,https://www.reddit.com/r/LetsTalkMusic/comments/1k6ue2j/general_discussion_suggestion_list_thread_week_of/,"Talk about whatever you want here, music related or not! Go ahead and ask for recommendations, make personal list (AOTY, Best [X] Albums of All Time, etc.)

Most of the usual subreddit rules for comments won't be enforced here, apart from two: No self-promotion and Don't be a dick.",12
1k6l5zw,Is it fair to say that David Bowie was the most eclectic artist of all time?,Revolutionary_Low_90,1745474862.0,0,https://www.reddit.com/r/LetsTalkMusic/comments/1k6l5zw/is_it_fair_to_say_that_david_bowie_was_the_most/,"Let's debate. There's a lot of artists that incorporate many styles and genres into their career from start and finish, such as The Beatles, Bjork and Ween. But, which artist had the most impactful genre-blending innovation in history? Can it be Bowie? Zappa? The Beatles may be the most memorable one, but in a short time they made a lot of great albums. But, what about Bowie? His impact of music and his eclecticism had an everlasting influence on everyone from Nine Inch Nails to Kanye West. So, who do you think is the most eclectic artist of all time?

(NOTE: I wrote this all by myself. No ChatGPT because fuck it.)",15
1k6gfnp,"Tool, Radiohead, and Arcade Fire (WE) might all be using the Golden Ratio on purpose",tshirt_with_wolves,1745459066.0,107,https://www.reddit.com/r/LetsTalkMusic/comments/1k6gfnp/tool_radiohead_and_arcade_fire_we_might_all_be/,"I’ve been spiraling (pun intended) into this weird theory and now I can’t unsee it: Tool, Radiohead, and Arcade Fire are all using the golden ratio and Fibonacci sequence in their albums—and it seems way too precise to be a coincidence.

We already know Tool has been doing this forever. Lateralus follows the Fibonacci sequence in the syllables, time signatures, even the themes. They’re not even hiding it.

But here’s where it gets wild:

Radiohead’s In Rainbows is 42:43 long. If you go 61.8% in—that’s the golden ratio—you land at about 2:49 into “Reckoner.” That’s exactly when Thom Yorke’s voice lifts, the backing vocals come in, the mood shifts, and you hear the words “In Rainbows” whispered for the first time. Like… c’mon.

Now fast forward to Arcade Fire’s WE. That album’s 40:48 long, which puts the golden ratio point at 25:22. And at that exact moment—3:55 into “End of the Empire IV”—Win sings just one word: “I.”

Think about that. An album all about “I” vs “WE,” and right at the golden ratio, he says “I.” That has to be deliberate.

Also, both In Rainbows and WE were produced by Nigel Godrich, who clearly knows what he’s doing. There’s no way this is accidental.

And then there’s the eyeball - Tool’s most recent tour had this huge eyeball visual at the center of the stage—staring straight out at the crowd - WE’s album cover? A massive, all-seeing eye, floating in space.

Maybe it’s just a motif. Or maybe it ties into the whole idea of perception, awakening, spirals, the “I” becoming the “eye.” These bands aren’t just writing songs—they’re building experiences that feel aware of you. Like the moment you notice the math… the art is staring back.

Anyway, I might be too deep in this, but it’s been tripping me out. Anyone else caught stuff like this in other records?",75
1k64bt4,"Does the convention of calling someone a “____head” (i.e., hip hop head, indiehead) come from the term “Deadhead”?",ShinyBredLitwick,1745427672.0,31,https://www.reddit.com/r/LetsTalkMusic/comments/1k64bt4/does_the_convention_of_calling_someone_a_head_ie/,"I started wondering this recently. I thought it was interesting many of the major music subreddits that are most popular with the most activity in my experience (indiehead, hip hop head, pophead) all have “head” at the end. There’s another term called “old head” used in hip hop spaces to describe someone who is, well, just old. 

This got me thinking about how a dedicated Grateful Dead fan is called a “Dead head”, and that got me thinking about the possibilities that this colloquialism comes from the term. It is the earliest of all of these terms. Of course it would predate hip hop head, which is what i thought the term came from, because the Grateful Dead as a band predates hip hop as a genre. (and it’s also ironic considering Jerry Garcia’s reductive take that hip hop isn’t music (I’m a huge Dead fan but yea, i disagree with Jerry that hip hop isn’t music (I’m also a huge fan of nested parentheses))). 

I know that “deadheading” is a term used to describe people who are attending an event either for free or with a free ticket, and that it’s also used in trucking and aviation. But, obviously I’m more interested in its use as jargon for music appreciation. Probably more of a discussion for an etymology community, but I thought it was worth sharing. ",17
1k5zz18,Spotify makes me fall in love with songs - not artists,katerina_troup,1745417001.0,94,https://www.reddit.com/r/LetsTalkMusic/comments/1k5zz18/spotify_makes_me_fall_in_love_with_songs_not/,"I’ve noticed a pattern in the way I listen to music, and I’m wondering if others relate.

All my life, I’ve listened to music exclusively through streaming services — YouTube, Spotify, etc. I’ve never owned CDs or vinyls, and as a result, I’ve developed the habit of listening to individual songs rather than exploring entire discographies.
 
EDIT: I'm not blaming Spotify by any means, just saying that with the insane variety of songs in there it's very easy to listen to music the way I do, whereas with CDs and vinyls people bought entire albums and had a much more limited range.

I often find songs randomly — through Spotify recommendations, other people’s playlists, or just browsing through a band’s discography. I might end up liking 5–10 songs by a band (not necessarily the most popular ones), but instead of staying with that band and exploring their albums or deeper cuts, I move on to the next artist. 

This has led me to know and love songs by hundreds of different artists… but not really know any artist deeply. I don’t have a favorite artist. I’ve never done a full deep dive into a discography. I mostly shuffle my liked songs or curate playlists based on moods, themes, or aesthetics — not by artist or genre.

Has anyone else experienced this? Is this just a side effect of algorithm-driven music culture? Sometimes I feel like I’m not a “real” music lover because I don’t have that one band I could talk about for hours. But maybe this fragmented way of listening is just how things work now?

",57
1k5z0e7,Music In Adverts,tombarnes_dnb,1745414458.0,8,https://www.reddit.com/r/LetsTalkMusic/comments/1k5z0e7/music_in_adverts/,"Before I start, I want the main takeaway from this conversation to be about the originality and integrity of music as an art form.

Ok. Seriously. What happened to original jingles written for ads? It seems like every commercial whether it be a cleaning product or Streaming service are all recycling great songs, butchering them with outrageously chopped edits or replacing catchy words with their own product. I could name hundreds but it would take all day, and I avoid adverts as much as possible.

For marketing purposes, I understand wanting something catchy but for the love of all things holy, why can't they just pay for an original song or jingle? Artists are out here struggling to eat meanwhile you reduce Queen to an anti-bacterial floor sanitizer. Can we please collectively ask to stop marketing teams committing this sin and go back to how things used to be.

Feel free to share your examples or disagree.",11
1k5yb0h,What caused the disappearance of bands in popular music?,use_vpn_orlozeacount,1745412487.0,348,https://www.reddit.com/r/LetsTalkMusic/comments/1k5yb0h/what_caused_the_disappearance_of_bands_in_popular/,"I was scrolling through Spotify's most listened artists and realized that in top 50 only 5 were bands. Even if you go to top 100, just 11 are bands - rest are solo artists or DJ/producers.

It feels like bands used to dominate pop and rock music, especially in the '60s through early 2000s, but now it seems like the mainstream is almost entirely solo acts.

What caused this? Are solo artists just easier to manage and market? Are bands just not what people want to hear anymore? 

Curious what everyone thinks. Hopefully this is just a phase as I’m personally a huge fan of bands.",264
1k5vmin,An Essay About Loops,Reasonable_Abies6167,1745403434.0,8,https://www.reddit.com/r/LetsTalkMusic/comments/1k5vmin/an_essay_about_loops/,"I think it was J Dilla who first showed me, back in 2005, just how powerful a short, looped beat could be. I remember walking around the city, listening to the same beat for 20, 30 minutes… sometimes even an hour. I was actually meditating without knowing it.

Back then, I used to think that a real track needed complexity: layered instruments, a structured development, at least 8 or 16 bars. So I was a bit confused by these beats. Were they music? Just a draft?

And yet, these loops weren’t ambient music either. Ambient, to me, was always connected to meditative, calming sounds and synths. But this was something else. This had groove. Grit. And still, that same meditative effect.

But the crazy thing about loops is that there is a very thin line between a boring repetition and something that can really work out in your brain.

Over the past 20 years, I’ve been trying to create or maybe find my musical identity (I’m still not sure if I’m a beatmaker or a producer), and honestly, I don’t care anymore. What I do know is this: I love creating loops. That’s it. Period. And most of the time, two bars are enough.

Two bars. Not four or eight. Just two. I don’t really know why, but something about that length feels like home. Maybe it’s the speed. It allows me to make quick decisions while still choosing my samples and drum sounds with care.

This isn’t meant to be some big reflection; it’s more of a therapeutic text. A way of saying I finally feel like I know what I love doing musically, without judgment, without feeling like it’s not enough.

To wrap this up, I’ll leave you with a 20-minute loop by J Dilla (https://youtu.be/LrC9IGf1Qm0?feature=shared) and a quote from the master Brian Eno: “Repetition is a form of change.”

How many bars is your take?",4
1k5ut2o,Vinyl vs CD,rodeoastroo,1745400062.0,8,https://www.reddit.com/r/LetsTalkMusic/comments/1k5ut2o/vinyl_vs_cd/,"This past year and a half I started getting into vinyl collecting, I bought a beginner turntable/speaker combo for 300 bucks and I have around 40 records right now. I really like collecting them and having a physical way of appreciating the music and my favorite albums, but I find myself actually playing a record only like three times a month.

Now I'm at a point where I either want to buy a better turntable and hope I will experience more fun in listening through vinyl, *or* I ditch the vinyl collecting hobby and switch to cd's. Mainly because collecting cd's is a lot cheaper and could, I think, still scratch that collector's itch while having higher sound quality.

I do really like how a record has the complete package though; big cover, posters inside, inner sleeves, lyric sheets, you name it. I feel like CD's have less of this and might feel less special. Then again with cd's you can create a 'bigger' collection of music for way less money, and they don't require that immense care a vinyl record does, which admittedly feels like a hassle sometimes.

Anyone else in here that faced the same problem and has some insightful thoughts on this? I feel kind of in between right now because it feels like a waste if I sell all my records now and start a cd collection",22
1k5ukxm,"Is drumming in music a necessary need, or just what is considered normal?",luisVilbro,1745399107.0,0,https://www.reddit.com/r/LetsTalkMusic/comments/1k5ukxm/is_drumming_in_music_a_necessary_need_or_just/,"Don't you feel like drums or percussion in general are often used in excess? Making music myself, I rarely find moments where drums are required, and often times I've had them because ""that's what's normal,"" whatever. 

I don't make ambient music, I make more of a mixture of genres, and even though (for me), I use drums in sections that need more impact or energy only, like in what orchestras would do with timpani. Am I crazy?

I know a lot of genres like EDM and electronic drums are like the main thing, but what about other genres? Here in Portugal, we have a music genre called ""Fado"", and it's mostly classic guitars and a vocalist, no need for drumming. That's just an example.",39
1k5k0n6,"I was reminded of the Satan song Twenty Twenty Five today and the lyric ""holy men and kings would die, In the year Twenty Twenty Five""",Martipar,1745362301.0,4,https://www.reddit.com/r/LetsTalkMusic/comments/1k5k0n6/i_was_reminded_of_the_satan_song_twenty_twenty/,"Considering the Pope is both I figured it was quite prophetic, what other songs about certain dates or events managed to come true? I'm not talking vague Nostradamus style ""In the future people will wear blue"" but something more solid like the above example, something that makes you go ""huh, what a strange coincidence, there's no way they could've known for sure."" 

I would love to hear examples, the more prescient the better. ",11
1k5jik5,I am so fucking tired of classic rock,debbieyumyum1965,1745360927.0,1565,https://www.reddit.com/r/LetsTalkMusic/comments/1k5jik5/i_am_so_fucking_tired_of_classic_rock/,"My band is playing a show at a cook-out in July. It's a stupid fit for us, but I guess a gig is a gig (atleast according to our bassist, who's older coworker suggested we come and play it). Of course our music is far too discordant to jive with what will almost assuredly be a group of drunk 50-60 year olds who insist that music hasn't been worth listening to since 1985, so we've been asked to learn from a list of covers that have been handed to us and keep the originals to a minimum.

I take a look at the list and instantly I've lost any interest in doing this shit, because of course it's all shit from the 70's and 80's, and not the deepcuts but the usual staples (War pigs, Layla, Whole lotta love, Welcome to the jungle, you get the gist). It's not that I'm above this kind of music, I still listen to the occasional Sabbath or Zeppelin song, but it's always the same fucking shit at these events. I know we'll get up there and play them and when we get off there will always be some drunk uncle telling us ""man you guys are cool for your age! You like the good shit!"" even though we are all in our 30s and none of us have cared for any of this shit since we were in grade school. 

It's gotten to the point in my life were I will actively avoid talking about playing in a band with older family members and friends, because the minute they know I play guitar they start talking about Slash, or Clapton or Steve Vai or an assortment of other guitarists and musicians who I haven't cared about since I was 13 and I have to feign interest in how ""they played with soul"" and how ""they revolutionized music"" and I just want to die a thousand deaths or live in a universe where the only music that plays on the radio is polka and swing. Of course I don't tell them that I absolutely fucking despise talking about this shit for the millionth time, because I'm not going to ruin their buzz shitting on stuff they love, but fuck do I feel like I could write a 100,000 word essay on how much I've come to despise ""the greats"". 

I won't diminish the influence the 70's and 80's had on popular music, some of my favourite bands were inspired by that generation. Classic rock is a great stepping stone into popular music at large, but the general audience has been stuck on wanting it to make a comeback for like 30 years now and it's not going to happen. Get over it. Listen to something new. 

To me that generation has become a cohort of tired old dinosaurs who insist on being the greatest generation of music despite not putting out anything worth listening to in over 35 years and still going despite not being able to bring a fraction of energy to their shows or albums that made them worth following in the first place. They continue to linger and suck up all the air in the room on their 100th reunion tour while everyone worth listening to is fucking broke. 

I'm sorry if this is a particularly bitter and ranty post, in some ways I feel like an old man yelling at an old man yelling at a cloud. At the end of the day, I'm not so sure if it's the music I dislike or just the general culture that has formed around it, or maybe a bit of both. 

Edit: I should have clarified I didn't want to do this show, but I was overruled in a vote of 3 to 1

Edit 2: I like the more underground stuff from the above stated time period. As someone else stated I should have clarified that in talking more about radio rock.

Edit 3: We aren't a cover band, we do originals. The caveat that this gig would be mostly covers wasn't revealed to me until after it had been accepted. ",893
1k58pn2,Old Recordings Under Threat,wahwahwaaaaaah,1745334654.0,83,https://www.reddit.com/r/LetsTalkMusic/comments/1k58pn2/old_recordings_under_threat/,"I collect records, and have a small collection of 78s (Old records made of shellac that contain some of the oldest recordings available). Currently, there's a push by record companies to sue the internet archives to remove the archive's collection of 78 recordings, even though a huge amount of them are in the public domain, having reached the end of their copyright. The internet archive is such an important tool for the recording of our memories of history, which allows public access to these recordings for our benefit. What are your thoughts on the  preservation and cataloging of recordings and music, especially by way of the internet archives? 

Also, here is the link to the change.org petition to stop the lawsuit https://chng.it/HKZbkCHTvh
",17
1k57cbf,Album 1 of 75: The Replacements- Let It Be,StrykerTiger77,1745331217.0,66,https://www.reddit.com/r/LetsTalkMusic/comments/1k57cbf/album_1_of_75_the_replacements_let_it_be/,"Last week I asked you all for album recommendations to broaden my musical horizons. This is the first album I have listened to and these are my thoughts on it. I encourage you all to listen to it too and let me know what you liked and disliked!!

I will dare: 
kind of gives a Lindsey buckingham “holiday road” vibe. I like the lyrics and how easy they get stuck in your head. Simple but melodically sound structure. I like the guitar solo not being overly complex, but just light and fun. 

Favorite thing:
Much more “Punk” than the first track. Love the harmonies in the voices for the chorus. The driving beat on the drums make it a very pumped up song!

We’re comin’ out:
Definitely an anthem I can see teens banging heads to 40 years ago. Great instrumentation, keeping that upbeat feeling, then a fantastic transition into a slow snapping section. I didn’t love it at first as it’s a very aggressive but it’s growing on me. 

Tommy gets his tonsils out:
Very fun song, kind of gives me a “they might be giants” feeling if they rocked a little harder. Silly overall

Androgynous:
Love this one!! A great song melodically, I love the soft percussion with the piano and the quiet vocals behind the lead singer. A mix up from the first songs on the album, it’s a great song for a rainy day. “He might be a father, but he sure ain’t a dad” Brilliantly poetic

Black diamond:
Great classic rock banger. Get hints of Bon Jovi’s “runaway” in this song. The drums are jamming the entire song along with some sick guitar solos. 

Unsatisfied:
I like the doubled acoustic guitar intro into a strong backbeat verse one. Strong vocals with a heartbreaking message. “Look me in the eye and tell me that I’m satisfied” is such a powerful line. 

Seen your video:
Catchy drum and guitar intro that is very 80s. A mostly non lyrical jam that feels like it’s speaking to you. Great high hat slow down that turns into a driving bass and piano section. 

Gary’s got a boner: 
Definitely the weirdest song on the album if that wasn’t obvious by the title. The lyrics definitely do not work in today’s day and age and even the instrumentation feels a bit sloppy and all over the place. 

Sixteen blues:
Definitely encapsulates the feeling of being 16, everything moves too slow, you’re trying to act like you’re more than you are and you feel like no one understands you. Confused sexually and emotionally. As to the music it’s got fantastic lyrics that fit right into the grove of the subtly beautiful bass line. 

Answering machine:
A brilliant tie up to the album. Starting out with just lyrics and guitar. “How do you say goodnight to the answering machine?” Followed by the answering machine voice, going into a beautiful staccato guitar breakdown with shaker in the background. The repetition in the answering machine saying “if you need help” is tragically beautiful. 

Overall I really liked my listen though of this album and it definitely has some songs I’ll be putting on repeat. My favorite of the album was definitely “androgynous” followed closely by “I will dare”
I would give this album an 8/10",27
1k4fo3n,"What Have You Been Listening To? - Week of April 21, 2025",AutoModerator,1745247655.0,9,https://www.reddit.com/r/LetsTalkMusic/comments/1k4fo3n/what_have_you_been_listening_to_week_of_april_21/,"Each week a WHYBLT? thread will be posted, where we can talk about what music we’ve been listening to. The recommended format is as follows.

Band/Album Name: A description of the band/album and what you find enjoyable/interesting/terrible/whatever about them/it. Try to really show what they’re about, what their sound is like, what artists they are influenced by/have influenced or some other means of describing their music.

[Artist Name – Song Name](www.youtube.com/watch?v=PxLB70G-tRY) If you’d like to give a short description of the song then feel free

PLEASE INCLUDE YOUTUBE, SOUNDCLOUD, SPOTIFY, ETC LINKS! Recommendations for similar artists are preferable too.

This thread is meant to encourage sharing of music and promote discussion about artists. Any post that just puts up a youtube link or says “I've been listening to Radiohead; they are my favorite band.” will be removed. Make an effort to really talk about what you’ve been listening to. Self-promotion is also not allowed.",12
1k450qo,"An Analysis Demonstrating Why Kendrick Lamar ""AIN'T SHIT"" As A Lyricist",Agitated-Victory-971,1745209478.0,0,https://www.reddit.com/r/LetsTalkMusic/comments/1k450qo/an_analysis_demonstrating_why_kendrick_lamar_aint/,"Lyricism in hip hop is about an artist's ability to craft clever lines, deploy complex rhyme schemes and manipulate language on many levels. A TRULY top tier lyricist is someone who has mastered SEVEN key elements of lyricism. Punchlines, Multisyllable Rhymes, Flow & Delivery, Setups, Wordplay, Schemes and Storytelling. In this essay, I will demonstrate why Kendrick Lamar, despite being hailed as the greatest lyricist of our generation, has **never** shown any exceptional lyrical ability. Prepare to have your assumptions challenged.

**1. Punchlines**

A punchline is the final line that resolves a preceding setup with a clever twist or play on words (using metaphors, similes, idioms, or common phrases) to reveal layered meaning. For example (Eminem on 'Like My Shit'):

""If rap was *liquor* this song has it / So if you don't wanna get *wasted* these ain't the kinda *bars* that you wanna take *shots* at then /""

Explanation:

wasted - extremely drunk / ""off-ed"", bars - places to drink liquor / rap lines, shots - shots of liquor / verbal attacks or disses

Kendrick Lamar offers no equivalent haymakers. **People are welcome to try to prove me wrong.**

**2. Multisyllable Rhymes (Multies)**

Multies are self-explanatory. When a rapper rhymes more than one syllable of a phrase, we call this multisyllable rhyming. It is more difficult to execute than unisyllable(one syllable) rhyming. Obviously, the more syllables a rapper can rhyme, the better they are as a lyricist. For example:

""Tomahawk"" / ""On the spot"" are multies

Kendrick's rhyme schemes tend toward unisyllable end rhymes. And often, those very same, simple rhymes are forced, heavily slanted and inconsistent.

**3. Flow**

The rhythmic cadence and timing with which lyrics are delivered over a beat. Kendrick handles flow competently, as showcased on songs such as ""Black Friday"" and ""Alright"" (can't think of alot off the top of my head). This is fine.

**4. Setups**

Crafting the narrative that primes the listener for a punchline. Great setups enhance the impact of the punchline by subverting the listener's expectations. Kendrick's verses often lack punchlines TO set up, however, on the rare occassion he does deliver them, they often lack a proper set up and end up falling flat. For example (Kendrick on America Has A Problem Remix):

""[Truthfully, I be lyin' in my rap song](https://genius.com/28583000/Beyonce-america-has-a-problem-remix/Truthfully-i-be-lyin-in-my-rap-song-cause-i-always-fail-to-mention-id-slap-homie-his-career-didnt-come-with-no-life-insurance-hope-his-day-one-fans-got-some-facts-on-him)  
I'm an honorary Beyhive, let's see why  
Them diamonds don't be fly, they all CGI  
[You better *get it off your chest* like *breast reduction*](https://genius.com/30460227/Beyonce-america-has-a-problem-remix/You-better-get-it-off-your-chest-like-breast-reduction)""

**5. Wordplay**

Clever manipulation of homonyms, puns, oronyms, homophones and semantic overlaps to layer meanings within a single line. For example (from Eminem):

\- ""F\*ck it I'm the male(*mail*), let her(*letter*) come to me""

\-""It's 'cause I'm *alien* that's why I write till the page is outta space(*outer space*)""

\-""You've been a *gold digger* since you was a minor(*miner*)""

\-""Wait! He didn't just spell the word rapper and leave out a p, did he? (*P Diddy*)

Kendrick's closest attempt is on ""Euphoria"", Parkinson/Park his son, but it fell flat. It wasn't clever, the play was forced and the execution was shoddy.

**6. Schemes (Different from rhyme schemes)**

A scheme is a series of interconnected lines throughout a verse or portion of a verse. For example (Eminem mini-scheme on Stepping Stone):

""You can already sense the *climate* starting to shift / To these kids you no longer exist / Went from *raining cats and dogs* in this b\*tch, / to *tiny drops full of drips* / And by the time your reign(*rain*) is over, you'll hardly be missed(*mist*) /""

**7. Storytelling**

The capacity to narrate vivid, emotionally resonant and interesting stories using rap lyrics. This is Kendrick's strongest suit. ""Sing About Me - I'm Dying Of Thirst"" weaves confessional and redemption arcs over two verses, and demonstrates Kendrick's genuinely decent narrative skill. Yet even here, he trades every other technical aspect of lyricism for thematic unity.

To be considered a **top tier lyricist**, a rapper must be able to use all seven elements at an advanced level, **simultaneously!** Eminem, King Los, (recently) J Cole and other elite artists juggle well crafted setups, that lead to haymaker punchlines, or ingenious wordplay, labyrinthine multies, complex schemes and evocative storytelling... all in the span of a single verse!!!

Kendrick Lamar, for all his cultural impact and popularity, simply does not meet this criteria. If you disagree, name **one, ONE line** where Kendrick delivers a haymaker while following a multisyllable scheme? Cole can do it. Em can do it. Los can do it.

**Open your** **eyes and minds!**",19
1k419sy,Hip Hop is Not Exlcusively Rap,me_bruv,1745197193.0,29,https://www.reddit.com/r/LetsTalkMusic/comments/1k419sy/hip_hop_is_not_exlcusively_rap/,"I believe that many people have the misconception that all hip hop music must solely focus and rapping, and I believe that is simply an incorrect perspective. There are many songs and albums that fall distinctly within the hip hop while blending with other genres. 

Here is a list of examples of some albums that fall within hip hop but have little focus on rapping:

Miseducation of Lauryn Hill - Lauryn Hill
Igor - Tyler, the creator
""Awaken, My Love!"" - Childish Gambino
Man On The Moon - Kid Cudi
Donuts - J Dilla

What do you all think about this? 
",71
1k3yypt,Thoughts on PinkPantheress?,Specialist_Proof1302,1745190155.0,26,https://www.reddit.com/r/LetsTalkMusic/comments/1k3yypt/thoughts_on_pinkpantheress/,"I’ve been listening to PinkPantheress for a while now and I find her music much less “generic” than stuff we hear nowadays. Her singing voice is really mellow and airy + her music doesn’t always stick to just one same sound at all times but instead uses other sounds and samples from recognizable songs (Like Linkin Park’s “Forgotten” in Last Valentines.)

The only thing I find a little bit saddening is the amount of unreleased tracks, my favorite being “Want It Too”. I do notice some of her newer songs are sometimes neater versions of the older songs. 

On top of that, it’s hard to know when she’ll release a new track in the middle of the day but that is the fun part about listening to her. It’s sad to know that people use the fact that she was more popularized on TikTok but that’s sort of the best way of sharing new music nowadays.",13
1k3r2k5,What happened to white boy reggae?,spicoli420,1745168302.0,186,https://www.reddit.com/r/LetsTalkMusic/comments/1k3r2k5/what_happened_to_white_boy_reggae/,"As someone who grew up near the beach, white boy reggae felt inescapable. There were the progenitors of this sound in the 90s like sublime and then various ska bands (and the OG white boy reggae band, the police), but I feel like this really exploded in the 2000s. Bands like soja, rebelution, the expendables, passafire, iration and even slightly stoopid with their later output and many more felt like they were everywhere for a bit. In beach bars, on warped tour.

You can still hear this music at the beach and there’s a decently sized fest that happens in Florida with all the big names, but I’m talking about newer bands. I’m probably way out of touch since I don’t listen to this music at all other than when I’m feeling nostalgic, but there feels like there’s a lack of newer bands hitting that level of popularity nowadays.

Is it a faux pas nowadays to make white boy reggae because of being labeled “cringe”? Is the market for it just not there anymore?

Growing up for me, it was a 50/50 shot that at parties you either heard reggae or top 40 rap playing on the aux. We put it on when we smoked or went to the beach. It was all the ~cool~ kids listened to. The pinnacle of this was everyone worshipping this kid at my high school who started a band that only had moderate local success. 

I saw a bunch of these bands live and the shows were always great and much better performance and sound wise than a lot of other scenes around that time (probably due to the music being laid back and simpler, unless you had the worlds worst sound guy it’d be hard to fuck up that mix). Dare I say they were super fun. When I got to college in the 2010s it seemed like this music fell off a cliff. Saw a couple bands here and there come through town but it wasn’t like before.

As a much bigger fan of ~real~, classic reggae, dub and dancehall, yes it always felt a little corny that sometimes 5 white dudes with dreads from San Diego or even slightly more egregious, some buttfuck nowhere town in the Midwest or some shit were making reggae about smoking weed and going to the beach and other mundane topics. Maybe they even had slight Jamaican/patois accents and affectations in their singing. It felt like this was never called out as “problematic” or appropriation or anything though, I mean these bands were everywhere and there were tons of them so it at least had the appearance of being culturally acceptable.

Did this corniness become socially unacceptable in our modern “cringe” reactionary culture where kids hide behind 10 layers of irony as some kind of weird defense mechanism to any perceived criticism? Why aren’t there any people doing it “ironically” then? What happened to trustafarians? Do these bands just not happen anymore?

I mean for me personally, a lot of it does seem super corny to me now, and it kinda always did anyways but there’s still some nostalgia factor for it to me, because when I hear some of those songs, I’m transported to being in car blazed out of my mind heading to the beach as a kid. 



",181
1k3ivrm,Are music streaming algorithms still helping us discover — or just reinforcing what we already,Eric4905,1745141581.0,23,https://www.reddit.com/r/LetsTalkMusic/comments/1k3ivrm/are_music_streaming_algorithms_still_helping_us/,"With so many streaming platforms offering algorithm-driven recommendations (Spotify's Discover Weekly, Apple Music's Listen Now, Tidal's My Mix, etc.), I've been wondering:

**Do these systems actually lead us to new musical territory — or are they just echo chambers, feeding us more of the same?**

Personally, I’ve tried several platforms, and while some playlists are impressively tailored, I sometimes feel like I’m stuck in a feedback loop. The genres, moods, and even artists often repeat — even though I'm actively seeking novelty.

I'd love to hear from others:

* Which service(s) have actually surprised you with new discoveries?
* Do you feel the recommendations broaden your taste — or just deepen your existing bubble?
* Any platform that stands out (positively or negatively) in how it handles algorithmic curation?

Let’s talk: is algorithmic discovery still serving curious listeners, or are we being gently boxed in?",25
1k31kwo,"This is wild... I've never realized that ""Tomorrow Never Knows"" - The Beatles and ""Good Vibrations"" - The Beach Boys were released two months apart in 1966.",gruesomesonofabitch,1745083768.0,57,https://www.reddit.com/r/LetsTalkMusic/comments/1k31kwo/this_is_wild_ive_never_realized_that_tomorrow/,"""Tomorrow Never Knows"" dropped in August and ""Good Vibrations"" in October (it was initially released as a single before The Beach Boys put it on Smiley Smile nearly a year later). Both of those tracks are extremely ahead of their time in regards to engineering technique. I can only imagine what it was like hearing them at the time and how even more impactful they'd have been on me if I were born in 1947 vs 1987.",21
1k2uq0h,What proportion of all the music that's out there do you like?,321,1745064264.0,1,https://www.reddit.com/r/LetsTalkMusic/comments/1k2uq0h/what_proportion_of_all_the_music_thats_out_there/,"Imagine your consciousness was uploaded onto a supercomputer so powerful that you could listen to every track ever recorded, enough times to give it an accurate rating. You can rate them however you like but let's say for example the ratings were Brilliant, Good, Boring and Terrible. How would that break down for you?

I feel like I would put a really small proportion into the Brilliant category. Probably a tenth or even a hundredth of one percent. Maybe slightly more into the Good category, but the majority would fall into Boring and maybe Terrible. (To head off accusations that I'm being elitist or trying to be cool, I'll happily admit to liking lots of uncool music, such as Brotherhood of Man, Herb Alpert, Andy Williams, etc.)

Anything can put me off a track. It might be that I don't like the singer's voice, or the melody, or the sound of certain instruments, or some other element. And I couldn't necessarily explain why I didn't like any of these things. But then when I hear a song that I do like, it can seem almost miraculously good, and it blows my mind that the artist could make every element of the song so perfectly suited to my taste. But I might not like any other song by that artist.

I'm not saying it's good that I'm like this. Life would be more enjoyable if I liked a broader range of music. I do like a broad range of genres, but within each genre I only like a proportion.

I'm interested to hear other people's experiences. Do you like most music? Is there something in every song that you can get into, and enjoy? Do you even like everything in certain genres? Or are you bizarrely hyper-specific like me?",32
1k2p0j1,What happened to Grass Widow?,Evening-North2119,1745040334.0,6,https://www.reddit.com/r/LetsTalkMusic/comments/1k2p0j1/what_happened_to_grass_widow/,"https://youtu.be/v_h6M0pE-9M?si=tr_VAa8ilZ-Vb9S4
Internal Logic is an all summer album for me start to finish for over a decade. Does anybody remember how awesome this record is or have any info on possible reunion shows?  I hope that they make another one because nothing else does it. The songs are too good. Advice is probably my favorite. These are classic rock and roll songs. When is everyone else going to realize it?!",4
1k2cud4,Interested in the Phil Spector/Ronnie Spector story. Anyone read her book?,Molybecks,1745003068.0,8,https://www.reddit.com/r/LetsTalkMusic/comments/1k2cud4/interested_in_the_phil_spectorronnie_spector/,"With it being announced that a biopic about Ronnie Spector is coming at some point in the future, I have been ready bits about her ordeal at the hands of Phil Spector. 

What I’m intrigued to know, was the California mansion where he later shot and killed Lana Clarkson the same mansion Ronnie escaped from? I believe it is called Pyrenees Castle. It sounds like a house of horrors!

I need to read the book. I will see if it’s on audible too!",3
1k1u68s,"why don't more deserving artists ""make it""?",migrantgrower,1744942866.0,0,https://www.reddit.com/r/LetsTalkMusic/comments/1k1u68s/why_dont_more_deserving_artists_make_it/,"back in the 2000's and 2010's, i was very much into the indie music scene- i guess i still am, but keep tabs less on new artists- and it seemed like for a moment we were living in a hopeful epoch for such music, with a few such acts garnering relatively widespread acclaim & appeal, but even then, never managing to eclipse the spotlight of the top-40 acts. 

recently i've revisited some of those old favourite acts, as well as gotten into some more recent ones, and with how great the music is, it got me to wondering why more deserving artists like these don't ever really ""make it""- the music is fantastic and often very interesting, lyrics generally very real, great grooves and voices, and so on; it just all feels/sounds a lot more real/organic to the top-40 stuff, which absolutely has its place as well and i respect the producers at the top for sure. but sometimes that music (top-40) sounds tailor-made for people who don't actually care about music and just want cheap thrills they can bop to. 

it's staggering, the amount of profoundly talented artists out there who gave their all to their music, for us to enjoy, yet never see a modicum of the riches that those major record label products at the table do. 

i'm just curious as to the factors that go into this. ",22
1k1tnt7,Does anyone have this ability?,Comprehensive_Cow411,1744941202.0,0,https://www.reddit.com/r/LetsTalkMusic/comments/1k1tnt7/does_anyone_have_this_ability/,"I can listen to music, and create a vivid cartoon to create a story out of it. “Miss you” by The Rolling Stones, the instrumental of Eleanor Rigby, let em in by Paul McCartney, dust in the wind by Kansas, etc . It’s easy for me to just visualize a story and I can clearly see it In my head. It’s easy for me to see a music line in my head, see what notes I need to play. 
Does anyone do this? For Eleanor rigby, my mind created a visual of a rabbit running, it’s a rabbit running from a hunter, its set in England, i can see the hunter smiling with a crooked smile, a green plaid shirt on, the plaid shirt doesn’t move the background. I have so many more details and so many more cartoons. 

It’s so vivid and clear and I can do this with so many songs. Does anyone else have this ability to vividly create dialogue and cartoons and “see” the song in their head? ",18
1k1o0or,Musical Talent Overrated?,AlienSees,1744924707.0,0,https://www.reddit.com/r/LetsTalkMusic/comments/1k1o0or/musical_talent_overrated/,"Is musical talent overrated in the age of production and branding? Can an artist with mediocre skills but great marketing outshine true musician? In today’s music industry, is raw musical talent becoming less important than branding and production quality?
It feels like we’re in an era where someone with average vocal or instrumental skills can blow up simply because they have a strong aesthetic, clever marketing, or access to top-tier producers. Meanwhile, incredibly talented musicians often stay buried in obscurity because they lack the image or social media presence.

Has the value of true musicians been overshadowed by algorithms, trends, and branding strategies? Or is this just a natural evolution of what it means to be a successful artist today?",7
1k1fipn,Anybody Miss the Band 3 Doors Down?,Lovingthelake,1744903504.0,0,https://www.reddit.com/r/LetsTalkMusic/comments/1k1fipn/anybody_miss_the_band_3_doors_down/,"I heard that one of the band members had passed away and that another had a drug problem that he needed to get help and get control of. 

When I’m having trouble getting my butt off of the couch and get moving with the day’s responsibilities, I go to YouTube on my TV and play their song “Duck and Run” and it gets me moving. 

The lead singer has a good voice. It just seems like a shame not to inspire others with it. 

Anybody hear anything about the band and whether there is a possibility they might try to get the band together again? ",43
1k1exhb,"General Discussion, Suggestion, & List Thread - Week of April 17, 2025",AutoModerator,1744902030.0,9,https://www.reddit.com/r/LetsTalkMusic/comments/1k1exhb/general_discussion_suggestion_list_thread_week_of/,"Talk about whatever you want here, music related or not! Go ahead and ask for recommendations, make personal list (AOTY, Best [X] Albums of All Time, etc.)

Most of the usual subreddit rules for comments won't be enforced here, apart from two: No self-promotion and Don't be a dick.",14
1k0vjye,"""Just Like Romeo And Juliet"" and the ends of doo-wop",waxmuseums,1744837790.0,22,https://www.reddit.com/r/LetsTalkMusic/comments/1k0vjye/just_like_romeo_and_juliet_and_the_ends_of_doowop/,"I was talking about the song “[Just Like Romeo And Juliet](https://youtu.be/ycCZX-olchU?si=cG9CnsdbO7BIrPJs)” at work recently and went down a Reflections rabbit hole. Among one-hit-wonders, they must rank highly in the category of most cynically contrived follow-up singles with “[Just Like Columbus Did](https://youtu.be/siQ1R1V_mzY?si=LAnSxjE2VYosMwtu),” though it did at least crack the hot 100 at 96. Still, it’s a fun enough set of tunes – “[(I’m Just) a Henpecked Guy](https://youtu.be/glF4mlKgUPc?si=rMvGS9o3YtL3Iafm)” is particularly breath-taking. But anyways, what was interesting to me was that [the Wikipedia article for “…Romeo…” ](https://en.wikipedia.org/wiki/(Just_Like)_Romeo_and_Juliet)claims it is “widely regarded to be among the final doo-wop singles to chart on the Billboard Hot 100 during the British Invasion era” (and the citation is a dead link.)

 

A basic outline of doo-wop history – kvetch about the details as long as it’s interesting and concrete – is that it was a post-war development in America, (for its date of origin as a distinct style I’ve seen variously 1951-1953;) arguably IMO the aesthetics of the genre as a recorded form reach their zenith around 1957-1959, which is where you find a lot of its most lauded singles; and it ceased to produce hits over the course of 1963. The final Billboard Hot 100 number one doo-wop hit, Huey Lewis notwithstanding, was “[Walk Like A Man](https://youtu.be/rj9m98GmTnY?si=tTDuoWuOcEQVuSon)” by the 4 Seasons in March of 1963… I’ve seen “[Denise](https://youtu.be/K7Xy8XLKwec?si=ONNBdkJzHetj1Fdc)” described as maybe the last major hit in Summer of 1963 – at that point, doo-wop’s presence on the charts was rapidly declining and as a style, had become diluted and obsolete. And past that, doo-wop as a genre ceased to exist as a contemporary form, though it has been revived many times as a symbol of some sort of mythic “pre-rock” time.

 

“Just Like Romeo And Juliet” entered the Hot 100 April 11, 1964. Is it doo-wop? Doo-wop’s legacy is so interesting to me – elements of it were clearly absorbed into other forms of popular music – the harmonies for instance are clearly in the DNA of subsequent pop, and various proto-punks have claimed it as a formative influence. But for whatever its influence was, it seems like, whatever it is that essentially made doo-wop what it is, died off? It became something like a Homo Erectus in the taxonomy of pop music. Yet it also remained a spectre in the collective imagination. One that we may revive, but that we have never really adapted as a contemporary thing?

 

Stylistically, I’d personally say “Romeo” is close enough to be part of the canon. Stylistic genres and trends stretch over their lifespans. Comparing The Reflections to The Flamingos or The Platters is like comparing Winger or Slaughter to Ratt or Hanoi Rocks – both doo-wop and hair metal were basically dead by the time these latter acts came around, but had been thoroughly formalized. “Romeo” lacks the haunting, gauzy, Lynchian beauty and spacy, noisy minimalism of the best doo-wop recordings, and it also can’t match the raw excitement of the original stuff from the earlier days… in fact personally I can’t help mixing it with “Sugar Shack” in my mind’s ear… but still it’s really a strong tune and it’s got the essential elements of the genre musically, as per the authors of “Doo-Wop, the Forgotten Third of Rock 'n' Roll”: The vocal arrangements are in a wide doo-wop range, it’s got nonsense syllables, there’s handclap-snappy percussion and arguably low-key arrangement, and the lyrics are classic “Get A Job” kinda stuff.

 

* So how do you mark the end of doo-wop? How do you mark the end of any genre?
* Where do you identify doo-wop in the DNA of subsequent pop/rock/R&B/AC/etc music forms?
* What about the vocal arrangements? Is the strong falsetto the key? Would it make Boyz II Men or some boy band sound just silly to add a falsetto to the vocals?",6
1k0ixr5,Looking back at music history: the raunchy/spicy New Wave of German music 1977 - 1983,Low-Entropy,1744805737.0,9,https://www.reddit.com/r/LetsTalkMusic/comments/1k0ixr5/looking_back_at_music_history_the_raunchyspicy/,"*\[Warning: mature themes throughout the text\]*  
  
When people think about the New Wave era, the eye usually wanders towards the UK and, to a lesser degree, Northern America.  
Rightfully so, because both countries had the most important and best known output regarding this music (Just think about Visage, The Human League, Blondie, Talking Heads...)  
Germany is mostly off the radar, and again, rightfully so.  
  
The new wave of signals were heard in Germany, yes, and it led to a huge wave of new music on its own, yes, that dominated the German and sometimes worldwide charts (Major Tom, Der Kommissar\[1\], 99 Red Balloons...), but... there is a big \*but\* here.  
Because somehow the signals must have been splintered or fractured, as there was a strange, surreal mutation in sounds.  
Or to describe it in more ""sober"" words: the influence of british new wave music gave rise to the so called ""Neue Deutsche Welle"" - 'German new wave' - \*but\* it sounded quite different to its British counterpart.  
Much more so than, say, Belgian Techno did sound different from French Techno.  
In fact, many ""Neue Deutsche Welle"" songs (I will call it ""NDW"" from now on) would not fit to the ""New Wave"" term, and vice versa.  
  
Now that this intro is over, let's cut to the point.  
  
The NDW scene had a huge and varied output that is of increased interest to international (and German) collectors and music fans in general.  
There are a lot of gems, oddities, rarities and obscurities to be found; and this time, we will look at NSFW NDW songs.  
  
These songs are of highly cultural (and maybe even sociological and political) interest, as they came into existence when various, sometimes completely opposed societal groups collided in the NDW scene, trend, and market.  
""Raunchy"" or ""offensive"" songs were, for example, done by ex-punk bands that tried to create an outrage, middle aged business men that wanted to generate easy money (by creating an outrage, too), feminist bands trying to stir up the male-centered cultural discourse, art projects that sought an outlet for highly intellectual, academicized, post-modern and post-cultural views on sex and nudity (and also wanted to create an outrage).  
  
so, essentially, you had everything, from drunk gutter punks (of all genders) yelling particularly vulgar and obscene words for perfectly natural human body parts and activities, to chic, upper crust and high brow art school type people yelling particularly vulgar and obscene words for perfectly natural human body parts and activities.  
  
The common thread behind all this indeed seems to have been the desire to create an outrage - and maybe to have some fun (and make easy money).  
  
Did they succeed? Well, yes and no. The raunchy hits rarely became \*official\* hits, but, as expected, a lot of them spread in the underground and subcultures.  
  
How did the public react? Nudity and other topics that were considered to be ""no-no"" in countries like the USA shocked Europeans and Germans to a much lesser degree. And playing the ""art card"" (which most bands could credibly do) usually meant that you could do whatever you want in Europe.  
So, yes, there was some scandal and debates, but on a much smaller scale than one might expect when looking back at this.  
  
The NDW unexpectedly faltered some time after 1983. ""Over-saturation"" of markets and ""over-stupefaction"" of songs is often cited as the reason.  
So, this part of ""raunchy"" German music history ceased to exist, too.  
  
And then, less than a decade later, the German Techno scene came around, and with it subcultures that were much more ""risqué"", but that's a wholly different matter.  
  
*Footnotes: \[1\] The media and most people refer usually refer to all songs of this movement as NDW or ""Neue Deutsche Welle"", even though a lot of it is actually of Austrian, Swiss, and other origin.*  
  
**Examples of raunchy NDW / German new wave songs.**  
  
Note: don't expect driving disco music with luscious voices. The music is really like I described it above; somewhere between cringe and art, surrealism and synthesizers. I guess some of it won't be a ""turn on"", especially if you look back with today's eyes. Unless you are a drunk punk or art nerd, maybe.  
  
Note 2: If you ain't fluent in German language, I suggest you get a dictionary and look up the song lyrics.  
Because otherwise you might be entirely missing the point.  
  
The Pinups - New Wave Lover (1980) [https://www.youtube.com/watch?v=EEQjpd8GgjY](https://www.youtube.com/watch?v=EEQjpd8GgjY)  
  
Zaza - Zauberstab (1982) [https://www.youtube.com/watch?v=VmGaJ-6o3MI](https://www.youtube.com/watch?v=VmGaJ-6o3MI)  
*guy sings about his ""magic wand""*  
  
Die Chefs - Oberficker [https://www.youtube.com/watch?v=KkYlDK0eWcI](https://www.youtube.com/watch?v=KkYlDK0eWcI)  
  
Spider Murphy Gang - Skandal Im Sperrbezirk [https://www.youtube.com/watch?v=oESfa8jt0p8](https://www.youtube.com/watch?v=oESfa8jt0p8)  
*about people allegedly having to resort to specialty telephone operators due to a ban of sex work in Munich.*  
  
Hans-a-Plast - Sex Sex Sex [https://www.youtube.com/watch?v=ICNTwrj\_nzc](https://www.youtube.com/watch?v=ICNTwrj_nzc)  
  
Extrabreit - Annemarie [https://www.youtube.com/watch?v=sRDW1JwjL\_g](https://www.youtube.com/watch?v=sRDW1JwjL_g)  
*the singer wants to have sex with Annemarie (also slight allusions towards BDSM and fetishism)*  
  
Trio - Anna [https://www.youtube.com/watch?v=Z8H0EUIq6Fs](https://www.youtube.com/watch?v=Z8H0EUIq6Fs)  
*the singer asks Anna to let him ""in and out"".*  
  
Falco - Der Kommissar [https://www.youtube.com/watch?v=AtxkmrXfgTM](https://www.youtube.com/watch?v=AtxkmrXfgTM)  
*sex drugs and rocknroll in the underground night life, basically - while paying attention to not get busted by the cops*  
  
Kiz - Die Sennerin vom Königsee (1982) [https://www.youtube.com/watch?v=AtxkmrXfgTM](https://www.youtube.com/watch?v=AtxkmrXfgTM)  
*young men from all over the nation visit a Bavarian dairymaid in order to ""yodel"" with her.*  
  
Bärchen und die Milchbubis - Schweinekram [https://www.youtube.com/watch?v=SZS5qKZO3Fo](https://www.youtube.com/watch?v=SZS5qKZO3Fo)  
*""Bärchen"" can't stop thinking about sex*

Hans-a-Plast - Lederhosentyp [https://www.youtube.com/watch?v=rGfUTsaglc8](https://www.youtube.com/watch?v=rGfUTsaglc8)  
*about wanting to have sex with guys in lederhosen*

Autofick - The deutsche girls  
[https://www.youtube.com/watch?v=NPGju05kjy0](https://www.youtube.com/watch?v=NPGju05kjy0)  
  
Deutsch Amerikanische Freundschaft - Sex Up [https://www.youtube.com/watch?v=TiA6x4tjDwg](https://www.youtube.com/watch?v=TiA6x4tjDwg)  
  
Ixi - Detlef (1983) [https://www.youtube.com/watch?v=LuvNMBiNnL8](https://www.youtube.com/watch?v=LuvNMBiNnL8)  
*a girl wants to pimp her boyfriend and send him off to work the streets*  
  
Schaltkreis Wassermann - Sex Is Out, Ich Bin Geklont (1981) [https://www.youtube.com/watch?v=DWovS806lyI](https://www.youtube.com/watch?v=DWovS806lyI)  
*about the future of being a sexless clone*  
  
Strassenjungs - Jeder Mensch ist mal alleine (1977) [https://www.youtube.com/watch?v=xe6QUZKmWj8](https://www.youtube.com/watch?v=xe6QUZKmWj8)  
*justification and instructions for solo-sex*",5
1k0erd9,Music as you age.,Imaginary-Gear5375,1744789101.0,97,https://www.reddit.com/r/LetsTalkMusic/comments/1k0erd9/music_as_you_age/,"[EDIT- I haven’t ONLY been interested in rave music - 
I’ve dabbled in playing multiple different instruments throughout my life and from the age of 11-23 I was a big listener of metal/rock/rap but I rarely find myself reaching to listen to those absolute classics - only after my partner and myself have a couple of glasses of wine lol] whereas this used to be something I’ve do EVERYDAY. On the way to work, Music. Shopping, music. Showering, music. Ect ect.]

Does the desire to listen to music naturally lessen as you age? 
I’ve noticed that myself F 27, has almost completely stopped listening to music. 
If I do it’s a short burst of “oh my god I need to listen to that quickly”. 

From the age of 11-26 music was my life, I couldn’t have imagined a day passing by where I didn’t listen to it. 
I was quite into the rave scene in my early 20s until recently so a lot of my music was obviously found during being under the influence but this spurred on my desire it listen to it sober. 

I met my current partner whilst I was in my height of the rave scene then almost immediately fell out of it/doing obscene about of drugs every weekend, and I feel ever since the enjoyment of music just isn’t the same. 
None of it resonates with me anymore, it’s just got nostalgic memories attached to it. 

Is this just a naturally occurring thing as you age and priorities change? ",175
1k0eb1s,Daft Punk - The two Frenchman had god given talent,Legitimate_Win5352,1744787125.0,0,https://www.reddit.com/r/LetsTalkMusic/comments/1k0eb1s/daft_punk_the_two_frenchman_had_god_given_talent/,"TRON: Legacy - The Complete Edition (Original Motion Picture Soundtrack)

ADAGIO FOR TRON

I have yet to hear any other artist/s that can illicit such complex emotions through their music, this is a soundtrack for an action movie, and yet this song and many others like it in the movie, are just a fraction of how absolute peak genius these guys were.

In my mind no other musician/s come close to what these boys created. It has been 8 years of my life I’ve been exploring their discography and I’m amazed anytime I discover something new. 

How did two electronic artists create such absolute masterpieces.",9
1k0dozn,Coachella as the zeitgeist to understand modern music,Bear_necessities96,1744784505.0,141,https://www.reddit.com/r/LetsTalkMusic/comments/1k0dozn/coachella_as_the_zeitgeist_to_understand_modern/,"Last weekend, I spent a good amount of time watching the Coachella livestream—not only catching the most popular acts, but also discovering emerging artists and ones I hadn’t heard of before, like Glass Beams or Soft Play.

Granted, these acts have been around for a few years, but until now, they were new to me—and that’s one of the beautiful things about Coachella: it serves as a window for artists to be discovered by new audiences.

It also helps us understand what’s currently happening in music—what’s popular or trendy among listeners. Even though every act is unique, there are definitely certain patterns they share.

Here are some of the biggest takeaways from this year’s Coachella:

	•	Synths are back—more than ever, synths are front and center in music again. For the past few years, it wasn’t so much synths but rather samples and software dominating the sound. Those are still around, but synths have made a real return.

	•	Punk is having a resurgence—Bob Vylan, Amyl and the Sniffers, and Soft Play all brought raw, grungy, ‘70s punk energy to the stage, and I think we’re here for it.

	•	EDM is more popular than ever—tons of DJs performed, and it’s no secret that some of the best sets of the weekend came from electronic acts.

	•	Urban music seems to be in a bit of a decline—R&B, hip hop, and reggaeton seem to be taking a breather. There were only a few acts representing those genres, and honestly, most didn’t leave a huge impression.

	•	Neo-soul, funk, and psychedelic sounds have taken over the alternative scene—many acts (emerging or not-so-new) leaned into mellow, instrument-driven performances, focusing more on mood and progression than on flashy visuals or hard-hitting lyrics.

	•	Alternative Latin music is rising in popularity—The Marías, Judeline, Rawayana, and even Junior H brought something new to the table. Yes, corridos are massively popular, but Latin pop is evolving from what we knew a few years ago.

	•	Women are carrying the pop scene—Lady Gaga set the bar sky-high as a headliner, and the other two couldn’t quite match it. Still, Charli XCX and Megan Thee Stallion got the crowd wild—even in 90°+ desert heat. That’s something to admire. Benson Boone wasn’t bad at all, but there’s something missing in his performance—it’s not just about random backflips.",154
1k0d4c4,"Himiko Kikuchi's ""A Seagull and Clouds"" (from 1987 jazz fusion album Flying Beagle) directly references Rachmaninoff's 2nd Piano Concerto, but nobody seems to know!",averageteencuber,1744782188.0,4,https://www.reddit.com/r/LetsTalkMusic/comments/1k0d4c4/himiko_kikuchis_a_seagull_and_clouds_from_1987/,"*NOTE: I also posted this under slightly different titles on r/JazzFusion and r/classicalmusic, but I wanted to reach more people so I'm posting here too. I hope that's okay :)* 

Tonight I went to a band concert at my university and one of the pieces played was the first movement of Rachmaninoff's 2nd piano concerto, with the pianist accompanied by our wind ensemble. I'd never heard the piece before, but just a couple minutes into it I heard an unmistakably recognizable chord progression and melody and I immediately began wondering where I'd heard it. I knew it had been in a totally different, way more modern musical context (my first thought was Snarky Puppy's album Sylva, but I was almost certain that wasn't it) and I started searching the internet for answers mid-concert. I checked the [concerto's Wikipedia page](https://en.wikipedia.org/wiki/Piano_Concerto_No._2_(Rachmaninoff)) but the only pieces of music listed under the ""derivative works"" section were a couple Frank Sinatra songs and a 1975 ballad that was based off the wrong movement. I even asked ChatGPT out of desperation, because it was really getting on my nerves that I couldn't figure it out, but it just listed the same things. I decided to give up for now and just enjoyed the rest of the concert, noticing that same recognizable theme another time or two during that movement. After the concert, with my roommate I listened back to a recording about four times struggling to figure out where we recognized it from, before it clicked for me and I pulled up Himiko Kikuchi's A Seagull and Clouds. I didn't even have to play the song before he realized too once I said it, but we nonetheless flipped out when we listened and quickly heard the same progression and melody.

[Here's the recording](https://youtu.be/l4zkc7KEvYM?si=MzjPWoxT4ygUnOzE) of the concerto, accompanied by orchestra, which we listened to in order to figure it out. The recognizable moment comes right after the 2:00 mark, 2:03 to be exact.

[Here's A Seagull and Clouds](https://youtu.be/fDyjYiBqgAA?si=DMFE-dXy2cd0F9Oh), and you can skip to 0:50 for the section that references this theme I recognized from the Rachmaninoff (it can also be heard at 3:20). It's unmistakable—the bass/chord movement is identical and the piano/string melody is very similar, for about 15-20 seconds before A Seagull and Clouds diverges in order to end off the section more logically.

It blows my mind that there doesn't seem to be any documentation of this obvious quote/reference. I always found this section of A Seagull and Clouds to be hauntingly beautiful, and a bit out of place harmonically even among the rich jazz harmonies of the album, but it didn't even cross my mind it could've been because it was derived from a classical work like a Rachmaninoff piano concerto. (Yes, I know Rachmaninoff probably isn't *technically* classical, but I'm not an expert and I don't know what the correct term for the genre and time period is, plus calling it classical gets the point across just fine.)

The only instances I have found of anyone mentioning/recognizing this connection my roommate and I figured out are in [this reply to a comment](https://youtube.com/watch?v=fDyjYiBqgAA&lc=UgytrWtFLimn2zIhkop4AaABAg.9eDH63IBumh9ipJEBsDz03&si=G9TwN5x4XBoS1K2e) on the above linked video of A Seagull and Clouds, as well as a couple other comments [here](https://youtube.com/watch?v=fDyjYiBqgAA&lc=UgzrElqLthllR7mD25R4AaABAg&si=soD3Gas8W3AV75Rq) and [here](https://youtube.com/watch?v=fDyjYiBqgAA&lc=UgxN1j5GhDZrtfKo4M14AaABAg&si=LCGWB4bfDj3VF5Q3) on the same video.

I would like to edit the piano concerto's Wikipedia page to include A Seagull and Clouds as a derivative work, but with no actual documentation of it I don't know that it would be possible, since you need a reference/source for Wikipedia. If anyone can help me find a reference that proves the song quotes the Rachmaninoff, or has any other insight on how to make the edit, definitely make a comment or send me a message :).

Anyway, I thought this was a really cool discovery, and I wanted to share it with some other music nerds, hence the post.",1
1k0bv5v,Is the vinyl record craze worth it?,BobTheSkittle,1744777374.0,0,https://www.reddit.com/r/LetsTalkMusic/comments/1k0bv5v/is_the_vinyl_record_craze_worth_it/,"So, I’m pretty new to the whole “vinyl collecting” state I’m in now. And I don’t even know why I still buy them honestly. Because I think it is kinda silly to have these, because they mess up, they don’t sound as clean as Spotify does, and they’re expensive as shit, but I still can’t seem to not buy them! Because I take care of these things like they’re my babies, and if they get hurt, I get hurt inside. And I just keep wanting more and more, like I’m starting a damn mafia with these things. I just keep saying “I need a new record player!”, “I need to buy this one and that one” when I’m literally not going to be able to afford a damn meal at McDonalds if I keep this up. I just need advice to stop this, because this damn hobby is driving me insane! And I just can’t seem to stop! But what do you think about it?",13
1jzzc21,"There's been discourses on music during the Bush and Trump administrations, but what effect (if any) did Obama's time in office have on the music that was released during his years in office?",thewickerstan,1744741904.0,55,https://www.reddit.com/r/LetsTalkMusic/comments/1jzzc21/theres_been_discourses_on_music_during_the_bush/,"I said this on r/indieheads the other day: I've been thinking a lot about the Obama years (how much of its sense a hope was genuine vs. me being a kid, its impact on kids who grew up during those years and the way its colored our navigation of the Trump and Biden administrations, Obama's legacy for better or for worse etc.), but I'm also kind of curious about the impact it had on music.

It's easy to paint with broad strokes, but when thinking about the clapping/stomping Millennial anthems of the era or stuff like ""We Are Young"", I wonder if an element of that was playing with/tapping into that feeling of ""Hope"" being almost an inevitability that we were (arguably in retrospect) taking for granted. It's kind of a flip side to the ""protest music under a rightwing president"" thing, like I feel like there were a lot of pop songs floating around celebrating this feeling that we'd reached (or were only moments away) from some progressive apex, kind of reminiscent of the naive ""We've got a black president. Racism is over!"" vibe. But then again things like Lorde and her cultural reset of the ""Put your hands in the air like ya just don't care!"" thing kind of puncture that myth (or at least illustrate it wasn't across the board).

I was curious to know if anyone had similar observations on this front? Idk if it's just me. ",91
1jzwak4,Moloko- I think their four albums have stood the test of time pretty well. Agree...,TechnicalTrash95,1744734594.0,15,https://www.reddit.com/r/LetsTalkMusic/comments/1jzwak4/moloko_i_think_their_four_albums_have_stood_the/,"The quirky mid 90s to early 00s electronic band released four albums all sounding fairly different from each other. They were a great precursor to Roisin Murphys solo career. Their biggest hit was easily bring it back that actually first appeared on their '98 album I think I need a doctor in a completely different form. It was later remixed into the version 99% of listeners know it as. But I think their best albums are the debut which contained the modest hit fun for me and their third record 2000s things to make and do which had indigo, bring it back (remix) and pure pleasure seeker. Their final album had forever more but unfortunately that was about it. IMO it was a slight disappointment after the previous album. ",10
1jzgy5g,"Stick metal bands, please stop. Seriously.",Martipar,1744684249.0,0,https://www.reddit.com/r/LetsTalkMusic/comments/1jzgy5g/stick_metal_bands_please_stop_seriously/,"[After seeing yet another post about unreadable logos ](https://www.reddit.com/r/HelpMeFind/comments/1jzg1c8/help_me_figure_out_what_this_shirt_is_from/?utm_source=share&utm_medium=web3x&utm_name=web3xcss&utm_term=1&utm_content=share_button)and being at festivals where I have seen posters for upcoming events and basically not been able to look up a band because of the unreadable logo I am fed up.   
  
I am not against the music, it's usually fine, it's all about the logo, lets say I see a band, I get drunk and forget what they were called. So i look up the poster and the logo is just sticks. How can I buy a CD? How can I ensure I catch up with the band on social media and see when the next gig is? 

I have spent time with friends deciphering and laughing at stick metal logos, it does seem to be waning in recent years but it's still a problem. Make your logos readable by humans. ",18
1jzg990,"Let’s Talk: Gary Wilson, Godfather of Lo-Fi Bedroom Pop",wildistherewind,1744682153.0,28,https://www.reddit.com/r/LetsTalkMusic/comments/1jzg990/lets_talk_gary_wilson_godfather_of_lofi_bedroom/,"Today I was reminded of Gary Wilson’s 1977 album *You Think You Really Know Me*. It’s a totally unique lo-fi jazz funk album that Wilson made mostly by himself, mostly in his parent’s basement, and sold himself without a label. Years later, it would be rediscovered and many more years later, contemporary music has many artists mining the same hazy lo-fi territory.

Wilson recorded *You Think You Really Know Me* at age 23. He had a band (appropriately called the Blind Dates), but much of the album was recorded and multitracked alone. It’s a difficult album to describe, it sounds vaguely like Buddy Holly leading a high school jazz quartet (Wilson’s father played bass in a jazz lounge act, I feel like there is an out of time 50s feel to the instrumental choices).

I personally think that there is a deliberate character study on this album, that it isn’t Wilson himself in the first person. The theme of the album feels like a late 50s teen fantasy turned inside out. The narrative voice of the album is neurotic and, frequently, unhinged. Album highlight “6.4 = Make Out” ends in shouting into the void with no response. It’s a strange concept album, one that reveals itself with multiple listens. I’ve always had an affinity for the falling apart rhythm of “Cindy” and the atonal title track with its incredulous delivery of the lyrics.

Wilson made 300 copies of the album and, two years later, 300 more. He moved to California in hopes of making a second album. It would eventually happen, just decades later.

I read that, some time in the early 90s, Beck was at a house party and somebody put this record on, it’s one of those albums that “you’ve got to hear this” weird record enthusiasts would play for one another. Beck was immediately drawn to it and he mentioned Gary Wilson by name on “Where It’s At”. *You Think You Really Know Me* was reissued and a record label was able to find Wilson (there is a documentary about what happened next).

In 1976, Boston released their self-titled debut. It’s a great album in a very different way. Tom Scholz was an MIT graduate working at Polaroid while recording the Boston album in his home. It’s slick and expensive sounding, the opposite of *You Think You Really Know Me*. There has been a long line of lo-fi auteur albums, ones that are not so slick sounding but carry a heavy emotion that feels easier to express with limited tools; a form of direct communication. In this way, I think Wilson’s contribution to how music can be made and what it could sound like is perhaps more prescient than a blockbuster album like *Boston*. Wilson has given us the language to express something strange and unsettling and truthful and real.",5
1jzehgv,Lyrics on Milk & Honey - Hollie Cook,Far_Chocolate_631,1744676853.0,0,https://www.reddit.com/r/LetsTalkMusic/comments/1jzehgv/lyrics_on_milk_honey_hollie_cook/,"Idk if theres another more proper subreddit for this question. If it does I welcome your recommendations, if this is a subreddit for this:

In the chorus the singer says

“And the day, and the night you dine out so far, the reason you feel lonely”

It blasts my ears rhythmically always but I don’t quite get what she means. 

So I started to ask myself if I really understand the lyrics at all. Then I thought it was a great idea to ask on reddit. ",0
1jzd5y1,"I Still Believe in Stomp Clap Hey, and I’m Not Sorry",tiggerclaw,1744673095.0,468,https://www.reddit.com/r/LetsTalkMusic/comments/1jzd5y1/i_still_believe_in_stomp_clap_hey_and_im_not_sorry/,"I don’t believe in anything. God is dead, art is co-opted, and everyone I know is doing “content strategy” now.  

But stomp clap hey? That made me feel something.  

I know. It’s embarrassing. It’s beardcore. It’s Etsy-core. It’s the sound of white guys in Henleys screaming into the void because a girl named Clara ghosted them after an Edward Sharpe show.  

But when it dropped—when the kick drum thundered like the inside of your ribcage during a panic attack, and the whole band yelled “HEY!” like they were summoning a bygone version of yourself that still believed in joy—  
I felt **alive**. Like maybe, just maybe, my heart hadn’t been fully replaced by Vice articles and existential dread.  

It was stupid. It was manipulative. It was tailored for festival montages and Jeep commercials. But it was *honest* in its stupidity. It didn’t pretend to be cool. It didn’t *want* to be cool. It wanted to scream, to dance, to stomp barefoot in the mud and pretend the world wasn’t ending.  

And I fell for it. Hard.  

Like yeah, I was wearing a Navajo-print cardigan I got at a thrift store in Echo Park. Yes, I was dating someone who called themselves a “creative intuitive.” Yes, I had a Polaroid camera I used exclusively for blurry shots of fire escapes.  

But that stomp clap hey breakdown hit, and suddenly I’m in a field, shirt unbuttoned, screaming “I WILL WAIT” like it was a promise I actually meant.  

And then it ended. The genre ate itself. Banjo sales plummeted. Everyone got into deep house and pretending they’d *always* hated that shit.  

But I remember. I remember the sweat, the dirt, the scream. I remember what it felt like to believe in a gang vocal breakdown like it was holy scripture.  

So no—I don’t believe in juice cleanses, non-alcoholic beer, or anyone who says they’ve “moved past their folk phase.”  

But I *do* believe in stomp clap hey.  

It was the last real thing I felt before the algorithm took my soul.  

And if you're honest—really honest—you felt it too. Maybe you still do. Or maybe you’re still pretending your LCD Soundsystem tattoo makes you better than me.  

But here’s the real question: Was stomp clap hey actually worse than the post-ironic auto-tuned whisperpop we pretend is deep now? Because at least back then, we *meant it.*  

Tell me I’m wrong. Or admit it—just once—you yelled “HEY!” too, and meant every goddamn syllable.  

Let’s argue.",119
1jzcngc,Does anybody remember the band Fuel? Thoughts on them?,dreamgrass,1744671692.0,29,https://www.reddit.com/r/LetsTalkMusic/comments/1jzcngc/does_anybody_remember_the_band_fuel_thoughts_on/,"I was born in 97, so my exposure to the post-grunge world was limited (my older brother was into pop-punk. New Found Glory especially). However, recently I was letting the YouTube algorithm pick songs for me and it gave me, “Hemmorhage (In My Hands)” by Fuel and I thought holy shit, this is such an explosive song. Why haven’t I heard it before? So I dug into them a bit. Shimmer, Sunburn, Bad Day - these are all really good songs. Great lyrics, unique chord voicings (especially in “Shimmer”) and vocalist Brett Scallion’s voice has such a great grit without going overboard. Very emotive singer.

Given that post-grunge and nu-metal and butt-rock are having a resurgence, it’s surprising to me that no one is talking about Fuel but obsessing over Creed, Nickelback, and the like. I don’t think I’ve ever heard anyone talk about them in real life but it appears as though they were once really popular.

What do you think about Fuel?",48
1jz4frm,Let's Talk: Was The Shape of Punk to Come by Refused actually the shape of punk to come?,Various-Professor551,1744651280.0,74,https://www.reddit.com/r/LetsTalkMusic/comments/1jz4frm/lets_talk_was_the_shape_of_punk_to_come_by/,"The Shape of Come by Refused is undeniably an influential album but the albums name is extremely bold. The name is derived from the Ornette Coleman album the Shape of Jazz to Come which was also an extremely bold album name but completely changed jazz as the album title suggests. I personally think Refused did completely changed the game when it came to punk music. For better or worst, I don't think post-hardcore would've been as prolific in the 2000s and early 2010s without it.

I'll give an example with the band At The Drive In. In/Casino/Out was recorded before The Shape of Punk to Come. While I think In/Casino/Out is a great album I don't think it comes close to how good and forward thinking Relationship Of Command is, which was recorded after The Shape of Punk to Come. In interviews the members of At The Drive mentioned how that album was a major influence to push their sound in a much more ambitious direction. 

Of course many bands influenced the sound of post-hardcore in the 2000s and I think Refused would agree (they were Marxists after all haha). How does this sub feel about The Shape of Punk to Come. Was it as influential as the title makes it out to be or was it maybe a bit pretentious? ",48
1jz2xq5,let's talk about psychedelic rock,gh0stunder,1744647587.0,37,https://www.reddit.com/r/LetsTalkMusic/comments/1jz2xq5/lets_talk_about_psychedelic_rock/,"Okay guys, recently I've made a post diving into everything surrounding funk rock, just to spark some discussion. Lots of interesting takes came out of it, and I figured, why not keep the conversation going with other genres?
so, next up: psychedelic rock, easily one of my favourite genres. There's something so colourful and entertaining about it. I’m a total sucker for extended solos (think: Echoes by Pink Floyd). What do you guys think about it? What artist/band  do you think kicked it all of? Who do you see as the most creative or influential? Are there any songs you consider groundbreaking? Any underrated songs? Let me know your thoughts",73
1jz0zmj,"What Have You Been Listening To? - Week of April 14, 2025",AutoModerator,1744642828.0,5,https://www.reddit.com/r/LetsTalkMusic/comments/1jz0zmj/what_have_you_been_listening_to_week_of_april_14/,"Each week a WHYBLT? thread will be posted, where we can talk about what music we’ve been listening to. The recommended format is as follows.

Band/Album Name: A description of the band/album and what you find enjoyable/interesting/terrible/whatever about them/it. Try to really show what they’re about, what their sound is like, what artists they are influenced by/have influenced or some other means of describing their music.

[Artist Name – Song Name](www.youtube.com/watch?v=PxLB70G-tRY) If you’d like to give a short description of the song then feel free

PLEASE INCLUDE YOUTUBE, SOUNDCLOUD, SPOTIFY, ETC LINKS! Recommendations for similar artists are preferable too.

This thread is meant to encourage sharing of music and promote discussion about artists. Any post that just puts up a youtube link or says “I've been listening to Radiohead; they are my favorite band.” will be removed. Make an effort to really talk about what you’ve been listening to. Self-promotion is also not allowed.",12
1jz00nt,Smile! :D is to Porter Robinson as Midnite Vultures is to Beck: A Strained Comparison,SockQuirky7056,1744640375.0,2,https://www.reddit.com/r/LetsTalkMusic/comments/1jz00nt/smile_d_is_to_porter_robinson_as_midnite_vultures/,"This analogy might not make sense to anyone else, but it occurred to me recently and I think it's worth exploring. Here is my logic for this. 

Beck had established an image of this bemused slacker poet, with his first hit song ""Loser"" and his album *Odelay*, with a sound indebted to folk, blues, rap, and rock with mostly nonsensical lyrics. He'd stripped back some of the excesses of that with *Mutations*, but he seemed to take joy in toying with people's expectations of him. Therefore, on *Midnite Vultures*, he crams together various extremes: funk, disco, glam rock, yacht rock, gangsta rap, techno, even country elements, and revels in the camp of it all while he's doing it. 

Porter Robinson, similarly, had established an image of a sensitive, reserved soft-boy, having made the grand and sweeping EDM *Worlds* and the introspective indietronica of *Nurture,* but I get the sense that he wanted to explore outside of that. He said to [NME](https://www.nme.com/features/music-interviews/porter-robinson-smile-interview-3779178) that he wanted to explore the feelings that he'd avoided on his previous works, and to me, he achieves this the same way beck did: by combining extremes. Smile! :D draws from pop-punk, emo, rave, synth-pop, hyperpop, 2000s hip-hop style posturing, and, of course, anime theme music. 

When looking at albums like this, I think we could call them ""dialectical,"" in that they take seemingly contradictory elements and have them co-exist simultaneously without necessarily conflicting with each other. Both artists were able to find new sides of themselves by exploring styles that were almost, but not quite, entirely unlike their previous work. 

Does this make sense to anyone else? Do any other albums fit this description? Have I mischaracterized either album? Please, help me out here.",4
1jysihn,Streaming music is starting to become a problem,Ferngullysitter,1744613110.0,169,https://www.reddit.com/r/LetsTalkMusic/comments/1jysihn/streaming_music_is_starting_to_become_a_problem/,"I liked Apple Music for a while, but I’ve started to notice that so many of my favorite albums have arbitrary changes made to them and it affects me. 

Hidden tracks are removed, levels are “remastered” or changed to sound different than the artist intended (and every song now has “title (REMASTERED 2024). I was listening to the album “Alice” by Tom Waits and they actually added a trumpet into a song that sounds completely distracting and out of place. In one of my favorite live albums ever “Bob Dylan: Royal Albert Hall 1966” they actually removed the crowd yelling “JUDAS”… why?  

It feels like the music we know and grew up with is just changing for no reason at all, and I’m at the point where I’m going to just cancel the service and start collecting albums again as a means to preserve the music I love. I’m not waiting around anymore to see what other thing they’re going to change in the music I love. 

I’m going to drop some serious cash to buy all of my favorite albums once more (that I lost after I burned them all to my iPod in 2005) and put them all in a fire proof box and hand them down when I pass away. 

Anyone else feel this way?  ",75
1jyphey,There is more to Mongolian metal/rock than just The Hu,finnlizzy,1744601328.0,26,https://www.reddit.com/r/LetsTalkMusic/comments/1jyphey/there_is_more_to_mongolian_metalrock_than_just/,"I don’t dislike The Hu, but I think they’re massively over rated and hog the spotlight of this amazing genre to the point where people think they invented it and are the only ones. 
There is also discussion that they have huge financial backing from the Mongolian government because they just burst on the scene with the best quality sound and music videos. 

I was hopeful that the popularity of The Hu would pave the way for other great Mongol acts like Nine Treasures, Hanggai, SULD, Egofall and Anda Union to blow up in the west. But it seems that The Hu are at best seen as THE Mongolian metal (adjacent) band, or at worst, a novelty. 

There is a valid reason for why most Mongol folk metal bands don’t get the exposure in the west. Most Mongolian bands, like most ethnic Mongolians, live in Inner Mongolia, China. There is a huge scene in China, and Nine Treasures is the most popular metal band in China. They go on tour to massive cities you never heard of. It has been a popular genre for well over a decade. China even has its own streaming services, so they don’t gain traction on Spotify or Youtube but you’ll see them on national TV in China. 
For bands in Mongolia, if they were to play five shows in Mongolia, the whole concert going population will have seen them, so they need to branch out. That’s why there’s rumours that they are a government backed soft culture push for Mongolia. 

Honourable mention Tenggar Cavalry who were based in the USA and never got the chance to shine before their singer died.",8
1jyni8r,Kristian Matsson AKA The Tallest Man on Earth,morbidhack,1744594715.0,17,https://www.reddit.com/r/LetsTalkMusic/comments/1jyni8r/kristian_matsson_aka_the_tallest_man_on_earth/,"I've been a fan of Kristian's music since right around the time his debut album came out (late-2000's?), but only just got around to catching him live for the first time last night, and boy oh boy, what a performance he put on- it may very well take the title of ""best live show I have ever seen""; dude is just such a superlative showman, a bonafide natural entertainer, and not to mention a truly remarkable musician and singer-songwriter. This guy plays several instruments at such a high level, it blows my mind. Also in my opinion a worthy but crazy underrated candidate in the discussion for best modern guitarists- I'm not saying he's the top top, but he's definitely up there... his picking is incredible; extremely dynamic and 'vocal'. Man, my jaw's still on the floor from last nights incredible solo performance- his energy was palpable and infected us all in the audience; truly beautiful. Dude has also got to be the most physical performer I've ever seen- my legs were cramping up and back + knees aching just watching him pull some of those moves. You know, the phrase ""better than the record"" gets thrown around far too much, but it is absolutely 100% apt here; live, he and these carefully crafted songs simply evolve to something else altogether... Also, being a musician myself with a hyper-critical ear when it comes to pitch (it's honestly a curse as much as it is a blessing), I just have to commend how he never once for a moment strayed even a hair off pitch/key, despite all the physical antics, running and jumping around, etc., and his tech does a perfect job keeping his instruments flawlessly in-tune. I know you must be thinking ""that's their job"" (both his as a singer, and his as a tech), but they're still just humans and most show you'll find things at some point or another can drift slightly off, but not here. Anyways, in my youth, his work was hugely influential on me as a budding musician, you could very clearly hear his influence in some of my earliest work, but then life happened and it wouldn't be until more recently that I revisited his more recent stuff, honestly all of which grabbed me just as much as I remember those early records doing. Dude is a generational talent of the highest order, we are blessed to be living on the same timeline as K. Matsson, and I cannot recommend catching him live highly enough- you will NOT regret and will in fact have one of your best nights ever. Cannot wait to see what he does next. Guess I was just curious if there are any fans here, and just peoples thoughts in general. What a voice... musician... songwriter... ",10
1jyemf1,Listening to albums,GregTheEgg247,1744569424.0,26,https://www.reddit.com/r/LetsTalkMusic/comments/1jyemf1/listening_to_albums/,"Over the past year I've started listening to more music and since I hadn't listen to much music beforehand, in the past year I've listened to some of the BIG albums, for example, TPAB, Blonde and OK Computer. Because I was so new listening to albums, I didn't realise the gravity of these albums lyrics and first listened to them either in the background or not paying too much attention to the lyrics. I'm relistening to a lot of these albums now as I've seen post of people talking about how much some of the songs mean to them because of how they connect to the lyrics or how it tells a story. While re-listening to these albums I find myself over-analysing the lyrics and stopping every 30 seconds to check the Genius annotations. I was just wondering, should I listen to these albums and interpret them myself first, and then look at annotations or is it worth to pause after every song and look at the in-depth analysis?",34
1jy23bm,"Going to my first concert, any tips?",IgnSkaye,1744528798.0,4,https://www.reddit.com/r/LetsTalkMusic/comments/1jy23bm/going_to_my_first_concert_any_tips/,"Hey, I'm going to my first concert in July, a kendrick lamar concert in Paris. I have standing ticket and ill be alone. I was wondering if you had any tips on how to prepare and everything. Here are some questions I have that maybe you can answer, but if you have anything you want to tell me go for it How much time before should I come if I want to have a good view, is 4 hours enough? (I'm in the normal pit, not the energy floor or the vip pit) Should I get merch before or after the concert? How much do I need to save up for the merch ? When should I drink in the day ? Cause I know it's probably going to be hard to go to the toilets. When should I eat, should I eat right before like a sandwich or something, or buy food when I'm in the arena? Should I watch the setlist before and try to study every song or maybe just discover it during the concert ? I'm really excited for this, hope you will be able to help me!",30
1jwvzcm,How do soundtracks (especially from games or anime) shape the way we experience the world around us?,Novel_Market1487,1744393725.0,0,https://www.reddit.com/r/LetsTalkMusic/comments/1jwvzcm/how_do_soundtracks_especially_from_games_or_anime/,"There’s something unique about soundtracks — especially those from games and anime — that makes them more than just background noise. For me, they become a way to blend into certain moments in life. I often listen to them with my earbuds on when I’m focused on something or walking through familiar places. It’s like scoring my own scene in a story, even if I’m just on a quiet ride or sitting at a coffee shop.

Unlike regular songs with lyrics or catchy hooks, OSTs often rely on emotion and atmosphere. They don’t demand your full attention, but when you do pay attention, they enhance the moment deeply. Sometimes it’s calming piano pieces, other times it's dramatic string sections that mirror an inner feeling — whether tension, sadness, or hope.

I rarely choose them at random. I pick a track depending on how I feel or the kind of vibe I want to immerse myself in. It’s not just passive listening — it’s more like matching my internal state to the music’s emotional palette. And in those moments, I’m not just listening — I’m inhabiting the music.

Does anyone else approach music this way?
How do you feel about using soundtracks to ""narrate"" your own life or scenes in your day?",3
1jwqoku,Damien Rice ‘O’,HikerAT2022,1744380267.0,51,https://www.reddit.com/r/LetsTalkMusic/comments/1jwqoku/damien_rice_o/,"Damien Rice is one of those rare and genuine musicians that never chase the limelight,  often disappear for long stretches, and only produce new music when the muse hits. An amazing talent, and a stellar singer/songwriter/lyricist. I’m disappointed I haven’t heard anything from him for years. ‘O’ was the first album of his I encountered and it blew me away. You can find some astoundingly good videos of he and Lisa Hannigan performing ‘Volcano’ and ‘I Remember’ for BBC Four Sessions.",19
1jwjp2w,"In this time of political upheaval, where is the angry, political anthem? Palestine, Tariffs, Global Destabilisation, Automation, Joblessness, where are the Dylan's, and or the RATM, SOADs, or even here in south asia - the political poetry?",AbeerKapoor,1744354457.0,134,https://www.reddit.com/r/LetsTalkMusic/comments/1jwjp2w/in_this_time_of_political_upheaval_where_is_the/,"I've always been told that music, politics and the waves of change in society are intimately linked and music serves as a mirror to society. In the US, from Motown to Blue note right to Marvin Gaye, were deeply political. In the 60's, the counter culture moment. In the 80s, Run DMC, Punk and In 90s, Grunge, and Anti-establishement sentiments were peaking.  

Similarly every where else in the world, we've seen the enmeshment of political strife in music, in revolutionary songs, and public poetry. Now it just seems like we're being made into docile lambs, and the first casualty is music. Yeah a RTJ exists in the US, but it doesn't speak to a larger audience, it hasn't produced society-wide anthems, and in India we're just seeing utter nonsense, even our indie artists are so influenced by edm without the political context, and ofc bollywood, which is getting less political so where does the music have a chance to be subversive?

And i'm convinced that there is political music out there - all of it is not watermelon sugar, and espresso, or taylor swift, but is this a site of the deeper algorithmic depoliticisation of society?

And now the ire of artist is the institution that curates music and art, and not society itself?",129
1jwfpkq,Velvet Underground self-titled is too poppy?,Sure_Switch1367,1744339466.0,0,https://www.reddit.com/r/LetsTalkMusic/comments/1jwfpkq/velvet_underground_selftitled_is_too_poppy/,"Many people love it but for me i fall in love with VU music by the groundbreaking and experimental features. But when it come to the VU album it’s lost their signature cuz Lou Reed want to go mainstream
Not say the album is bad, just a little let down
The album quality is still great though, maybe the top album of the 60s
Beside, what do u think is the best Velvet Underground album? For me white light heat, especially Sister Ray",11
1jwcxb5,Do artist have more longevity now with consumer interest no longer being of a “mono culture”,thatawkwardmoment8,1744330644.0,14,https://www.reddit.com/r/LetsTalkMusic/comments/1jwcxb5/do_artist_have_more_longevity_now_with_consumer/,"Thanks in advance for any comments.

I am someone that has always appreciated music of all genres. I’ve gone through deep dives of probably hundreds of wiki articles on singers, bands, artists, of all genres. One thing that stuck out in my research is that typically artist from the 50-90s would only have a few years of relevance. This would last their “heyday” was considered over, and a new artist would take over.

I feel like people, for example, predicted that certain artists wouldn’t be relevant after the first few years of his career. However, artists that were relevant in the mid 2010s, are still very relevant within the music scene , and pop culture in general. It’s interesting to me because now we have more options than ever with music that we listen to- with streaming platforms and even with having more access to artists with social media. You would think the access to more music would have the opposite affect. 

The relevancy of most popular artist , and the life span of the “peak”, of someone’s career seems way longe than it used to be. Let me know your thoughts!",15
1jw8kus,"As a musician, how do you envision the future of music streaming?",furbootz,1744318592.0,5,https://www.reddit.com/r/LetsTalkMusic/comments/1jw8kus/as_a_musician_how_do_you_envision_the_future_of/,"I'm really interested in the future of the cultural industries x our labor x technology. I'd love any perspectives / experiences you may have around this topic.

* How important is it for you to have control over how your music is presented & monetized on these platforms?
   * If you could design a revenue model that works best for you as a musician, what would that look like? (e.g. a hybrid model- combining streaming & direct fan subscriptions? etc.)
* In your opinion, what changes would need to happen in the streaming industry to make it more sustainable for musicians in the long run?
* Do you think the subscription economy (e.g., Patreon) provides a more sustainable way for musicians to earn money compared to ""traditional"" streaming? Why or why not?
* What features would you want to see in an “ideal” streaming platform that could help you with your music career? (e.g. revenue model, audience engagement / targeting, promo tools, direct interaction, etc.)
* How do you see the relationship between musicians and platforms evolving in the next 5 to 10 years?",21
1jw829v,let’s talk: how many people?,BookieBustersPodcast,1744317261.0,9,https://www.reddit.com/r/LetsTalkMusic/comments/1jw829v/lets_talk_how_many_people/,"my question is: how many people do you share music with/care about what they are listening to. I am currently building a social media music app but realizing that a lot of new users have a hard time because they don’t follow anyone! therefore I’m trying to build in a new system that rewards you for inviting friends, which brings up the question: how many friends would an average person ACTUALLY invite. For me, i probably share music with like 3 people consistently, but i am close enough with like 10-15 people who i would invite to the app. Curious what you fellow listeners think?  ",37
1jw6ycs,Let's Talk: Music that oppose your views,noOne000Br,1744314545.0,60,https://www.reddit.com/r/LetsTalkMusic/comments/1jw6ycs/lets_talk_music_that_oppose_your_views/,"I want to talk about music that oppose your views, either in religion, politics, or whatever you like. I'll focus here on religion since that's my experience, and I would like to hear your opinions.

So basically I'm Christian, not necessarily the most religious man, but I do pray occasionally and believe in Christ. But also, I never had issues listening to music with Satanic or Anti-Christian themes, having ""Antichrist Superstar"" by Marilyn Manson as one of my favorite albums, and a fan of many other black metal or music that either oppose God, deny him or talk about Satan. I know that maybe those aren't the most 'extreme' examples but whatever.

Now for me, I listen to music that I enjoy, and try putting my beliefs aside so I can understand the art or the artist point of views even if I don't agree myself. I feel like it's okay to just enjoy what you like in it and don't take it too deep I guess.

What are your thoughts? Do you listen to music that you don't agree with?

**Edit: Just to specify, I’m talking about the music and not the artist.**",157
1jw00ws,"General Discussion, Suggestion, & List Thread - Week of April 10, 2025",AutoModerator,1744297233.0,10,https://www.reddit.com/r/LetsTalkMusic/comments/1jw00ws/general_discussion_suggestion_list_thread_week_of/,"Talk about whatever you want here, music related or not! Go ahead and ask for recommendations, make personal list (AOTY, Best [X] Albums of All Time, etc.)

Most of the usual subreddit rules for comments won't be enforced here, apart from two: No self-promotion and Don't be a dick.",4
1jvnx87,How many times does it typically take you to listen to a song before you start to like it?,Apprehensive-Gur-366,1744253703.0,11,https://www.reddit.com/r/LetsTalkMusic/comments/1jvnx87/how_many_times_does_it_typically_take_you_to/,"Trying to listen to a new album every day and branch out from what I normally listen to. Some albums I’ve loved, some albums take me a bit to get into. I have really started to love Live albums which was very unexpected. I recently listened to the Köln Concert and loved it!  I currently use the website 1001 Albums Generator to give me a random album every day and then give it a ranking after several listens. Curious to how many listens it typically takes for everyone to start to like an album?",32
1jvnj5f,How does music evoke emotions and how to engineer a song to evoke a specific emotion?,Icy-Formal8190,1744252428.0,5,https://www.reddit.com/r/LetsTalkMusic/comments/1jvnj5f/how_does_music_evoke_emotions_and_how_to_engineer/,"I'm a music producer, but I have never tried making a song to evoke a specific feeling I want. I'm not talking about basic happy-sad major-minor, but something much more complex and intricate than that.

There are hundreds of genres of music and each one of them have a different feeling even if all of them were written in same key and scale.

I want to understand why music and sounds brings certain feelings in us and how to create new ones unknown to humanity. 

Try looking at inspiring images and whatever you feel translate into sounds and melodies, how would you do it?

Thanks 
",15
1jvkr5r,Let's Talk: F*ck u Skrillex You Think Ur Andy Warhol But Ur Not,doopysnogg,1744243691.0,88,https://www.reddit.com/r/LetsTalkMusic/comments/1jvkr5r/lets_talk_fck_u_skrillex_you_think_ur_andy_warhol/,"Listening to Skrillex's new album on repeat this week. It's like it put a spell on me. Unexpectedly, i found the entire project really refreshing and a very very remarkable upgrade on the whole Dubstep genre, which i couldn't exactly enjoy before.

The whole listening experience is just incredible, and it's a 46-minute run that just never gets boring, the transition between tracks is as smooth as it gets. The drums are on point. Honestly overall i'm very impressed.

Wouldn't be surprised to see the sounds explored here influencing other works soon. Thoughts?",45
1jv5fmz,let's talk about funkrock,gh0stunder,1744204323.0,28,https://www.reddit.com/r/LetsTalkMusic/comments/1jv5fmz/lets_talk_about_funkrock/,"What do we think about this genre? Is it dead or does it still live on in newer generations? Who were/are the best artists to dabble into funkrock - besides the obvious ones like RHCP? I feel like it's such a unique sound and it's been a while since I've talked to anyone about it, so it deserves its own thread. Are there any current artists keeping that spirit alive? Drop your takes, hot or cold—I want to hear it all.",57
1juuquz,"It's crazy, I love Creed now. This isn't even ironic anymore.",RavingAnarchy,1744163978.0,5,https://www.reddit.com/r/LetsTalkMusic/comments/1juuquz/its_crazy_i_love_creed_now_this_isnt_even_ironic/,"I swear I remember when I started seeing the algorithm run their songs through the ringer, and thought it was catchy but not that big of a deal (especially since they all loop one single section of songs to death)

This doesn't really make sense from any angle, I don't have any nostalgia for this band because I'm 23, I was born when the band hit the proverbial fan (get it? Cuz people say it's shit), so I can't even remember hearing it, radios here never played it and my dad hates anything with heavy distortion so it's not his fault, I'm not even christian or catholic, agnostic as hell and don't like any Christian music 

But Creed somehow got stuck to me anyway, it dug it's way into my daily rotation, and I think it's because the songs are actually amazing, they all have great hooks, the instrumentals are tight and Scott's voice although funny at first, just grows on me, hell I managed to get used to Mustaine's nasal screeching.

The lyrics are interesting, they're good, it's like they have purpose, the almost laughable irony of Scott being a complete hypocrite by singing them WASNT lost on me, but I think they carry a lot more meaning now after he got over his troubles and rehabilitated, the band reuniting and playing these songs live really puts into question whether it's okay to keep the ball and chain on the guy.

I think big part of me loves Creed because they survived, it breaks my heart to think about Layne being gone, this month is a sadder one from his passing, same about Kurt, Cornell, grunge hurts. And Creed (post-grunge) was so close to suffering the same fate, and it heals me to know they're all ALIVE, and still jamming together. I wish so many were here and I'm so glad that Creed is.

This whole slew of feelings makes their songs mean even more, What's This Life For, My Sacrifice, Torn, My Own Prison, so many of their songs about struggle with drugs and substance, about suicide and lost people, about wanting to escape reality, and they're all replaced with the feeling that it can all be overcome, I still don't believe in god or anything like that, but I definitely smile when I hear Higher.",57
1juljju,Time for new mods here. Chime in if you agree.,splitopenandmelt11,1744138760.0,54,https://www.reddit.com/r/LetsTalkMusic/comments/1juljju/time_for_new_mods_here_chime_in_if_you_agree/,"The mods here have really started removing way too many posts. I don’t know it’s an automod or what, but there’s no way to contact them for explanation. 

This sub should be blossoming with as many members as it has , but instead it’s dead in the grand scheme. 

People WANT to share stories about their experiences with music, we want to TALK MUSIC, recorded or live. Yes, sometimes that that might include NAMES OF BANDS on a LETS TALK MUSIC SUB! Thats doesn’t mean everything is a list.

If mods don’t understand that are fine with posts that receive 10,000 views with 25 comments, that’s just a waste of a sub. Time to move onto somewhere else or change how you’re “curating” posts.

I’m going to post below what I’ve had removed twice. Please tell me how this doesn’t facilitate discussion:

———-

Title: 

I’m looking for stories of bands you’ve seen where most of the members have changed but the bands continued on. I’m especially interested in band have continued on with, say, just the bass player remaining. It’s fascinating to me.

Body:

I recently saw an unnamed band from the 1970s that probably 3 or 4 top 40 hits. Without outing them, I’ll say they were probably close to a household name for about 2 years in the 1970s. Today, all of the original members have either retired, quit or died. The band is carried on by one original member and a bunch of young hires hands. The player that remains was 100% one of “the stars” of the original lines.

This “Ship of Band Thesus”is always fascinating to me. It’s gotta be an interesting life to basically play in your own cover band and still be making $ selling shirts with a logo that’s been around and attached to you and a bunch of ex-bandmates for 50 years.

What bands are especially good examples of this? Have you seen them live? How was the show HONESTLY?",155
1juhavs,Has Guitar-Based Rock Made a Comeback?,Aquasupreme,1744128473.0,60,https://www.reddit.com/r/LetsTalkMusic/comments/1juhavs/has_guitarbased_rock_made_a_comeback/,"I remember when I was a teenager in the 2010s there were no new guitar-based bands to get into. All of the new music my friends and I were into were albums by bands from 10 years ago (Queens of the Stone Age, The Strokes/The Voidz, The White Stripes, Brand New, Radiohead, etc.). 

Nowadays I feel like guitar music is on the cutting edge of art (Black Midi, Delta Sleep, Shame, King Gizzard, ect.) and it seems to be popular with kids younger than me. Has guitar music made a comeback? 

Also, I just noticed none of the current bands I listed are American. Is there something there? The only big American guitar bands I can think of are Vulfpeck, Greta Van Fleet, Royal Blood, Rival Sons…..Is it just that Americans don’t make good guitar music anymore?",131
1jug4o7,Let’s Talk: Jim Croce,Giff95,1744125557.0,66,https://www.reddit.com/r/LetsTalkMusic/comments/1jug4o7/lets_talk_jim_croce/,"Jim Croce is one of my personal favorite artists. Possibly my favorite! I’ve always felt in addition to his voice, which is smooth, his songs convey warmth and simplicity. Lyrics easy to understand and relate to, and themes that are universal.

“Walkin’ Back to Georgia”
“Operator”
“I Got a Name”
“New York’s Not My Home”
“Tomorrow’s Gonna Be a Brighter Day”
“One Less Set of Footsteps”
“Age”
“You Don’t Mess Around with Jim”
“Photographs and Memories”

His covers “Old Man River” and “Chain Gang” are well done too! Croce is a testament all it takes to make good music is to be cool with a guitar. What separates him from other artists is I always felt he had wisdom at his age others don’t have.",24
1juesoz,Is r/Music hostile towards people who only buy physical media?,Gloomy_Pop_5201,1744122218.0,17,https://www.reddit.com/r/LetsTalkMusic/comments/1juesoz/is_rmusic_hostile_towards_people_who_only_buy/,"I was perusing [this thread](https://www.reddit.com/r/Music/comments/1jtnvc1/tracy_chapman_refuses_to_stream_music_artists_get/) about Tracey Chapman only buying CDs or vinyl for new music. The top comments are neutral to negative towards people who only buy physical copies.

Some highlights:

>I mean it’s a lot easier to take a stand and make sure you buy a physical copy of every piece of music you listen to when you have a lot of money



>Musicians got screwed over with CD and Vinyl contracts too.



>I just bought a Tracy Chapman CD a few weeks back.  


>It was used.



>Stop putting the onus on the consumer, which isn't realistic as a driver to help artists get paid more anyway.



>I’m old enough to remember buying a whole album or cd for 1, maybe 2 good songs, its not a good system for the consumer

  
These comments seem to leave out the benefits of physical media for music -- owning a copy of the album outright, no worrying about the album disappearing from streaming services, the ability to rip them to a Plex/Jellyfin server for streaming. They seem very hostile towards that over there.

Am I missing something?

  
",51
1jua50b,"What % of song lyrics are nonsense? As a kid I assumed lyrics I didn’t understand must have deep meaning. But as an adult reading lyrics, so much seems meaningless / just making words fit / nonsensical abstract ideas.",According_Sundae_917,1744107483.0,76,https://www.reddit.com/r/LetsTalkMusic/comments/1jua50b/what_of_song_lyrics_are_nonsense_as_a_kid_i/,"It's not that it matters so much to my enjoyment of a song.
And poetic license of course means anything goes.

It's just realising that songwriting is a lot of bluffing.

And that without beautiful sound, melody and delivery, words alone offer much less than one might expect. 

I'm not hung up on lyrics needing to be literal, it's just when you look closely at lyrics when written down rather than heard - so much is lost. 

 ",89
1ju66l3,Why do people keep dunking on millenial core music when it hasn't been relevant in years?,AyyyoniTTV,1744090155.0,0,https://www.reddit.com/r/LetsTalkMusic/comments/1ju66l3/why_do_people_keep_dunking_on_millenial_core/,"Talking about that dogshit genre of music like, Of Monsters and Men, The Lumineers, Mumford and Sons etc...

They played acoustic guitars, and stomped/clapped and said hey ho alot.

Don't get me wrong, this genre of music was pure ass and sounds like it was bred in a lab to be the perfect background music in an H&M, but I also don't even hear about this genre outside of the memes.

If it weren't for parodies like [this](https://www.youtube.com/watch?v=PKVOeQICi1A), essays like [this](https://www.youtube.com/watch?v=bVNdluaWxfU)
, or memes like [this](https://www.reddit.com/media?url=https%3A%2F%2Fi.redd.it%2Fjus6q5998pec1.jpeg) this I wouldnt have even remembered this genre of music.

The reason im asking is because its sort of making the rounds again online and people are remembering how shit it was but also this genre was like 15 years ago.

When you think about it it'd be like making fun of nu metal or limp bizkit in 2016.

Like yeah its shit but also how do you even remember that genre at this point?

I think for me its fascinating because people already knew the music sucked when it came out.

People were shitting on it [on](https://www.youtube.com/watch?v=as4O2ZorKP8)
its [release](https://www.youtube.com/watch?v=lJNYxpEAh68).

I think its more just fascinating for me cos its a bit of a dead horse and an easy target to shit on but at the same time this genre hasnt been relevant in over a decade and I genuinely dont know a single person that likes it except for middle aged moms.

So why do people keep dunking on millenial core music when it hasn't been relevant in years?",13
1ju404p,"2hollis, nettspend, osamason help me understand the hype",pirate400years2late,1744082228.0,7,https://www.reddit.com/r/LetsTalkMusic/comments/1ju404p/2hollis_nettspend_osamason_help_me_understand_the/,"Genuinely don’t get it. I’ve listened to a good majority of their music too and CANNOT hear the appeal. I’ve been recommended songs, all of which I think are dog crap. I thought it was one big inside joke at first, that people actually liked this type of music, but I’m wrong. I feel left out now actually because I so badly want to understand the appeal so I can jam with my friends, but how is it even considered music? Every song sounds the same, a chaotic mess of incompressible lyrics and sounds. All my friends are at osamason rn they paid $100 for tickets and it blows my mind because (sorry this will offend people) I don’t see him having much of any talent but please I would LOVE to be proven wrong. What are y’all’s take on this new music? ",18
