id,title,author,created_utc,score,url,selftext,num_comments
1k9xo9g,"What Have You Been Listening To? - Week of April 28, 2025",AutoModerator,1745852455.0,3,https://www.reddit.com/r/LetsTalkMusic/comments/1k9xo9g/what_have_you_been_listening_to_week_of_april_28/,"Each week a WHYBLT? thread will be posted, where we can talk about what music we’ve been listening to. The recommended format is as follows.

Band/Album Name: A description of the band/album and what you find enjoyable/interesting/terrible/whatever about them/it. Try to really show what they’re about, what their sound is like, what artists they are influenced by/have influenced or some other means of describing their music.

[Artist Name – Song Name](www.youtube.com/watch?v=PxLB70G-tRY) If you’d like to give a short description of the song then feel free

PLEASE INCLUDE YOUTUBE, SOUNDCLOUD, SPOTIFY, ETC LINKS! Recommendations for similar artists are preferable too.

This thread is meant to encourage sharing of music and promote discussion about artists. Any post that just puts up a youtube link or says “I've been listening to Radiohead; they are my favorite band.” will be removed. Make an effort to really talk about what you’ve been listening to. Self-promotion is also not allowed.",7
1k6ue2j,"General Discussion, Suggestion, & List Thread - Week of April 24, 2025",AutoModerator,1745506833.0,3,https://www.reddit.com/r/LetsTalkMusic/comments/1k6ue2j/general_discussion_suggestion_list_thread_week_of/,"Talk about whatever you want here, music related or not! Go ahead and ask for recommendations, make personal list (AOTY, Best [X] Albums of All Time, etc.)

Most of the usual subreddit rules for comments won't be enforced here, apart from two: No self-promotion and Don't be a dick.",12
1kah5gt,At what point does the consistency of an album become boring?,CryptographerPale634,1745907359.0,14,https://www.reddit.com/r/LetsTalkMusic/comments/1kah5gt/at_what_point_does_the_consistency_of_an_album/,"I am not really sure if this has been asked before, I am sure it has, but whatever. I believe if an album is too consistent in its sound, it gets boring and tedious to listen to. Some random mediocre trap mixtape would fall victim to this. If something sounds so same, you just get tired of the album. However, a consistent and cohesive atmosphere is necessary for an album. A cohesive atmosphere can bring an album levels above its contents true strength. In Rainbows has an amazing and cohesive atmosphere. There's a reason why everybody raves over it. However, each track has a mostly new feel to it even with the consistent atmosphere. I believe if you can find the perfect equilibrium between consistency and variety it skyrockets an albums quality. Is there a difference between cohesion and consistency? Cohesion would be how each track builds on another and consistency isn't limited to one quality. A consistent sound isn't always good, in fact I would say it widely isn't.",15
1kag1qo,Your thoughts on Hermanos Gutiérrez?,pensivetwat,1745902941.0,11,https://www.reddit.com/r/LetsTalkMusic/comments/1kag1qo/your_thoughts_on_hermanos_gutiérrez/,"It's been a few short years now that these Swiss-Ecuadorian brothers have been on my musical radar. I mean, it's hard not to enjoy their mellow, cinematic, grooves. But at the same time, and I just know I'll catch flack for this, they're, to me, like the epitome of ""I could've done that""- does anyone else feel similarly? I super appreciate their vibe and what they're doing, but as a guitarist of more than 20 years who's made countless similar such loops, it doesn't seem particularly special (to me)... but yeah, then it's like ""well, why didn't you release anything? that's why you're a nobody"", and that's totally true- I'm not hating, like I said, I'm super into their stuff... I can be super into their stuff but also feel what they're doing isn't that super special, it's okay to be both. It's like super mellow latin-inspired, western-themed, ambient or something. It's rad. I also feel like most experienced guitarists with a looper could get there- of course the big thing is ""but they didn't"" or whatever. ",14
1kaacdv,new subgenres of rock music created in the last 20 years?,Specialist-Talk2028,1745884476.0,22,https://www.reddit.com/r/LetsTalkMusic/comments/1kaacdv/new_subgenres_of_rock_music_created_in_the_last/,"a lot of terms still used today to describe music are the same as those created 30 or 40 years ago. some say they have become obsolete, but i disagree. more like, i wonder if i missed any new and more underground genres and movements. do you know of any?

here is a short list of some that i have found:

**new core**
basically all those modern metalcore and emo derived bands that oscillate between fierce breakdowns and pop choruses. lots of R&B influences in the vocals and heavy use of electronic instrumentation and bombastic productions.
(Bring Me the Horizon, Issues, The Plot in You, Sleep Token)

**electro pop rock or edm rock**
basically the kind of band that mixes electric bass and rock vocals into completely pop edm sounds. very popular in the last 15 years.
(Imagine Dragons, XAMBASSADORS, Twenty One Pilots)

**grungegaze**
newest wave of bands put forward by new generation musicians who take great inspiration from 90s music, mixing a bit of grunge and shoegaze.
(Wisp, Teenage Wrist, Julie)",54
1kac1l4,Is Mick Hucknall well-regarded in the UK? Is Simply Red well-regarded as sophistipop?,waxmuseums,1745889576.0,14,https://www.reddit.com/r/LetsTalkMusic/comments/1kac1l4/is_mick_hucknall_wellregarded_in_the_uk_is_simply/,"I can’t tell if he’s like the equivalent in British culture to what Michael Bolton is in America or if he’s more well-liked? I pair them I’m sure somewhat because both topped the Billboard Hot 100 with overwrought yet slight classic soul covers in the Bush 1 era; Simply Red with [“If You Don’t Know Me By Now”]( https://youtu.be/zTcu7MCtuTs?si=prOVLRtxRdWv_0tN) in 1989 and MB with [“When A Man Loves A Woman”](https://youtu.be/MUuNDb-nm5M?si=8EWdvfDKA3MOeeOy) in 1991. This seems like maybe the bottom of the barrel of what people think of when we say “blue eyed soul.” And they both could be defined as exemplars of the golden age of Adult Contemporary, which is an era that I like but I fully realize is not considered tasteful… Hucknall less than Bolton, but still [“Stars”](https://youtu.be/MUuNDb-nm5M?si=8EWdvfDKA3MOeeOy) is one of his biggest hits and that is definitive vh1core. 


I’ve heard Hucknall as something of a punchline in some of the British media I watch. The ones that come to mind specifically are that he’s a running joke in 24 Hour Party People, and it is a funny thing that he was one of the few dozen people at [the Sex Pistols gig at the Lesser Free Trade Hall in Manchester]( https://www.bbc.co.uk/programmes/articles/4f0B5rf6z2wYQpm5WNqsqP7/they-swear-they-were-there-sex-pistols-at-the-lesser-free-trade-hall) that ended up being one of the singular most important gigs in pop music history – that this tiny gig that gave us Joy Division and The Fall and The Buzzcocks and The Happy Mondays and The Smiths and everything that followed also gave us Simply Red. David Brent’s video of [“If You Don’t Know Me By Now” from The Office](https://youtu.be/riOZoc8vyFQ?si=VISUG1Zz8PP4UgXD) gets a lot of it’s humor from the steez of Simply Red’s version of it. 


But Hucknall also has the sophistipop thing going for him, which could go either way. Sophistipop has become a chic genre to look back on over the last five or ten years, but it’s not ever fully been defined as far as I can tell and it appears to have a lot of faultlines that will vary from one person’s sensibilities and perception of the genre to another. And the faultlines of sophistipop are maybe the most interesting part of the topic to me... It can alternately be something that fits in the post-art-rock/post-punk trajectory of Roxy Music that’s doing something very serious and sensitive regarding codes of aesthetics and their meanings and musical history with jump blues and Cole Porter and all that, or just vapid cod-funk for Sloane Rangers to listen to while doing lines of coke. I’d imagine Simply Red’s 80’s stuff is more considered the latter, but you tell me, idk. 
",27
1kagdbr,Being an indie fan is super rewarding.,migrantgrower,1745904197.0,2,https://www.reddit.com/r/LetsTalkMusic/comments/1kagdbr/being_an_indie_fan_is_super_rewarding/,"I don't even know how really to articulate this, but it's been on my mind for a few days now, so imma give it a go:

I hate the idea of gatekeeping, but enjoy being ""that guy"" who turns people with a passive (or virtually non-existent) interest in music onto quirky, smaller-scale, bands- many friends and acquaintances know me as being that guy, and often come to me for suggestions or playlists, or even just always take pics of what I'm playing in the car. It feels good, ngl.

Beyond that, I really appreciate fans in the indie community more- with the artists having smaller fanbases, the communities feel much more tight knit, and it feels like the fans are often more passionate/knowledgeable, leading to deeper conversations about your favourite artists/bands. This also leads to more real life connections being made- friends!

You ever just throw on albums by your favourite bands-- and maybe this is weird--, and assume that because you're so into their stuff, they're way bigger than they actually are? And then you check their Spotify or YouTube plays, and they're at just a few thousand or whatever? I don't know if this is gatekeepy because I want to shout about them to the world from rooftops, but this feels cool in a small exclusive club kind of way.

The shows... big arena shows are absolutely a vibe, and the energy is incomparable when a band's firing on all cylinders, but catching your favourite indie artists/bands in a small(er) venue feels like y'all've just made sweet, sweaty, love, haha- it's just so intimate, and feels more like the audience is one big organism intertwined with the artist(s). Not to mention, you can often kick it with the people you're there to see for a few after the show- how rad is that? It's just a way more human, organic, experience- yes please. I was once at a Dinosaur Jr. show (Sept '07) and during the opening act (part of whose shtick was having someone cook pancakes on stage while they rocked out), J-fucking-Mascis stood next right next to me, shoulder-to-shoulder, eating fucking pancakes while rocking out to them. Random side-story; I met the Kings Of Leon like around 2003 before they blew up randomly at the Guitar Center in Buffalo, NY- wtf? Their first 2-3 albums were raunchy indie perfection. So many other such random but awesome experiences with members of the band over the years, some of which I couldn't share. If things go right, you can become friends for a couple of hours, or maybe even IG-buddies.

Tying back into the fan community... yeah, I just generally really dig making connections with people who are as deep (or even deeper) into stuff as I am and bonding over that- you get excited to meet folks who are as passionate as you. This certainly exists with big band/artist followings, but it's so much harder to encounter due to the sheer number of people, whereas it's so much more concentrated in the indie community.

Probably not least though, is just the wide-array of incredibly unique (compared to the mainstream), daring, music we are exposed to in this community, whether singer-songwriter stuff, electronic, rap/hiphop, and so on- these artists are true vanguards, not afraid to march to their own beat (no pun- but good pun!). There is so much 'weird' music I got made fun of for listening-to growing up, but man, this has by far been one of my life's happiest, most-rewarding, avenues- actually, it's probably my main love. I have so much pride in this, whatever it is.

Bonus: and this can be seen as kinda cringe for flexing, but when you're an early adaptor/advocate and they hit it big.

P.S. Anyone used to, back in the day, just approach whoever you deemed to be the coolest music store clerk and ask their favourite new indie releases? This is how I discovered the majority of what would become the most important/formative music for me; Bon Iver, Boards of Canada, Tallest Man On Earth, Jose Gonzalez, The Knife, Sigur Ros, Mogwai, Blonde Redhead, and a ton of much more obscure acts from random countries.

P.S.S. Thinking back to late-night talkshow performances in the 90's/2000's when they'd feature indie bands is SUCH a vibe and makes me so nostalgic... Wilco, Band of Horses, Ween, Sonic Youth, The National, MGMT, Bloc Party, TV On The Radio, The Stokes, Arctic Monkeys, Flaming Lips, Metric, Tegan & Sara, Peter Bjorn and John, Dandy Warhols, Plain White T's, etc., etc. Letterman had some unreal acts on- always was my fav platform for indie bands when talking late-night, though others had some great acts on as well.",1
1k9li1g,So... Who here doesn't use the streaming services?,Connivingcadavers,1745808883.0,81,https://www.reddit.com/r/LetsTalkMusic/comments/1k9li1g/so_who_here_doesnt_use_the_streaming_services/,"With the expectation of occasionally using YouTube for the utility of learning covers I don't use any streaming services for my regular listening habits. 
I'll usually purchase the mp3s online and upload them straight to my phone or just use good old fashioned CDs.
And of course, and I'm still a big fan of radio. I think it's actually a pretty unappreciated medium by us millenials and Gen Z.

Back when I was a teenager in the 2000s I already thought the cheap and easy access that the internet was facilitating for music took some the romance away so I've always pefered a more old fashioned approach.
Anyone else?",106
1k9fgr4,Anyone else avoid hearing their favourite song to preserve the special feeling it gives you?,According_Sundae_917,1745790498.0,96,https://www.reddit.com/r/LetsTalkMusic/comments/1k9fgr4/anyone_else_avoid_hearing_their_favourite_song_to/,"I like my favourite songs to catch me off guard by hearing them unexpectedly.

And I don't want the memory or feeling it gives me to fade or become associated with the present day. So I somewhat avoid hearing them or 'over listening' to them to preserve that feeling.

Does any one else do this?
Or do you have a particular relationship or way of listening to you let favourites? 
Do you think those feelings songs give you ever fade in time?",43
1k9tmlc,"Where is the line drawn between an ""audiophile"" and a music fan?",saladking1999,1745841121.0,7,https://www.reddit.com/r/LetsTalkMusic/comments/1k9tmlc/where_is_the_line_drawn_between_an_audiophile_and/,"By music fan, I mean someone who appreciates music as an art form, giving time to listening to records and immersing in the soundscapes, not necessarily a professional critic or a connoisseur, but a fan who enjoys music for what it is. Excluding casual music listeners who listen to music as a pastime or background sound.

An audiophile is someone who goes to great lengths to make sure that the sounds that they're listening to are of the highest quality. For this they will use equipment suited for such purpose, and devices or digital and physical recordings that are like so. 

The question is: can a music fan not care about the quality of the sounds that they're listening to but still appreciate the music? For example, a movie fan would much prefer watching a film on a screen larger than a mobile phone's, in acceptable quality, even if it's not a home theater with a 4K television and surround sound. Most ""casual"" fans would also probably avoid very low quality like 480p. Where's the threshold for someone who loves music?",66
1k91r9z,How did Metallica go from having a different and unique guitar tone on each album (think Kill 'Em All through the Black Album) to having basically the same tone over the past 16 years (from Death Magnetic to 72 Seasons)?,L4GNKODEX,1745753150.0,78,https://www.reddit.com/r/LetsTalkMusic/comments/1k91r9z/how_did_metallica_go_from_having_a_different_and/,"It's strange to me how this legendary thrash band went from having a unique guitar tone on each album to barely changing it over the last 16 years. This came about because I was just stewing in my head and thought ""damn, I'd love to hear what [Death Magnetic](https://music.youtube.com/playlist?list=OLAK5uy_lIZirsnSbg41CX1xYgibpRhMlZWOwb1LM&si=Uos-ZDO1gEzQHr68) would sound like with [...And Justice for All](https://music.youtube.com/playlist?list=OLAK5uy_nfd04cpVQ9Xv0UsOTBshL1TU6O2vz-rhg&si=mpukCfde0W5RtxcZ)'s tone.",43
1k8rrzz,Why such a difference in old/classic vs modern metal/rock sounds?,GatesOfEden7,1745715017.0,79,https://www.reddit.com/r/LetsTalkMusic/comments/1k8rrzz/why_such_a_difference_in_oldclassic_vs_modern/,"I've been a metal fan for pretty much most of my life and noticed two very different styles of sound that separates ""old"" vs ""modern"" metal that I'm trying to investigate. Throughout the 70s and 80s, producers such as Martin Birch produced many albums from artists such as Iron Maiden, Black Sabbath, Deep Purple, Rainbow, tons of others and although these records had a distinct ""Martin Birch sound,"" each of them still sounded very unique and different from one another. No two Iron Maiden albums from the 80s sounded the same. The same for other guys like Max Norman (Megadeth), Tom Allom (Judas Priest), and etc. Each album had a different ""color"" or ""flavor"" to it that was never repeated and each of them are so memorable because of that.



Whereas the ""modern"" sound that Andy Sneap pioneered just sounds homogenous and ""copy-pasted."" Barely any distinction between records because they all sound too similar to one another. It's like the sound's goal was ""production masturbation"" to see how much pristineness and polish could be achieved as much as possible which resulted in a sound that lacks in character. All of the guitar sounds are similar, the bass, and the drums from his mixes have this plasticy ""perfect"" sound to it that doesn't really sound real.



What are the causes of that? I really don't think it's just an analog vs digital thing because digital audio can model pretty much everything analog can do and then some, so in theory Andy Sneap should have had more capability in creating sound uniqueness but it just doesn't exist in his catalog of albums mixed/produced.



Any thoughts on this?",7
1k8w0yx,"I've been down a rabbit hole of Pearl Jam's ""Just Breathe"" and would like to share.",HoldEvenSteadier,1745729481.0,26,https://www.reddit.com/r/LetsTalkMusic/comments/1k8w0yx/ive_been_down_a_rabbit_hole_of_pearl_jams_just/,"For those who don't know, [*Just Breathe*](https://youtu.be/Eo-UKCxCglg() was released in 2009 on Pearl Jam's ""Backspacer"" album. Not their best known but tbh I'm not the right person to ask specifics of.

[The lyrics](https://i.imgur.com/PVePHjI.png) are something incredible though. An older man looking back and considering his life, feeling lucky to have loved, and grasping for comfort in it over an unspoken sense of fear. It's beautiful. The guitar is plucky and the notes tug at your emotions just like the honest delivery. Admittedly I'm a Pearl Jam fan in general and that bias led me to make this topic.

I found out that Miley Cyrus had [done a cover of it](https://youtu.be/l_ZOhMSPqVc) and figured I'd see if she did it well or massacred it. Turns out... she nails it. The emotion in her voice, the guttural sincerity - kinda makes me like it more than the original to be honest. I'm absolutely in love with this cover. It kills me.

So I looked up more covers!

Turns out Willie Nelson did [his own version](https://youtu.be/ow-Cx9IX4So) which is a completely different experience. It's a duet with his son and swaps the relationship the singer is cherishing from a romantic one to a father/son love. It's country, it's different, and I like this one too.

IMO, it's a testament to a song being well-written and brilliant if it's this accessible. It speaks to a common feeling in a simple, but absolutely precious and feral way. I really liked seeing various takes of this song and wanted to share it with others. Thank you for reading.",1
1k8txk2,I love indie acts that are their own brand of weird,NutSockMushroom,1745722016.0,18,https://www.reddit.com/r/LetsTalkMusic/comments/1k8txk2/i_love_indie_acts_that_are_their_own_brand_of/,"These are the main examples I'll be using (in the order I discovered them):

- Insane Clown Posse

- Buckethead

- King Gizzard and the Lizard Wizard

- Ween

I discovered ICP as a kid in the early 2000's and they were my first gimmick band, so they get the credit for introducing me to the concept. On the surface they appear to just be two clowns rapping about cartoonish acts of violence against [bigots](https://youtu.be/gUdaazr8amU?si=vCy3URi3xsLXH6P_) and [other people they don't like](https://youtu.be/ya4vGjx9LlA?si=T_gJ694kWF69mP75), but they've spent the last 35 years building an imaginary universe and a real-world empire around the idea of a [""dark carnival""](https://youtu.be/l9hUMmeB_LQ?si=6ohT3s7cq7V7fNza). It's not for everyone, and despite all the imitators who think painting your face and saying violent things over a beat are all there is to it, nobody else can match their specific flavor of weirdness.

Buckethead is a different style of weird; he wears a generic white mask and a ~~KFC~~ chicken bucket on his head, and rarely speaks publicly or from a first-person perspective. His [origin story](https://youtu.be/5YZLKIhJQ5o?si=wiVMyHHa0mz18FUS) is that he went ""psycho"" after being raised by chickens, and he plays a lot of [unconventional stuff](https://youtu.be/Zm7FCJv8_1o?si=WhsEDHj5zf1cINvr) on guitar. But on the other side of that, he is very [sentimental](https://youtu.be/ODzhJHS1aeE?si=LlNL6vKurwBGEpnV) and has dedicated numerous [songs](https://youtu.be/a1VGJHDNog4?si=jg-9CyEpuRrC-MqT) and [albums](https://youtube.com/playlist?list=PL6ogdCG3tAWhvr27xuk5DfQpHWGSys-F6&si=PDdfrU46pTvb24Fr) to various family members and [other people he likes](https://youtu.be/3yZg19-gM3E?si=KpL1m5N0HFmIXgGk). He is also the most prolific musical artist I'm aware of, with [hundreds of albums and EPs](https://en.wikipedia.org/wiki/Buckethead_discography) under his belt – it's as if he spends every waking moment with his guitar.

If you've ever discussed music on Reddit, then you've probably heard of King Gizzard and the Lizard Wizard. Instead of having character gimmicks like my last two examples, their brand of weird comes from their tendency to blend and jump between different genres of music. They are primarily a [psychedelic garage rock](https://youtube.com/playlist?list=OLAK5uy_nKJez7UEPUoD2YUkDXSti1iw5ll4GeZfs&si=8hiWKgy597-ffwTb) band but have blended it with [metal](https://youtube.com/playlist?list=PLc60gkdW0bcE2YqZlmkLz_8eWlHjvmXkF&si=QwbOxqPcXI2bsQNI), [blues](https://youtube.com/playlist?list=OLAK5uy_nsHT0Dzu3SFjafVazdeXO46rZw7IDW-L8&si=3L6cNljVdMU37xu1), [folk](https://youtube.com/playlist?list=OLAK5uy_mrhKFMaqstMW3E3kXlZF0F3Dsyjpw-0oU&si=zMyuQuXOfNtuFfxZ), [jazz](https://youtube.com/playlist?list=OLAK5uy_kt3-kxkUxHSn-oOb2Z-xYAzyoHmRH-iMg&si=0NtyYih7IixT1FIH), [prog rock](https://youtube.com/playlist?list=OLAK5uy_n7f-lo8FTL571-urzphg2p5tj9q-zneK4&si=0DQ3kYy-PXNfdV7H), [hip-hop](https://youtu.be/dsNawHKvYYU?si=dDxNBb949fyq-czS), [electronica](https://youtube.com/playlist?list=OLAK5uy_ndc_y0YANWAPKbNAja59tcyX2_t_F8kP8&si=HxMOgw0qR-ZGfUXR), and many other genres across the dozens of albums they've released. Most of their releases have been concept albums with specific themes, and although they've denied setting out to build ""The Gizzverse"", there are various recurring musical themes and characters that tie portions of their discography together.

Ween is another genre-bending rock band, and my most recent musical obsession. They make what they call ""brown"" music, which they've described as ""not right, but wrong in a good way""; I think the best example of this is their first studio album [*Chocolate and Cheese*](https://youtube.com/playlist?list=PLDED61B6492A368A8&si=XfWYJzQGwtNrlWBS). I tried to describe it here, but I think the point would be better made if you went and listened to it all the way through. Their nautical concept album [*The Mollusk*](https://youtube.com/playlist?list=PLUhabMFDAl5yKAR2ICUQ5QmM0vQvPzwf9&si=L80DDZvwmB5x_E5-) is credited as a huge inspiration for Spongebob Squarepants, and you can hear it from the very first song. Their first 3 albums were made before they had access to professional studio equipment, so they sound a lot like two kids goofing off in a garage together. You can basically hear them grow up if you start from the very beginning of their discography, which is as interesting as it is endearing to me.

The main thing these bands have in common is their large discographies. I think the more music an artist puts out, the more they flesh out their own universe that you can visit them in, and that little escape has become more important to me as I've gotten older.

**Can you relate? Do you know of any other bands that are hypnotically weird?**",23
1k8t313,Roll the Bones by Rush is a great album,MustangOrchard,1745719204.0,20,https://www.reddit.com/r/LetsTalkMusic/comments/1k8t313/roll_the_bones_by_rush_is_a_great_album/,"Released in 1991, Rush made it out of the 80s alive. The 80s ate many a band. There's rocking solos, a great instrumental, ballads, and Geddy's bass has such a rich tone. I even like the lyrics, which is something I don't generally pay attention to.

Rush got synth crazy in the heart of the 80s but this album is stripped down and more guitar heavy and I find it rocks harder than the albums in the mid to late 80s.

All in all solid album that I would listen to again without skipping any songs. ",30
1k9lvf7,Why does AJR get so much hate.,PianoMAN_123,1745810128.0,0,https://www.reddit.com/r/LetsTalkMusic/comments/1k9lvf7/why_does_ajr_get_so_much_hate/,"I know they have some obvious things such as over use of auto tune, and cliche lyrics. But other than these things what is the real reason AJR is so hated. I used to be an AJR fan and I got so much hate for it, and after getting tired or them I tried listening to them again it wasn't that bad. I wouldnt call them the best artists to ever walk to planet but they have a few good songs. I would like to know, coming from people who truly don't like AJR, why? Why the extream hate.",20
1k9mjv0,Dose anybody think that maby if Kurt Cobain didn't die most of Foo Fighters songs would be part of Nirvana,FarShame726,1745812445.0,0,https://www.reddit.com/r/LetsTalkMusic/comments/1k9mjv0/dose_anybody_think_that_maby_if_kurt_cobain_didnt/,"Someone give me thoughs please i dont know why i was thinking about this in the shower like if kurt didn't die do you think songs like everlong and my hero would be nirvana songs like with kurt cobain singing them and everything 

Someone give me thoughs please i dont know why i was thinking about this in the shower like if kurt didn't die do you think songs like everlong and my hero would be nirvana songs like with kurt cobain singing them and everything 

",9
1k89kq8,"John Lennon's weird vocals on Bowie’s ""Fame"" might be the most Yoko Ono thing he ever did",LarBrd33,1745662025.0,167,https://www.reddit.com/r/LetsTalkMusic/comments/1k89kq8/john_lennons_weird_vocals_on_bowies_fame_might_be/,"I was on wiki reading about the famous half-joking offer Lorne Michaels made to have the the Beatles appear on SNL, and Lennon/McCartney allegedly actually being in New York and considering it, but before you know it, I was doing a wiki deep dive into Lennon's 1970s career, his brief ""retirement"" where he was just chillin in New York raising his son, his separation from Yoko, and some of the collabs he had with Mick Jagger, Elton John and Bowie.

Specifically, his collab with Bowie on [""Fame""](https://youtu.be/Ypgq0qdgVZA) caught my attention as I'd heard the song a billion times, but somehow never knew Lennon produced it, didn't know it started as just them screwing around with a guitar riff from another song (""[Footstompin](https://youtu.be/bZTwnR9nLvY)'""), and didn't realize that was Lennon himself with the high pitched nasally ""FAME!"" interjections between Bowie's lyrics.  That song went on to be Bowie's first to reach No 1 in the US.

What's interesting to me, though, is that once I recognized it was his voice I immediately realized everything about John's vocal contribution reminded me of Yoko Ono.

I tried to see if anyone else had made that specific connection, but I haven't found anything written about it.  I found lots of writers saying ""john helped write it"" or ""he sang backup"", but not much seems to be made of how much the actual sound of his performance is owed to Yoko's influence.  The way he screams the word, floats slightly behind the beat, doesn't worry about pitch... it's way more Yoko than anything he did with the Beatles. You can almost imagine it being Yoko herself screaming ""Fame"" while John sings the main lyrics.

It's primal, messy, almost percussive.  Like he's stabbing the track with his voice.  Very in-line with Yoko's avant-garde experimental style.  If you haven't heard it, the song ""[Why](https://youtu.be/VlY4oxfma_Y)"" is a good example of pure Yoko.

It's funny that there's this perception of Yoko ""ruining"" Lennon tracks with her weird interjections and in a way, you can say it was John doing his version of the same thing on the Bowie track.

I genuinely don't share this as a Yoko hater. Obviously she got dumped on a lot back then, but I have some appreciation for it and think it had real value.  The idea of breaking down the idea of melody and rhythm in favor of raw emotion.  Howling, shrieking, bending time.  Her voice an instrument.  It clearly wasn't for everyone, but you can see how it influenced a lot of later music.  Whether earlier punk acts like Patti Smith and the Sex Pistols, or later experimental and indie bands like Sonic Youth and even parts of Nirvana (Cobain appreciated her work and famously called her the first female punk rocker) — you can hear that same spirit Yoko was championing: emotion over perfection, noise over polish, raw honesty over clean production. When you hear experimental sound collages on songs like Frank Ocean's ""[White Ferrari](https://youtu.be/Dlz_XHeUUis?t=150)"" or raw distorted noise on songs like Charli XCX's ""[Forever](https://youtu.be/COKJ_gdTkIY?t=77)"", you could argue they wouldn't exist without Yoko's prior work. Even a lot of modern artists who blend art and music, like Björk or FKA Twigs, are basically walking through a door Yoko helped kick open decades earlier.

John himself, obviously, was influenced by it in a lot of his solo work on songs like ""[Mother](https://youtu.be/3D0nMzHjMR8)"" and ""[Cold Turkey](https://youtu.be/xqVe9UKfSmI)"", particularly the endings of those songs, but I just thought it was interesting that he was doing it on Fame and I somehow never realized it.  Curious if anyone else noticed it or if this is just some common knowledge that somehow I didn't know.",29
1k8pdm3,What goes through your mind when you listen to music?,SeaConstruction4067,1745707738.0,11,https://www.reddit.com/r/LetsTalkMusic/comments/1k8pdm3/what_goes_through_your_mind_when_you_listen_to/,"Do you just simply appreciate the lyrics, vocals, and/or instrumentals? Do you invision a scenario that matches the song? Do you make up a fantasy to match the song? Do you picture your own life, like the song is narrating it? Do you imagine the artists performing? Do you imagine yourself performing? Does it depend on what artists or genres you're listening to? If you answer, could you also state what genre(s) you listen to most? I'm just really curious what goes through people's minds when they listen to music. I imagine it's different for everyone. ",43
1k7tibe,Remember Magna-Fi?,EatPizzaItIsGreat,1745609085.0,0,https://www.reddit.com/r/LetsTalkMusic/comments/1k7tibe/remember_magnafi/,"Magna-Fi was a hard rock (or you could argue heavy metal) band from Las Vegas, Nevada which started in 2001 consisting of Mike Szuter, CJ Szuter, Robert Kley, and Charlie Smaldino and had there first album Burn Out the Stars in 2002 under Gold Circle Records which during the release something we don't quite know happened and it only got to the promo stage (ie the blue cover maxi case version) and then in March 2003 they self released it (ie the green cover) and then later that year they were picked up by Aezra Records and in June 2004 they put loads of money into them and released Burn Out the Stars as a wide release (ie the red cover) and removed one track from the album ""Ex-Ok"" was the one removed and that year they played second stage at Ozzfear 2004 wow",3
1k6w133,Can't connect with Jason Isbell,brownwaterbandit,1745510786.0,32,https://www.reddit.com/r/LetsTalkMusic/comments/1k6w133/cant_connect_with_jason_isbell/,"I really wanted to fall in love with Jason Isbell's music, and for the longest time, before doing an actual deep(ish) dive on his catalogue, I was blindly certain I would be into him. But then I finally began to attack his discography and came away feeling, like, maximally lukewarm about it? From all the stuff I'd heard and read leading up to my dive, I was expecting some kind of second coming of \[insert legendary songwriter\], but instead found the depth and quality to be barely above top-40 country; a slightly better but highly derivative version of what's been around since the 90's. Kind of just left scratching my head- sorry for being so vague. I admittedly haven't consumed it ALL yet, but am just wondering if there's something I'm missing when it comes to understanding/appreciating this artist?",43
1k6uv9w,Let’s Talk: Lucinda Williams,wildistherewind,1745508005.0,31,https://www.reddit.com/r/LetsTalkMusic/comments/1k6uv9w/lets_talk_lucinda_williams/,"A few weeks ago, it occurred to me that I don’t really know very much about Lucinda Williams - I had heard maybe two of her albums and respect her work, but that was it. I sought out to listen and learn more and I’m pretty blown away by her career arc. Let’s talk about Lucinda Williams.

This week I listened to her 1979 album *Ramblin’ On My Mind*, which was a tremendous, pleasant surprise. It’s a blues album, which I did not expect; one that was released on the Folkways label, whose mission at the time was to promote folk and traditional music from around the world. *Ramblin’* was recorded when Williams was 25 and it has intriguing takes on traditional songs as well as Delta blues deep cuts (“Malted Milk Blues”, by Robert Johnson, is a stand out on here). AllMusic gives it a 2/5 rating but I swear you will find something you like here if you are a fan of blues music and have an open mind. She released another album of blues music in 1980 and, to some degree, vanished. She moved around, was married and divorced, and had trouble getting her music signed.

Rough Trade Records eventually signed her and in 1988, aged 35, she had a breakthrough with her self-titled album. The mid-to-late 80s had a blip in alternative (but not too alternative) country and I think she slipped into the mix at exactly the right time. “Passionate Kisses” from this album became a hit for Mary Chapin Carpenter a couple of years later.

In 1998, Williams released another critically acclaimed album, *Car Wheels On A Gravel Road*, that shifted her sound again. It’s probably her most well-known, well-regarded album and the one most indicative of a large part of her career. It’s the one you’ll probably want to start with if you haven’t heard any of these other albums or songs.

What’s surprising to me is that her career goes against a lot of the implied rules of the music industry. She started recording music in her mid-20s, didn’t have much success until her mid-30s, and released her most acclaimed work in her mid-40s.

What are your thoughts on her, her music, and her career? If you are a long-time fan of her music, how were you introduced to it?",16
1k6wvd8,Why is it that we start to enjoy genres that we previously disliked?,Accomplished_View650,1745512827.0,23,https://www.reddit.com/r/LetsTalkMusic/comments/1k6wvd8/why_is_it_that_we_start_to_enjoy_genres_that_we/,"Hello everyone,

first post here. So, obviously, the experiences we make as human beings shape our identity and the things we like. A cool party with a particular style of music might make you actually enjoy the genre and connect a certain experience to it.

For example, I absolutely used to hate Techno. It was everything I didn't like, really basic rhythm, same dull bass, no intro->buildup->drop structure that was so familiar to me from listening to Bass (Trap, Dubstep, DnB etc).

Over time, I discovered some techno songs that I actually liked somewhat, but it never felt like it's mine.

Then some time passed and at one point, I decided to go to a local rave. I don't remember why I decided this way, I think bc it was hosted by a friend of mine and some other friends were also going.

I think at this point, I already started to like techno a bit more. Even though it was a pretty small rave, I loved the experience. People just jumping together, dancing together, enjoying themselves. Sure, I knew this from other parties or concerts. But this felt different.

There was an energy in this music that I loved, I just didn't know it yet. I mean, I enjoyed some stuff that goes into a techno direction before, but never really identified it as techno.

Some more time passed and I met a DJ that also focuses on techno and house and he showed me even more stuff that I enjoyed. Watched him perform a couple of times and was hooked.

Now I have to say, there's still lots of techno that I find boring and repetitive. But so I feel about a lot of trap (oh God), dubstep (oooh God) and other genres aswell.

But a good chunk of the music I listen to on a daily basis is effectively techno. Especially nowadays, where genres aren't as defined as they used to and everything blends together, it's really convenient to discover an artist or two that take you on a journey and make you discover more and more that you enjoy.

I also had a similar experience with Frenchcore, Hardcore, Hardstyle and Psytrance/Goa. Used to heavily dislike these genres and now they're part of playlists.

How often did you experience such a shift in style and why do you think it happens?",17
1k7t6l4,Recommendations other than Spotify,SharpRisk4175,1745608248.0,0,https://www.reddit.com/r/LetsTalkMusic/comments/1k7t6l4/recommendations_other_than_spotify/,"So I've been using Spotify for about 6-7 years now and the pricing of it has gone up recently which I'm upset about, I don't want to pay the $13 it is now. My main question is, is there any app for Android that acts the same as Spotify that I don't have to pay for?

Again I'm an android user so can't do apple music or anything like that, I don't like downloading music to my phone because that takes too much space and I'd have to open the file every time I want to hear a song, so that gets annoying.

Any help is appreciated, I just don't want to have to pay to listen to music anymore.

Thanks!",42
1k71s97,Escape- Rupert Holmes,Diamondflowerx231,1745524674.0,6,https://www.reddit.com/r/LetsTalkMusic/comments/1k71s97/escape_rupert_holmes/,"I love how the song is just a chill vibe song.. about a guy trying to cheat on his wife

Just picture this:
 Wife puts an ad out in a paper to meet a friend/more than friend behind her husband's back
Husband replies, not knowing his wife, arranging plans to meet up for a date
She walks into the bar and realises it was him all along and is happy that he knew it was her all along

"" And she said 'oh it's you'
Then we laughed for a moment
And I said 'I never knew...' ""

(In this moment I imagine the wife's face becoming quite angry when she realises he was trying to cheat on her and so it quickly cuts to the chorus where he tries to play it off)

"" ..That you like pina coladas! Getting caught in the rain! ""

Edit: Yes, I know she was trying to cheat on him too, I just have a little giggle at that line every time",11
1k6gfnp,"Tool, Radiohead, and Arcade Fire (WE) might all be using the Golden Ratio on purpose",tshirt_with_wolves,1745459066.0,106,https://www.reddit.com/r/LetsTalkMusic/comments/1k6gfnp/tool_radiohead_and_arcade_fire_we_might_all_be/,"I’ve been spiraling (pun intended) into this weird theory and now I can’t unsee it: Tool, Radiohead, and Arcade Fire are all using the golden ratio and Fibonacci sequence in their albums—and it seems way too precise to be a coincidence.

We already know Tool has been doing this forever. Lateralus follows the Fibonacci sequence in the syllables, time signatures, even the themes. They’re not even hiding it.

But here’s where it gets wild:

Radiohead’s In Rainbows is 42:43 long. If you go 61.8% in—that’s the golden ratio—you land at about 2:49 into “Reckoner.” That’s exactly when Thom Yorke’s voice lifts, the backing vocals come in, the mood shifts, and you hear the words “In Rainbows” whispered for the first time. Like… c’mon.

Now fast forward to Arcade Fire’s WE. That album’s 40:48 long, which puts the golden ratio point at 25:22. And at that exact moment—3:55 into “End of the Empire IV”—Win sings just one word: “I.”

Think about that. An album all about “I” vs “WE,” and right at the golden ratio, he says “I.” That has to be deliberate.

Also, both In Rainbows and WE were produced by Nigel Godrich, who clearly knows what he’s doing. There’s no way this is accidental.

And then there’s the eyeball - Tool’s most recent tour had this huge eyeball visual at the center of the stage—staring straight out at the crowd - WE’s album cover? A massive, all-seeing eye, floating in space.

Maybe it’s just a motif. Or maybe it ties into the whole idea of perception, awakening, spirals, the “I” becoming the “eye.” These bands aren’t just writing songs—they’re building experiences that feel aware of you. Like the moment you notice the math… the art is staring back.

Anyway, I might be too deep in this, but it’s been tripping me out. Anyone else caught stuff like this in other records?",75
1k5yb0h,What caused the disappearance of bands in popular music?,use_vpn_orlozeacount,1745412487.0,340,https://www.reddit.com/r/LetsTalkMusic/comments/1k5yb0h/what_caused_the_disappearance_of_bands_in_popular/,"I was scrolling through Spotify's most listened artists and realized that in top 50 only 5 were bands. Even if you go to top 100, just 11 are bands - rest are solo artists or DJ/producers.

It feels like bands used to dominate pop and rock music, especially in the '60s through early 2000s, but now it seems like the mainstream is almost entirely solo acts.

What caused this? Are solo artists just easier to manage and market? Are bands just not what people want to hear anymore? 

Curious what everyone thinks. Hopefully this is just a phase as I’m personally a huge fan of bands.",264
1k7bh72,Streaming is robbery and labels/distributors are soulless.,None,1745552368.0,0,https://www.reddit.com/r/LetsTalkMusic/comments/1k7bh72/streaming_is_robbery_and_labelsdistributors_are/,"There, I said it.

  
For starters we all know that in the current atmosphere of ""the music business"" we're expected to whore our own hard crafted music out to some digital distro and then accept .004 of a penny as recompense for a song sale of one of the usual streaming sites. Are you fucking kidding me?

I've seen some waffle on here and other social media from people saying ""I'm blah-blah-blah with X years of experience as a (fill in the blanks) and I'm wondering what you all think of my idea for a New Way Of Doing Shit.""

OK, I appreciate that you may legitimately have our best interests at heart but basically all we want as artists is to be able to sell a song for a dollar a download and not have any fucking middlemen ""review"" our work for weeks or months just to make sure it's acceptable to some grunt in the office who has their own mental illnesses and foibles to battle as well as acting like a guard dog for the distro. Fuck all that malarky. Artists are not stupid. And we are not beggars. And we don't need anybody's permission to offer our music for sale. We just want somehow to legitimately sell our stuff directly to people who want to buy it in as simple and uninsulting  a manner as possible.

This isn't the fucking stone age when everything HAD to dealt with by some corporate record label OR ELSE. We've moved on from those nasty old days, we now have recording capabilities at home and the whole internet as a potential audience, so how come we still don't have an honest way to just sell our music at a fair price? Why are we allowing ourselves to be cheated like this? Name anything else you can buy for .004 of a penny that gives you as much pleasure as music from some artist you like.

As artists we create goods and we want to sell them. That is all. Now can somebody out there actually achieve this?",69
1k5zz18,Spotify makes me fall in love with songs - not artists,katerina_troup,1745417001.0,95,https://www.reddit.com/r/LetsTalkMusic/comments/1k5zz18/spotify_makes_me_fall_in_love_with_songs_not/,"I’ve noticed a pattern in the way I listen to music, and I’m wondering if others relate.

All my life, I’ve listened to music exclusively through streaming services — YouTube, Spotify, etc. I’ve never owned CDs or vinyls, and as a result, I’ve developed the habit of listening to individual songs rather than exploring entire discographies.
 
EDIT: I'm not blaming Spotify by any means, just saying that with the insane variety of songs in there it's very easy to listen to music the way I do, whereas with CDs and vinyls people bought entire albums and had a much more limited range.

I often find songs randomly — through Spotify recommendations, other people’s playlists, or just browsing through a band’s discography. I might end up liking 5–10 songs by a band (not necessarily the most popular ones), but instead of staying with that band and exploring their albums or deeper cuts, I move on to the next artist. 

This has led me to know and love songs by hundreds of different artists… but not really know any artist deeply. I don’t have a favorite artist. I’ve never done a full deep dive into a discography. I mostly shuffle my liked songs or curate playlists based on moods, themes, or aesthetics — not by artist or genre.

Has anyone else experienced this? Is this just a side effect of algorithm-driven music culture? Sometimes I feel like I’m not a “real” music lover because I don’t have that one band I could talk about for hours. But maybe this fragmented way of listening is just how things work now?

",57
1k5jik5,I am so fucking tired of classic rock,debbieyumyum1965,1745360927.0,1562,https://www.reddit.com/r/LetsTalkMusic/comments/1k5jik5/i_am_so_fucking_tired_of_classic_rock/,"My band is playing a show at a cook-out in July. It's a stupid fit for us, but I guess a gig is a gig (atleast according to our bassist, who's older coworker suggested we come and play it). Of course our music is far too discordant to jive with what will almost assuredly be a group of drunk 50-60 year olds who insist that music hasn't been worth listening to since 1985, so we've been asked to learn from a list of covers that have been handed to us and keep the originals to a minimum.

I take a look at the list and instantly I've lost any interest in doing this shit, because of course it's all shit from the 70's and 80's, and not the deepcuts but the usual staples (War pigs, Layla, Whole lotta love, Welcome to the jungle, you get the gist). It's not that I'm above this kind of music, I still listen to the occasional Sabbath or Zeppelin song, but it's always the same fucking shit at these events. I know we'll get up there and play them and when we get off there will always be some drunk uncle telling us ""man you guys are cool for your age! You like the good shit!"" even though we are all in our 30s and none of us have cared for any of this shit since we were in grade school. 

It's gotten to the point in my life were I will actively avoid talking about playing in a band with older family members and friends, because the minute they know I play guitar they start talking about Slash, or Clapton or Steve Vai or an assortment of other guitarists and musicians who I haven't cared about since I was 13 and I have to feign interest in how ""they played with soul"" and how ""they revolutionized music"" and I just want to die a thousand deaths or live in a universe where the only music that plays on the radio is polka and swing. Of course I don't tell them that I absolutely fucking despise talking about this shit for the millionth time, because I'm not going to ruin their buzz shitting on stuff they love, but fuck do I feel like I could write a 100,000 word essay on how much I've come to despise ""the greats"". 

I won't diminish the influence the 70's and 80's had on popular music, some of my favourite bands were inspired by that generation. Classic rock is a great stepping stone into popular music at large, but the general audience has been stuck on wanting it to make a comeback for like 30 years now and it's not going to happen. Get over it. Listen to something new. 

To me that generation has become a cohort of tired old dinosaurs who insist on being the greatest generation of music despite not putting out anything worth listening to in over 35 years and still going despite not being able to bring a fraction of energy to their shows or albums that made them worth following in the first place. They continue to linger and suck up all the air in the room on their 100th reunion tour while everyone worth listening to is fucking broke. 

I'm sorry if this is a particularly bitter and ranty post, in some ways I feel like an old man yelling at an old man yelling at a cloud. At the end of the day, I'm not so sure if it's the music I dislike or just the general culture that has formed around it, or maybe a bit of both. 

Edit: I should have clarified I didn't want to do this show, but I was overruled in a vote of 3 to 1

Edit 2: I like the more underground stuff from the above stated time period. As someone else stated I should have clarified that in talking more about radio rock.

Edit 3: We aren't a cover band, we do originals. The caveat that this gig would be mostly covers wasn't revealed to me until after it had been accepted. ",893
1k7etuj,Let’s talk: Playboi Carti,Shrekinator18,1745564992.0,0,https://www.reddit.com/r/LetsTalkMusic/comments/1k7etuj/lets_talk_playboi_carti/,"Carti is deadass the best to ever do it. There is not one artist that has made a better album than “Whole Lotta Red”. I think people don’t understand why Carti is the goat mainly because they haven’t heard his unreleased discography. Specially during his “Whole Lotta Red v2” era with songs like “u kan do it too” “trenches” “breathing” or “friends”. After I listened to Carti’s “Whole Lotta Red v2” music I started dedicating my life to him he deadass is god. Don’t even get me started on I AM MUSIC aka his new album. That album was worth the 5 years of waiting it’s so good it’s the only thing I have been listening to since march 14th 7:30 AM. People needa start giving Carti credit for changing the music industry for the better. I feel like nowadays you have so much bullshit ass music that the locals listen to like drake, Kendrick Lamar, or even horrendous ass fucking music like rod wave. God his music is so ass he fat as hell too. Point is playboi carti is the best to ever do it and people need to start realizing that. ",19
1k64bt4,"Does the convention of calling someone a “____head” (i.e., hip hop head, indiehead) come from the term “Deadhead”?",ShinyBredLitwick,1745427672.0,30,https://www.reddit.com/r/LetsTalkMusic/comments/1k64bt4/does_the_convention_of_calling_someone_a_head_ie/,"I started wondering this recently. I thought it was interesting many of the major music subreddits that are most popular with the most activity in my experience (indiehead, hip hop head, pophead) all have “head” at the end. There’s another term called “old head” used in hip hop spaces to describe someone who is, well, just old. 

This got me thinking about how a dedicated Grateful Dead fan is called a “Dead head”, and that got me thinking about the possibilities that this colloquialism comes from the term. It is the earliest of all of these terms. Of course it would predate hip hop head, which is what i thought the term came from, because the Grateful Dead as a band predates hip hop as a genre. (and it’s also ironic considering Jerry Garcia’s reductive take that hip hop isn’t music (I’m a huge Dead fan but yea, i disagree with Jerry that hip hop isn’t music (I’m also a huge fan of nested parentheses))). 

I know that “deadheading” is a term used to describe people who are attending an event either for free or with a free ticket, and that it’s also used in trucking and aviation. But, obviously I’m more interested in its use as jargon for music appreciation. Probably more of a discussion for an etymology community, but I thought it was worth sharing. ",17
1k5z0e7,Music In Adverts,tombarnes_dnb,1745414458.0,8,https://www.reddit.com/r/LetsTalkMusic/comments/1k5z0e7/music_in_adverts/,"Before I start, I want the main takeaway from this conversation to be about the originality and integrity of music as an art form.

Ok. Seriously. What happened to original jingles written for ads? It seems like every commercial whether it be a cleaning product or Streaming service are all recycling great songs, butchering them with outrageously chopped edits or replacing catchy words with their own product. I could name hundreds but it would take all day, and I avoid adverts as much as possible.

For marketing purposes, I understand wanting something catchy but for the love of all things holy, why can't they just pay for an original song or jingle? Artists are out here struggling to eat meanwhile you reduce Queen to an anti-bacterial floor sanitizer. Can we please collectively ask to stop marketing teams committing this sin and go back to how things used to be.

Feel free to share your examples or disagree.",11
1k5vmin,An Essay About Loops,Reasonable_Abies6167,1745403434.0,9,https://www.reddit.com/r/LetsTalkMusic/comments/1k5vmin/an_essay_about_loops/,"I think it was J Dilla who first showed me, back in 2005, just how powerful a short, looped beat could be. I remember walking around the city, listening to the same beat for 20, 30 minutes… sometimes even an hour. I was actually meditating without knowing it.

Back then, I used to think that a real track needed complexity: layered instruments, a structured development, at least 8 or 16 bars. So I was a bit confused by these beats. Were they music? Just a draft?

And yet, these loops weren’t ambient music either. Ambient, to me, was always connected to meditative, calming sounds and synths. But this was something else. This had groove. Grit. And still, that same meditative effect.

But the crazy thing about loops is that there is a very thin line between a boring repetition and something that can really work out in your brain.

Over the past 20 years, I’ve been trying to create or maybe find my musical identity (I’m still not sure if I’m a beatmaker or a producer), and honestly, I don’t care anymore. What I do know is this: I love creating loops. That’s it. Period. And most of the time, two bars are enough.

Two bars. Not four or eight. Just two. I don’t really know why, but something about that length feels like home. Maybe it’s the speed. It allows me to make quick decisions while still choosing my samples and drum sounds with care.

This isn’t meant to be some big reflection; it’s more of a therapeutic text. A way of saying I finally feel like I know what I love doing musically, without judgment, without feeling like it’s not enough.

To wrap this up, I’ll leave you with a 20-minute loop by J Dilla (https://youtu.be/LrC9IGf1Qm0?feature=shared) and a quote from the master Brian Eno: “Repetition is a form of change.”

How many bars is your take?",4
1k5ut2o,Vinyl vs CD,rodeoastroo,1745400062.0,9,https://www.reddit.com/r/LetsTalkMusic/comments/1k5ut2o/vinyl_vs_cd/,"This past year and a half I started getting into vinyl collecting, I bought a beginner turntable/speaker combo for 300 bucks and I have around 40 records right now. I really like collecting them and having a physical way of appreciating the music and my favorite albums, but I find myself actually playing a record only like three times a month.

Now I'm at a point where I either want to buy a better turntable and hope I will experience more fun in listening through vinyl, *or* I ditch the vinyl collecting hobby and switch to cd's. Mainly because collecting cd's is a lot cheaper and could, I think, still scratch that collector's itch while having higher sound quality.

I do really like how a record has the complete package though; big cover, posters inside, inner sleeves, lyric sheets, you name it. I feel like CD's have less of this and might feel less special. Then again with cd's you can create a 'bigger' collection of music for way less money, and they don't require that immense care a vinyl record does, which admittedly feels like a hassle sometimes.

Anyone else in here that faced the same problem and has some insightful thoughts on this? I feel kind of in between right now because it feels like a waste if I sell all my records now and start a cd collection",22
1k6l5zw,Is it fair to say that David Bowie was the most eclectic artist of all time?,Revolutionary_Low_90,1745474862.0,0,https://www.reddit.com/r/LetsTalkMusic/comments/1k6l5zw/is_it_fair_to_say_that_david_bowie_was_the_most/,"Let's debate. There's a lot of artists that incorporate many styles and genres into their career from start and finish, such as The Beatles, Bjork and Ween. But, which artist had the most impactful genre-blending innovation in history? Can it be Bowie? Zappa? The Beatles may be the most memorable one, but in a short time they made a lot of great albums. But, what about Bowie? His impact of music and his eclecticism had an everlasting influence on everyone from Nine Inch Nails to Kanye West. So, who do you think is the most eclectic artist of all time?

(NOTE: I wrote this all by myself. No ChatGPT because fuck it.)",15
1k58pn2,Old Recordings Under Threat,wahwahwaaaaaah,1745334654.0,85,https://www.reddit.com/r/LetsTalkMusic/comments/1k58pn2/old_recordings_under_threat/,"I collect records, and have a small collection of 78s (Old records made of shellac that contain some of the oldest recordings available). Currently, there's a push by record companies to sue the internet archives to remove the archive's collection of 78 recordings, even though a huge amount of them are in the public domain, having reached the end of their copyright. The internet archive is such an important tool for the recording of our memories of history, which allows public access to these recordings for our benefit. What are your thoughts on the  preservation and cataloging of recordings and music, especially by way of the internet archives? 

Also, here is the link to the change.org petition to stop the lawsuit https://chng.it/HKZbkCHTvh
",17
1k57cbf,Album 1 of 75: The Replacements- Let It Be,StrykerTiger77,1745331217.0,64,https://www.reddit.com/r/LetsTalkMusic/comments/1k57cbf/album_1_of_75_the_replacements_let_it_be/,"Last week I asked you all for album recommendations to broaden my musical horizons. This is the first album I have listened to and these are my thoughts on it. I encourage you all to listen to it too and let me know what you liked and disliked!!

I will dare: 
kind of gives a Lindsey buckingham “holiday road” vibe. I like the lyrics and how easy they get stuck in your head. Simple but melodically sound structure. I like the guitar solo not being overly complex, but just light and fun. 

Favorite thing:
Much more “Punk” than the first track. Love the harmonies in the voices for the chorus. The driving beat on the drums make it a very pumped up song!

We’re comin’ out:
Definitely an anthem I can see teens banging heads to 40 years ago. Great instrumentation, keeping that upbeat feeling, then a fantastic transition into a slow snapping section. I didn’t love it at first as it’s a very aggressive but it’s growing on me. 

Tommy gets his tonsils out:
Very fun song, kind of gives me a “they might be giants” feeling if they rocked a little harder. Silly overall

Androgynous:
Love this one!! A great song melodically, I love the soft percussion with the piano and the quiet vocals behind the lead singer. A mix up from the first songs on the album, it’s a great song for a rainy day. “He might be a father, but he sure ain’t a dad” Brilliantly poetic

Black diamond:
Great classic rock banger. Get hints of Bon Jovi’s “runaway” in this song. The drums are jamming the entire song along with some sick guitar solos. 

Unsatisfied:
I like the doubled acoustic guitar intro into a strong backbeat verse one. Strong vocals with a heartbreaking message. “Look me in the eye and tell me that I’m satisfied” is such a powerful line. 

Seen your video:
Catchy drum and guitar intro that is very 80s. A mostly non lyrical jam that feels like it’s speaking to you. Great high hat slow down that turns into a driving bass and piano section. 

Gary’s got a boner: 
Definitely the weirdest song on the album if that wasn’t obvious by the title. The lyrics definitely do not work in today’s day and age and even the instrumentation feels a bit sloppy and all over the place. 

Sixteen blues:
Definitely encapsulates the feeling of being 16, everything moves too slow, you’re trying to act like you’re more than you are and you feel like no one understands you. Confused sexually and emotionally. As to the music it’s got fantastic lyrics that fit right into the grove of the subtly beautiful bass line. 

Answering machine:
A brilliant tie up to the album. Starting out with just lyrics and guitar. “How do you say goodnight to the answering machine?” Followed by the answering machine voice, going into a beautiful staccato guitar breakdown with shaker in the background. The repetition in the answering machine saying “if you need help” is tragically beautiful. 

Overall I really liked my listen though of this album and it definitely has some songs I’ll be putting on repeat. My favorite of the album was definitely “androgynous” followed closely by “I will dare”
I would give this album an 8/10",27
1k5k0n6,"I was reminded of the Satan song Twenty Twenty Five today and the lyric ""holy men and kings would die, In the year Twenty Twenty Five""",Martipar,1745362301.0,3,https://www.reddit.com/r/LetsTalkMusic/comments/1k5k0n6/i_was_reminded_of_the_satan_song_twenty_twenty/,"Considering the Pope is both I figured it was quite prophetic, what other songs about certain dates or events managed to come true? I'm not talking vague Nostradamus style ""In the future people will wear blue"" but something more solid like the above example, something that makes you go ""huh, what a strange coincidence, there's no way they could've known for sure."" 

I would love to hear examples, the more prescient the better. ",11
1k5ukxm,"Is drumming in music a necessary need, or just what is considered normal?",luisVilbro,1745399107.0,0,https://www.reddit.com/r/LetsTalkMusic/comments/1k5ukxm/is_drumming_in_music_a_necessary_need_or_just/,"Don't you feel like drums or percussion in general are often used in excess? Making music myself, I rarely find moments where drums are required, and often times I've had them because ""that's what's normal,"" whatever. 

I don't make ambient music, I make more of a mixture of genres, and even though (for me), I use drums in sections that need more impact or energy only, like in what orchestras would do with timpani. Am I crazy?

I know a lot of genres like EDM and electronic drums are like the main thing, but what about other genres? Here in Portugal, we have a music genre called ""Fado"", and it's mostly classic guitars and a vocalist, no need for drumming. That's just an example.",39
1k4fo3n,"What Have You Been Listening To? - Week of April 21, 2025",AutoModerator,1745247655.0,9,https://www.reddit.com/r/LetsTalkMusic/comments/1k4fo3n/what_have_you_been_listening_to_week_of_april_21/,"Each week a WHYBLT? thread will be posted, where we can talk about what music we’ve been listening to. The recommended format is as follows.

Band/Album Name: A description of the band/album and what you find enjoyable/interesting/terrible/whatever about them/it. Try to really show what they’re about, what their sound is like, what artists they are influenced by/have influenced or some other means of describing their music.

[Artist Name – Song Name](www.youtube.com/watch?v=PxLB70G-tRY) If you’d like to give a short description of the song then feel free

PLEASE INCLUDE YOUTUBE, SOUNDCLOUD, SPOTIFY, ETC LINKS! Recommendations for similar artists are preferable too.

This thread is meant to encourage sharing of music and promote discussion about artists. Any post that just puts up a youtube link or says “I've been listening to Radiohead; they are my favorite band.” will be removed. Make an effort to really talk about what you’ve been listening to. Self-promotion is also not allowed.",12
1k3r2k5,What happened to white boy reggae?,spicoli420,1745168302.0,192,https://www.reddit.com/r/LetsTalkMusic/comments/1k3r2k5/what_happened_to_white_boy_reggae/,"As someone who grew up near the beach, white boy reggae felt inescapable. There were the progenitors of this sound in the 90s like sublime and then various ska bands (and the OG white boy reggae band, the police), but I feel like this really exploded in the 2000s. Bands like soja, rebelution, the expendables, passafire, iration and even slightly stoopid with their later output and many more felt like they were everywhere for a bit. In beach bars, on warped tour.

You can still hear this music at the beach and there’s a decently sized fest that happens in Florida with all the big names, but I’m talking about newer bands. I’m probably way out of touch since I don’t listen to this music at all other than when I’m feeling nostalgic, but there feels like there’s a lack of newer bands hitting that level of popularity nowadays.

Is it a faux pas nowadays to make white boy reggae because of being labeled “cringe”? Is the market for it just not there anymore?

Growing up for me, it was a 50/50 shot that at parties you either heard reggae or top 40 rap playing on the aux. We put it on when we smoked or went to the beach. It was all the ~cool~ kids listened to. The pinnacle of this was everyone worshipping this kid at my high school who started a band that only had moderate local success. 

I saw a bunch of these bands live and the shows were always great and much better performance and sound wise than a lot of other scenes around that time (probably due to the music being laid back and simpler, unless you had the worlds worst sound guy it’d be hard to fuck up that mix). Dare I say they were super fun. When I got to college in the 2010s it seemed like this music fell off a cliff. Saw a couple bands here and there come through town but it wasn’t like before.

As a much bigger fan of ~real~, classic reggae, dub and dancehall, yes it always felt a little corny that sometimes 5 white dudes with dreads from San Diego or even slightly more egregious, some buttfuck nowhere town in the Midwest or some shit were making reggae about smoking weed and going to the beach and other mundane topics. Maybe they even had slight Jamaican/patois accents and affectations in their singing. It felt like this was never called out as “problematic” or appropriation or anything though, I mean these bands were everywhere and there were tons of them so it at least had the appearance of being culturally acceptable.

Did this corniness become socially unacceptable in our modern “cringe” reactionary culture where kids hide behind 10 layers of irony as some kind of weird defense mechanism to any perceived criticism? Why aren’t there any people doing it “ironically” then? What happened to trustafarians? Do these bands just not happen anymore?

I mean for me personally, a lot of it does seem super corny to me now, and it kinda always did anyways but there’s still some nostalgia factor for it to me, because when I hear some of those songs, I’m transported to being in car blazed out of my mind heading to the beach as a kid. 



",181
1k419sy,Hip Hop is Not Exlcusively Rap,me_bruv,1745197193.0,29,https://www.reddit.com/r/LetsTalkMusic/comments/1k419sy/hip_hop_is_not_exlcusively_rap/,"I believe that many people have the misconception that all hip hop music must solely focus and rapping, and I believe that is simply an incorrect perspective. There are many songs and albums that fall distinctly within the hip hop while blending with other genres. 

Here is a list of examples of some albums that fall within hip hop but have little focus on rapping:

Miseducation of Lauryn Hill - Lauryn Hill
Igor - Tyler, the creator
""Awaken, My Love!"" - Childish Gambino
Man On The Moon - Kid Cudi
Donuts - J Dilla

What do you all think about this? 
",71
1k3yypt,Thoughts on PinkPantheress?,Specialist_Proof1302,1745190155.0,29,https://www.reddit.com/r/LetsTalkMusic/comments/1k3yypt/thoughts_on_pinkpantheress/,"I’ve been listening to PinkPantheress for a while now and I find her music much less “generic” than stuff we hear nowadays. Her singing voice is really mellow and airy + her music doesn’t always stick to just one same sound at all times but instead uses other sounds and samples from recognizable songs (Like Linkin Park’s “Forgotten” in Last Valentines.)

The only thing I find a little bit saddening is the amount of unreleased tracks, my favorite being “Want It Too”. I do notice some of her newer songs are sometimes neater versions of the older songs. 

On top of that, it’s hard to know when she’ll release a new track in the middle of the day but that is the fun part about listening to her. It’s sad to know that people use the fact that she was more popularized on TikTok but that’s sort of the best way of sharing new music nowadays.",13
1k3ivrm,Are music streaming algorithms still helping us discover — or just reinforcing what we already,Eric4905,1745141581.0,20,https://www.reddit.com/r/LetsTalkMusic/comments/1k3ivrm/are_music_streaming_algorithms_still_helping_us/,"With so many streaming platforms offering algorithm-driven recommendations (Spotify's Discover Weekly, Apple Music's Listen Now, Tidal's My Mix, etc.), I've been wondering:

**Do these systems actually lead us to new musical territory — or are they just echo chambers, feeding us more of the same?**

Personally, I’ve tried several platforms, and while some playlists are impressively tailored, I sometimes feel like I’m stuck in a feedback loop. The genres, moods, and even artists often repeat — even though I'm actively seeking novelty.

I'd love to hear from others:

* Which service(s) have actually surprised you with new discoveries?
* Do you feel the recommendations broaden your taste — or just deepen your existing bubble?
* Any platform that stands out (positively or negatively) in how it handles algorithmic curation?

Let’s talk: is algorithmic discovery still serving curious listeners, or are we being gently boxed in?",25
1k31kwo,"This is wild... I've never realized that ""Tomorrow Never Knows"" - The Beatles and ""Good Vibrations"" - The Beach Boys were released two months apart in 1966.",gruesomesonofabitch,1745083768.0,52,https://www.reddit.com/r/LetsTalkMusic/comments/1k31kwo/this_is_wild_ive_never_realized_that_tomorrow/,"""Tomorrow Never Knows"" dropped in August and ""Good Vibrations"" in October (it was initially released as a single before The Beach Boys put it on Smiley Smile nearly a year later). Both of those tracks are extremely ahead of their time in regards to engineering technique. I can only imagine what it was like hearing them at the time and how even more impactful they'd have been on me if I were born in 1947 vs 1987.",21
1k450qo,"An Analysis Demonstrating Why Kendrick Lamar ""AIN'T SHIT"" As A Lyricist",Agitated-Victory-971,1745209478.0,0,https://www.reddit.com/r/LetsTalkMusic/comments/1k450qo/an_analysis_demonstrating_why_kendrick_lamar_aint/,"Lyricism in hip hop is about an artist's ability to craft clever lines, deploy complex rhyme schemes and manipulate language on many levels. A TRULY top tier lyricist is someone who has mastered SEVEN key elements of lyricism. Punchlines, Multisyllable Rhymes, Flow & Delivery, Setups, Wordplay, Schemes and Storytelling. In this essay, I will demonstrate why Kendrick Lamar, despite being hailed as the greatest lyricist of our generation, has **never** shown any exceptional lyrical ability. Prepare to have your assumptions challenged.

**1. Punchlines**

A punchline is the final line that resolves a preceding setup with a clever twist or play on words (using metaphors, similes, idioms, or common phrases) to reveal layered meaning. For example (Eminem on 'Like My Shit'):

""If rap was *liquor* this song has it / So if you don't wanna get *wasted* these ain't the kinda *bars* that you wanna take *shots* at then /""

Explanation:

wasted - extremely drunk / ""off-ed"", bars - places to drink liquor / rap lines, shots - shots of liquor / verbal attacks or disses

Kendrick Lamar offers no equivalent haymakers. **People are welcome to try to prove me wrong.**

**2. Multisyllable Rhymes (Multies)**

Multies are self-explanatory. When a rapper rhymes more than one syllable of a phrase, we call this multisyllable rhyming. It is more difficult to execute than unisyllable(one syllable) rhyming. Obviously, the more syllables a rapper can rhyme, the better they are as a lyricist. For example:

""Tomahawk"" / ""On the spot"" are multies

Kendrick's rhyme schemes tend toward unisyllable end rhymes. And often, those very same, simple rhymes are forced, heavily slanted and inconsistent.

**3. Flow**

The rhythmic cadence and timing with which lyrics are delivered over a beat. Kendrick handles flow competently, as showcased on songs such as ""Black Friday"" and ""Alright"" (can't think of alot off the top of my head). This is fine.

**4. Setups**

Crafting the narrative that primes the listener for a punchline. Great setups enhance the impact of the punchline by subverting the listener's expectations. Kendrick's verses often lack punchlines TO set up, however, on the rare occassion he does deliver them, they often lack a proper set up and end up falling flat. For example (Kendrick on America Has A Problem Remix):

""[Truthfully, I be lyin' in my rap song](https://genius.com/28583000/Beyonce-america-has-a-problem-remix/Truthfully-i-be-lyin-in-my-rap-song-cause-i-always-fail-to-mention-id-slap-homie-his-career-didnt-come-with-no-life-insurance-hope-his-day-one-fans-got-some-facts-on-him)  
I'm an honorary Beyhive, let's see why  
Them diamonds don't be fly, they all CGI  
[You better *get it off your chest* like *breast reduction*](https://genius.com/30460227/Beyonce-america-has-a-problem-remix/You-better-get-it-off-your-chest-like-breast-reduction)""

**5. Wordplay**

Clever manipulation of homonyms, puns, oronyms, homophones and semantic overlaps to layer meanings within a single line. For example (from Eminem):

\- ""F\*ck it I'm the male(*mail*), let her(*letter*) come to me""

\-""It's 'cause I'm *alien* that's why I write till the page is outta space(*outer space*)""

\-""You've been a *gold digger* since you was a minor(*miner*)""

\-""Wait! He didn't just spell the word rapper and leave out a p, did he? (*P Diddy*)

Kendrick's closest attempt is on ""Euphoria"", Parkinson/Park his son, but it fell flat. It wasn't clever, the play was forced and the execution was shoddy.

**6. Schemes (Different from rhyme schemes)**

A scheme is a series of interconnected lines throughout a verse or portion of a verse. For example (Eminem mini-scheme on Stepping Stone):

""You can already sense the *climate* starting to shift / To these kids you no longer exist / Went from *raining cats and dogs* in this b\*tch, / to *tiny drops full of drips* / And by the time your reign(*rain*) is over, you'll hardly be missed(*mist*) /""

**7. Storytelling**

The capacity to narrate vivid, emotionally resonant and interesting stories using rap lyrics. This is Kendrick's strongest suit. ""Sing About Me - I'm Dying Of Thirst"" weaves confessional and redemption arcs over two verses, and demonstrates Kendrick's genuinely decent narrative skill. Yet even here, he trades every other technical aspect of lyricism for thematic unity.

To be considered a **top tier lyricist**, a rapper must be able to use all seven elements at an advanced level, **simultaneously!** Eminem, King Los, (recently) J Cole and other elite artists juggle well crafted setups, that lead to haymaker punchlines, or ingenious wordplay, labyrinthine multies, complex schemes and evocative storytelling... all in the span of a single verse!!!

Kendrick Lamar, for all his cultural impact and popularity, simply does not meet this criteria. If you disagree, name **one, ONE line** where Kendrick delivers a haymaker while following a multisyllable scheme? Cole can do it. Em can do it. Los can do it.

**Open your** **eyes and minds!**",19
1k2p0j1,What happened to Grass Widow?,Evening-North2119,1745040334.0,6,https://www.reddit.com/r/LetsTalkMusic/comments/1k2p0j1/what_happened_to_grass_widow/,"https://youtu.be/v_h6M0pE-9M?si=tr_VAa8ilZ-Vb9S4
Internal Logic is an all summer album for me start to finish for over a decade. Does anybody remember how awesome this record is or have any info on possible reunion shows?  I hope that they make another one because nothing else does it. The songs are too good. Advice is probably my favorite. These are classic rock and roll songs. When is everyone else going to realize it?!",4
1k2uq0h,What proportion of all the music that's out there do you like?,321,1745064264.0,1,https://www.reddit.com/r/LetsTalkMusic/comments/1k2uq0h/what_proportion_of_all_the_music_thats_out_there/,"Imagine your consciousness was uploaded onto a supercomputer so powerful that you could listen to every track ever recorded, enough times to give it an accurate rating. You can rate them however you like but let's say for example the ratings were Brilliant, Good, Boring and Terrible. How would that break down for you?

I feel like I would put a really small proportion into the Brilliant category. Probably a tenth or even a hundredth of one percent. Maybe slightly more into the Good category, but the majority would fall into Boring and maybe Terrible. (To head off accusations that I'm being elitist or trying to be cool, I'll happily admit to liking lots of uncool music, such as Brotherhood of Man, Herb Alpert, Andy Williams, etc.)

Anything can put me off a track. It might be that I don't like the singer's voice, or the melody, or the sound of certain instruments, or some other element. And I couldn't necessarily explain why I didn't like any of these things. But then when I hear a song that I do like, it can seem almost miraculously good, and it blows my mind that the artist could make every element of the song so perfectly suited to my taste. But I might not like any other song by that artist.

I'm not saying it's good that I'm like this. Life would be more enjoyable if I liked a broader range of music. I do like a broad range of genres, but within each genre I only like a proportion.

I'm interested to hear other people's experiences. Do you like most music? Is there something in every song that you can get into, and enjoy? Do you even like everything in certain genres? Or are you bizarrely hyper-specific like me?",32
1k2cud4,Interested in the Phil Spector/Ronnie Spector story. Anyone read her book?,Molybecks,1745003068.0,8,https://www.reddit.com/r/LetsTalkMusic/comments/1k2cud4/interested_in_the_phil_spectorronnie_spector/,"With it being announced that a biopic about Ronnie Spector is coming at some point in the future, I have been ready bits about her ordeal at the hands of Phil Spector. 

What I’m intrigued to know, was the California mansion where he later shot and killed Lana Clarkson the same mansion Ronnie escaped from? I believe it is called Pyrenees Castle. It sounds like a house of horrors!

I need to read the book. I will see if it’s on audible too!",3
1k1exhb,"General Discussion, Suggestion, & List Thread - Week of April 17, 2025",AutoModerator,1744902030.0,9,https://www.reddit.com/r/LetsTalkMusic/comments/1k1exhb/general_discussion_suggestion_list_thread_week_of/,"Talk about whatever you want here, music related or not! Go ahead and ask for recommendations, make personal list (AOTY, Best [X] Albums of All Time, etc.)

Most of the usual subreddit rules for comments won't be enforced here, apart from two: No self-promotion and Don't be a dick.",14
1k1tnt7,Does anyone have this ability?,Comprehensive_Cow411,1744941202.0,0,https://www.reddit.com/r/LetsTalkMusic/comments/1k1tnt7/does_anyone_have_this_ability/,"I can listen to music, and create a vivid cartoon to create a story out of it. “Miss you” by The Rolling Stones, the instrumental of Eleanor Rigby, let em in by Paul McCartney, dust in the wind by Kansas, etc . It’s easy for me to just visualize a story and I can clearly see it In my head. It’s easy for me to see a music line in my head, see what notes I need to play. 
Does anyone do this? For Eleanor rigby, my mind created a visual of a rabbit running, it’s a rabbit running from a hunter, its set in England, i can see the hunter smiling with a crooked smile, a green plaid shirt on, the plaid shirt doesn’t move the background. I have so many more details and so many more cartoons. 

It’s so vivid and clear and I can do this with so many songs. Does anyone else have this ability to vividly create dialogue and cartoons and “see” the song in their head? ",18
1k1u68s,"why don't more deserving artists ""make it""?",migrantgrower,1744942866.0,0,https://www.reddit.com/r/LetsTalkMusic/comments/1k1u68s/why_dont_more_deserving_artists_make_it/,"back in the 2000's and 2010's, i was very much into the indie music scene- i guess i still am, but keep tabs less on new artists- and it seemed like for a moment we were living in a hopeful epoch for such music, with a few such acts garnering relatively widespread acclaim & appeal, but even then, never managing to eclipse the spotlight of the top-40 acts. 

recently i've revisited some of those old favourite acts, as well as gotten into some more recent ones, and with how great the music is, it got me to wondering why more deserving artists like these don't ever really ""make it""- the music is fantastic and often very interesting, lyrics generally very real, great grooves and voices, and so on; it just all feels/sounds a lot more real/organic to the top-40 stuff, which absolutely has its place as well and i respect the producers at the top for sure. but sometimes that music (top-40) sounds tailor-made for people who don't actually care about music and just want cheap thrills they can bop to. 

it's staggering, the amount of profoundly talented artists out there who gave their all to their music, for us to enjoy, yet never see a modicum of the riches that those major record label products at the table do. 

i'm just curious as to the factors that go into this. ",22
1k0vjye,"""Just Like Romeo And Juliet"" and the ends of doo-wop",waxmuseums,1744837790.0,21,https://www.reddit.com/r/LetsTalkMusic/comments/1k0vjye/just_like_romeo_and_juliet_and_the_ends_of_doowop/,"I was talking about the song “[Just Like Romeo And Juliet](https://youtu.be/ycCZX-olchU?si=cG9CnsdbO7BIrPJs)” at work recently and went down a Reflections rabbit hole. Among one-hit-wonders, they must rank highly in the category of most cynically contrived follow-up singles with “[Just Like Columbus Did](https://youtu.be/siQ1R1V_mzY?si=LAnSxjE2VYosMwtu),” though it did at least crack the hot 100 at 96. Still, it’s a fun enough set of tunes – “[(I’m Just) a Henpecked Guy](https://youtu.be/glF4mlKgUPc?si=rMvGS9o3YtL3Iafm)” is particularly breath-taking. But anyways, what was interesting to me was that [the Wikipedia article for “…Romeo…” ](https://en.wikipedia.org/wiki/(Just_Like)_Romeo_and_Juliet)claims it is “widely regarded to be among the final doo-wop singles to chart on the Billboard Hot 100 during the British Invasion era” (and the citation is a dead link.)

 

A basic outline of doo-wop history – kvetch about the details as long as it’s interesting and concrete – is that it was a post-war development in America, (for its date of origin as a distinct style I’ve seen variously 1951-1953;) arguably IMO the aesthetics of the genre as a recorded form reach their zenith around 1957-1959, which is where you find a lot of its most lauded singles; and it ceased to produce hits over the course of 1963. The final Billboard Hot 100 number one doo-wop hit, Huey Lewis notwithstanding, was “[Walk Like A Man](https://youtu.be/rj9m98GmTnY?si=tTDuoWuOcEQVuSon)” by the 4 Seasons in March of 1963… I’ve seen “[Denise](https://youtu.be/K7Xy8XLKwec?si=ONNBdkJzHetj1Fdc)” described as maybe the last major hit in Summer of 1963 – at that point, doo-wop’s presence on the charts was rapidly declining and as a style, had become diluted and obsolete. And past that, doo-wop as a genre ceased to exist as a contemporary form, though it has been revived many times as a symbol of some sort of mythic “pre-rock” time.

 

“Just Like Romeo And Juliet” entered the Hot 100 April 11, 1964. Is it doo-wop? Doo-wop’s legacy is so interesting to me – elements of it were clearly absorbed into other forms of popular music – the harmonies for instance are clearly in the DNA of subsequent pop, and various proto-punks have claimed it as a formative influence. But for whatever its influence was, it seems like, whatever it is that essentially made doo-wop what it is, died off? It became something like a Homo Erectus in the taxonomy of pop music. Yet it also remained a spectre in the collective imagination. One that we may revive, but that we have never really adapted as a contemporary thing?

 

Stylistically, I’d personally say “Romeo” is close enough to be part of the canon. Stylistic genres and trends stretch over their lifespans. Comparing The Reflections to The Flamingos or The Platters is like comparing Winger or Slaughter to Ratt or Hanoi Rocks – both doo-wop and hair metal were basically dead by the time these latter acts came around, but had been thoroughly formalized. “Romeo” lacks the haunting, gauzy, Lynchian beauty and spacy, noisy minimalism of the best doo-wop recordings, and it also can’t match the raw excitement of the original stuff from the earlier days… in fact personally I can’t help mixing it with “Sugar Shack” in my mind’s ear… but still it’s really a strong tune and it’s got the essential elements of the genre musically, as per the authors of “Doo-Wop, the Forgotten Third of Rock 'n' Roll”: The vocal arrangements are in a wide doo-wop range, it’s got nonsense syllables, there’s handclap-snappy percussion and arguably low-key arrangement, and the lyrics are classic “Get A Job” kinda stuff.

 

* So how do you mark the end of doo-wop? How do you mark the end of any genre?
* Where do you identify doo-wop in the DNA of subsequent pop/rock/R&B/AC/etc music forms?
* What about the vocal arrangements? Is the strong falsetto the key? Would it make Boyz II Men or some boy band sound just silly to add a falsetto to the vocals?",6
1k1o0or,Musical Talent Overrated?,AlienSees,1744924707.0,0,https://www.reddit.com/r/LetsTalkMusic/comments/1k1o0or/musical_talent_overrated/,"Is musical talent overrated in the age of production and branding? Can an artist with mediocre skills but great marketing outshine true musician? In today’s music industry, is raw musical talent becoming less important than branding and production quality?
It feels like we’re in an era where someone with average vocal or instrumental skills can blow up simply because they have a strong aesthetic, clever marketing, or access to top-tier producers. Meanwhile, incredibly talented musicians often stay buried in obscurity because they lack the image or social media presence.

Has the value of true musicians been overshadowed by algorithms, trends, and branding strategies? Or is this just a natural evolution of what it means to be a successful artist today?",7
1k0dozn,Coachella as the zeitgeist to understand modern music,Bear_necessities96,1744784505.0,140,https://www.reddit.com/r/LetsTalkMusic/comments/1k0dozn/coachella_as_the_zeitgeist_to_understand_modern/,"Last weekend, I spent a good amount of time watching the Coachella livestream—not only catching the most popular acts, but also discovering emerging artists and ones I hadn’t heard of before, like Glass Beams or Soft Play.

Granted, these acts have been around for a few years, but until now, they were new to me—and that’s one of the beautiful things about Coachella: it serves as a window for artists to be discovered by new audiences.

It also helps us understand what’s currently happening in music—what’s popular or trendy among listeners. Even though every act is unique, there are definitely certain patterns they share.

Here are some of the biggest takeaways from this year’s Coachella:

	•	Synths are back—more than ever, synths are front and center in music again. For the past few years, it wasn’t so much synths but rather samples and software dominating the sound. Those are still around, but synths have made a real return.

	•	Punk is having a resurgence—Bob Vylan, Amyl and the Sniffers, and Soft Play all brought raw, grungy, ‘70s punk energy to the stage, and I think we’re here for it.

	•	EDM is more popular than ever—tons of DJs performed, and it’s no secret that some of the best sets of the weekend came from electronic acts.

	•	Urban music seems to be in a bit of a decline—R&B, hip hop, and reggaeton seem to be taking a breather. There were only a few acts representing those genres, and honestly, most didn’t leave a huge impression.

	•	Neo-soul, funk, and psychedelic sounds have taken over the alternative scene—many acts (emerging or not-so-new) leaned into mellow, instrument-driven performances, focusing more on mood and progression than on flashy visuals or hard-hitting lyrics.

	•	Alternative Latin music is rising in popularity—The Marías, Judeline, Rawayana, and even Junior H brought something new to the table. Yes, corridos are massively popular, but Latin pop is evolving from what we knew a few years ago.

	•	Women are carrying the pop scene—Lady Gaga set the bar sky-high as a headliner, and the other two couldn’t quite match it. Still, Charli XCX and Megan Thee Stallion got the crowd wild—even in 90°+ desert heat. That’s something to admire. Benson Boone wasn’t bad at all, but there’s something missing in his performance—it’s not just about random backflips.",154
1k0erd9,Music as you age.,Imaginary-Gear5375,1744789101.0,98,https://www.reddit.com/r/LetsTalkMusic/comments/1k0erd9/music_as_you_age/,"[EDIT- I haven’t ONLY been interested in rave music - 
I’ve dabbled in playing multiple different instruments throughout my life and from the age of 11-23 I was a big listener of metal/rock/rap but I rarely find myself reaching to listen to those absolute classics - only after my partner and myself have a couple of glasses of wine lol] whereas this used to be something I’ve do EVERYDAY. On the way to work, Music. Shopping, music. Showering, music. Ect ect.]

Does the desire to listen to music naturally lessen as you age? 
I’ve noticed that myself F 27, has almost completely stopped listening to music. 
If I do it’s a short burst of “oh my god I need to listen to that quickly”. 

From the age of 11-26 music was my life, I couldn’t have imagined a day passing by where I didn’t listen to it. 
I was quite into the rave scene in my early 20s until recently so a lot of my music was obviously found during being under the influence but this spurred on my desire it listen to it sober. 

I met my current partner whilst I was in my height of the rave scene then almost immediately fell out of it/doing obscene about of drugs every weekend, and I feel ever since the enjoyment of music just isn’t the same. 
None of it resonates with me anymore, it’s just got nostalgic memories attached to it. 

Is this just a naturally occurring thing as you age and priorities change? ",175
1k1fipn,Anybody Miss the Band 3 Doors Down?,Lovingthelake,1744903504.0,0,https://www.reddit.com/r/LetsTalkMusic/comments/1k1fipn/anybody_miss_the_band_3_doors_down/,"I heard that one of the band members had passed away and that another had a drug problem that he needed to get help and get control of. 

When I’m having trouble getting my butt off of the couch and get moving with the day’s responsibilities, I go to YouTube on my TV and play their song “Duck and Run” and it gets me moving. 

The lead singer has a good voice. It just seems like a shame not to inspire others with it. 

Anybody hear anything about the band and whether there is a possibility they might try to get the band together again? ",43
1k0ixr5,Looking back at music history: the raunchy/spicy New Wave of German music 1977 - 1983,Low-Entropy,1744805737.0,10,https://www.reddit.com/r/LetsTalkMusic/comments/1k0ixr5/looking_back_at_music_history_the_raunchyspicy/,"*\[Warning: mature themes throughout the text\]*  
  
When people think about the New Wave era, the eye usually wanders towards the UK and, to a lesser degree, Northern America.  
Rightfully so, because both countries had the most important and best known output regarding this music (Just think about Visage, The Human League, Blondie, Talking Heads...)  
Germany is mostly off the radar, and again, rightfully so.  
  
The new wave of signals were heard in Germany, yes, and it led to a huge wave of new music on its own, yes, that dominated the German and sometimes worldwide charts (Major Tom, Der Kommissar\[1\], 99 Red Balloons...), but... there is a big \*but\* here.  
Because somehow the signals must have been splintered or fractured, as there was a strange, surreal mutation in sounds.  
Or to describe it in more ""sober"" words: the influence of british new wave music gave rise to the so called ""Neue Deutsche Welle"" - 'German new wave' - \*but\* it sounded quite different to its British counterpart.  
Much more so than, say, Belgian Techno did sound different from French Techno.  
In fact, many ""Neue Deutsche Welle"" songs (I will call it ""NDW"" from now on) would not fit to the ""New Wave"" term, and vice versa.  
  
Now that this intro is over, let's cut to the point.  
  
The NDW scene had a huge and varied output that is of increased interest to international (and German) collectors and music fans in general.  
There are a lot of gems, oddities, rarities and obscurities to be found; and this time, we will look at NSFW NDW songs.  
  
These songs are of highly cultural (and maybe even sociological and political) interest, as they came into existence when various, sometimes completely opposed societal groups collided in the NDW scene, trend, and market.  
""Raunchy"" or ""offensive"" songs were, for example, done by ex-punk bands that tried to create an outrage, middle aged business men that wanted to generate easy money (by creating an outrage, too), feminist bands trying to stir up the male-centered cultural discourse, art projects that sought an outlet for highly intellectual, academicized, post-modern and post-cultural views on sex and nudity (and also wanted to create an outrage).  
  
so, essentially, you had everything, from drunk gutter punks (of all genders) yelling particularly vulgar and obscene words for perfectly natural human body parts and activities, to chic, upper crust and high brow art school type people yelling particularly vulgar and obscene words for perfectly natural human body parts and activities.  
  
The common thread behind all this indeed seems to have been the desire to create an outrage - and maybe to have some fun (and make easy money).  
  
Did they succeed? Well, yes and no. The raunchy hits rarely became \*official\* hits, but, as expected, a lot of them spread in the underground and subcultures.  
  
How did the public react? Nudity and other topics that were considered to be ""no-no"" in countries like the USA shocked Europeans and Germans to a much lesser degree. And playing the ""art card"" (which most bands could credibly do) usually meant that you could do whatever you want in Europe.  
So, yes, there was some scandal and debates, but on a much smaller scale than one might expect when looking back at this.  
  
The NDW unexpectedly faltered some time after 1983. ""Over-saturation"" of markets and ""over-stupefaction"" of songs is often cited as the reason.  
So, this part of ""raunchy"" German music history ceased to exist, too.  
  
And then, less than a decade later, the German Techno scene came around, and with it subcultures that were much more ""risqué"", but that's a wholly different matter.  
  
*Footnotes: \[1\] The media and most people refer usually refer to all songs of this movement as NDW or ""Neue Deutsche Welle"", even though a lot of it is actually of Austrian, Swiss, and other origin.*  
  
**Examples of raunchy NDW / German new wave songs.**  
  
Note: don't expect driving disco music with luscious voices. The music is really like I described it above; somewhere between cringe and art, surrealism and synthesizers. I guess some of it won't be a ""turn on"", especially if you look back with today's eyes. Unless you are a drunk punk or art nerd, maybe.  
  
Note 2: If you ain't fluent in German language, I suggest you get a dictionary and look up the song lyrics.  
Because otherwise you might be entirely missing the point.  
  
The Pinups - New Wave Lover (1980) [https://www.youtube.com/watch?v=EEQjpd8GgjY](https://www.youtube.com/watch?v=EEQjpd8GgjY)  
  
Zaza - Zauberstab (1982) [https://www.youtube.com/watch?v=VmGaJ-6o3MI](https://www.youtube.com/watch?v=VmGaJ-6o3MI)  
*guy sings about his ""magic wand""*  
  
Die Chefs - Oberficker [https://www.youtube.com/watch?v=KkYlDK0eWcI](https://www.youtube.com/watch?v=KkYlDK0eWcI)  
  
Spider Murphy Gang - Skandal Im Sperrbezirk [https://www.youtube.com/watch?v=oESfa8jt0p8](https://www.youtube.com/watch?v=oESfa8jt0p8)  
*about people allegedly having to resort to specialty telephone operators due to a ban of sex work in Munich.*  
  
Hans-a-Plast - Sex Sex Sex [https://www.youtube.com/watch?v=ICNTwrj\_nzc](https://www.youtube.com/watch?v=ICNTwrj_nzc)  
  
Extrabreit - Annemarie [https://www.youtube.com/watch?v=sRDW1JwjL\_g](https://www.youtube.com/watch?v=sRDW1JwjL_g)  
*the singer wants to have sex with Annemarie (also slight allusions towards BDSM and fetishism)*  
  
Trio - Anna [https://www.youtube.com/watch?v=Z8H0EUIq6Fs](https://www.youtube.com/watch?v=Z8H0EUIq6Fs)  
*the singer asks Anna to let him ""in and out"".*  
  
Falco - Der Kommissar [https://www.youtube.com/watch?v=AtxkmrXfgTM](https://www.youtube.com/watch?v=AtxkmrXfgTM)  
*sex drugs and rocknroll in the underground night life, basically - while paying attention to not get busted by the cops*  
  
Kiz - Die Sennerin vom Königsee (1982) [https://www.youtube.com/watch?v=AtxkmrXfgTM](https://www.youtube.com/watch?v=AtxkmrXfgTM)  
*young men from all over the nation visit a Bavarian dairymaid in order to ""yodel"" with her.*  
  
Bärchen und die Milchbubis - Schweinekram [https://www.youtube.com/watch?v=SZS5qKZO3Fo](https://www.youtube.com/watch?v=SZS5qKZO3Fo)  
*""Bärchen"" can't stop thinking about sex*

Hans-a-Plast - Lederhosentyp [https://www.youtube.com/watch?v=rGfUTsaglc8](https://www.youtube.com/watch?v=rGfUTsaglc8)  
*about wanting to have sex with guys in lederhosen*

Autofick - The deutsche girls  
[https://www.youtube.com/watch?v=NPGju05kjy0](https://www.youtube.com/watch?v=NPGju05kjy0)  
  
Deutsch Amerikanische Freundschaft - Sex Up [https://www.youtube.com/watch?v=TiA6x4tjDwg](https://www.youtube.com/watch?v=TiA6x4tjDwg)  
  
Ixi - Detlef (1983) [https://www.youtube.com/watch?v=LuvNMBiNnL8](https://www.youtube.com/watch?v=LuvNMBiNnL8)  
*a girl wants to pimp her boyfriend and send him off to work the streets*  
  
Schaltkreis Wassermann - Sex Is Out, Ich Bin Geklont (1981) [https://www.youtube.com/watch?v=DWovS806lyI](https://www.youtube.com/watch?v=DWovS806lyI)  
*about the future of being a sexless clone*  
  
Strassenjungs - Jeder Mensch ist mal alleine (1977) [https://www.youtube.com/watch?v=xe6QUZKmWj8](https://www.youtube.com/watch?v=xe6QUZKmWj8)  
*justification and instructions for solo-sex*",5
1jzzc21,"There's been discourses on music during the Bush and Trump administrations, but what effect (if any) did Obama's time in office have on the music that was released during his years in office?",thewickerstan,1744741904.0,55,https://www.reddit.com/r/LetsTalkMusic/comments/1jzzc21/theres_been_discourses_on_music_during_the_bush/,"I said this on r/indieheads the other day: I've been thinking a lot about the Obama years (how much of its sense a hope was genuine vs. me being a kid, its impact on kids who grew up during those years and the way its colored our navigation of the Trump and Biden administrations, Obama's legacy for better or for worse etc.), but I'm also kind of curious about the impact it had on music.

It's easy to paint with broad strokes, but when thinking about the clapping/stomping Millennial anthems of the era or stuff like ""We Are Young"", I wonder if an element of that was playing with/tapping into that feeling of ""Hope"" being almost an inevitability that we were (arguably in retrospect) taking for granted. It's kind of a flip side to the ""protest music under a rightwing president"" thing, like I feel like there were a lot of pop songs floating around celebrating this feeling that we'd reached (or were only moments away) from some progressive apex, kind of reminiscent of the naive ""We've got a black president. Racism is over!"" vibe. But then again things like Lorde and her cultural reset of the ""Put your hands in the air like ya just don't care!"" thing kind of puncture that myth (or at least illustrate it wasn't across the board).

I was curious to know if anyone had similar observations on this front? Idk if it's just me. ",91
1k0d4c4,"Himiko Kikuchi's ""A Seagull and Clouds"" (from 1987 jazz fusion album Flying Beagle) directly references Rachmaninoff's 2nd Piano Concerto, but nobody seems to know!",averageteencuber,1744782188.0,4,https://www.reddit.com/r/LetsTalkMusic/comments/1k0d4c4/himiko_kikuchis_a_seagull_and_clouds_from_1987/,"*NOTE: I also posted this under slightly different titles on r/JazzFusion and r/classicalmusic, but I wanted to reach more people so I'm posting here too. I hope that's okay :)* 

Tonight I went to a band concert at my university and one of the pieces played was the first movement of Rachmaninoff's 2nd piano concerto, with the pianist accompanied by our wind ensemble. I'd never heard the piece before, but just a couple minutes into it I heard an unmistakably recognizable chord progression and melody and I immediately began wondering where I'd heard it. I knew it had been in a totally different, way more modern musical context (my first thought was Snarky Puppy's album Sylva, but I was almost certain that wasn't it) and I started searching the internet for answers mid-concert. I checked the [concerto's Wikipedia page](https://en.wikipedia.org/wiki/Piano_Concerto_No._2_(Rachmaninoff)) but the only pieces of music listed under the ""derivative works"" section were a couple Frank Sinatra songs and a 1975 ballad that was based off the wrong movement. I even asked ChatGPT out of desperation, because it was really getting on my nerves that I couldn't figure it out, but it just listed the same things. I decided to give up for now and just enjoyed the rest of the concert, noticing that same recognizable theme another time or two during that movement. After the concert, with my roommate I listened back to a recording about four times struggling to figure out where we recognized it from, before it clicked for me and I pulled up Himiko Kikuchi's A Seagull and Clouds. I didn't even have to play the song before he realized too once I said it, but we nonetheless flipped out when we listened and quickly heard the same progression and melody.

[Here's the recording](https://youtu.be/l4zkc7KEvYM?si=MzjPWoxT4ygUnOzE) of the concerto, accompanied by orchestra, which we listened to in order to figure it out. The recognizable moment comes right after the 2:00 mark, 2:03 to be exact.

[Here's A Seagull and Clouds](https://youtu.be/fDyjYiBqgAA?si=DMFE-dXy2cd0F9Oh), and you can skip to 0:50 for the section that references this theme I recognized from the Rachmaninoff (it can also be heard at 3:20). It's unmistakable—the bass/chord movement is identical and the piano/string melody is very similar, for about 15-20 seconds before A Seagull and Clouds diverges in order to end off the section more logically.

It blows my mind that there doesn't seem to be any documentation of this obvious quote/reference. I always found this section of A Seagull and Clouds to be hauntingly beautiful, and a bit out of place harmonically even among the rich jazz harmonies of the album, but it didn't even cross my mind it could've been because it was derived from a classical work like a Rachmaninoff piano concerto. (Yes, I know Rachmaninoff probably isn't *technically* classical, but I'm not an expert and I don't know what the correct term for the genre and time period is, plus calling it classical gets the point across just fine.)

The only instances I have found of anyone mentioning/recognizing this connection my roommate and I figured out are in [this reply to a comment](https://youtube.com/watch?v=fDyjYiBqgAA&lc=UgytrWtFLimn2zIhkop4AaABAg.9eDH63IBumh9ipJEBsDz03&si=G9TwN5x4XBoS1K2e) on the above linked video of A Seagull and Clouds, as well as a couple other comments [here](https://youtube.com/watch?v=fDyjYiBqgAA&lc=UgzrElqLthllR7mD25R4AaABAg&si=soD3Gas8W3AV75Rq) and [here](https://youtube.com/watch?v=fDyjYiBqgAA&lc=UgxN1j5GhDZrtfKo4M14AaABAg&si=LCGWB4bfDj3VF5Q3) on the same video.

I would like to edit the piano concerto's Wikipedia page to include A Seagull and Clouds as a derivative work, but with no actual documentation of it I don't know that it would be possible, since you need a reference/source for Wikipedia. If anyone can help me find a reference that proves the song quotes the Rachmaninoff, or has any other insight on how to make the edit, definitely make a comment or send me a message :).

Anyway, I thought this was a really cool discovery, and I wanted to share it with some other music nerds, hence the post.",1
1jzd5y1,"I Still Believe in Stomp Clap Hey, and I’m Not Sorry",tiggerclaw,1744673095.0,470,https://www.reddit.com/r/LetsTalkMusic/comments/1jzd5y1/i_still_believe_in_stomp_clap_hey_and_im_not_sorry/,"I don’t believe in anything. God is dead, art is co-opted, and everyone I know is doing “content strategy” now.  

But stomp clap hey? That made me feel something.  

I know. It’s embarrassing. It’s beardcore. It’s Etsy-core. It’s the sound of white guys in Henleys screaming into the void because a girl named Clara ghosted them after an Edward Sharpe show.  

But when it dropped—when the kick drum thundered like the inside of your ribcage during a panic attack, and the whole band yelled “HEY!” like they were summoning a bygone version of yourself that still believed in joy—  
I felt **alive**. Like maybe, just maybe, my heart hadn’t been fully replaced by Vice articles and existential dread.  

It was stupid. It was manipulative. It was tailored for festival montages and Jeep commercials. But it was *honest* in its stupidity. It didn’t pretend to be cool. It didn’t *want* to be cool. It wanted to scream, to dance, to stomp barefoot in the mud and pretend the world wasn’t ending.  

And I fell for it. Hard.  

Like yeah, I was wearing a Navajo-print cardigan I got at a thrift store in Echo Park. Yes, I was dating someone who called themselves a “creative intuitive.” Yes, I had a Polaroid camera I used exclusively for blurry shots of fire escapes.  

But that stomp clap hey breakdown hit, and suddenly I’m in a field, shirt unbuttoned, screaming “I WILL WAIT” like it was a promise I actually meant.  

And then it ended. The genre ate itself. Banjo sales plummeted. Everyone got into deep house and pretending they’d *always* hated that shit.  

But I remember. I remember the sweat, the dirt, the scream. I remember what it felt like to believe in a gang vocal breakdown like it was holy scripture.  

So no—I don’t believe in juice cleanses, non-alcoholic beer, or anyone who says they’ve “moved past their folk phase.”  

But I *do* believe in stomp clap hey.  

It was the last real thing I felt before the algorithm took my soul.  

And if you're honest—really honest—you felt it too. Maybe you still do. Or maybe you’re still pretending your LCD Soundsystem tattoo makes you better than me.  

But here’s the real question: Was stomp clap hey actually worse than the post-ironic auto-tuned whisperpop we pretend is deep now? Because at least back then, we *meant it.*  

Tell me I’m wrong. Or admit it—just once—you yelled “HEY!” too, and meant every goddamn syllable.  

Let’s argue.",119
1jzwak4,Moloko- I think their four albums have stood the test of time pretty well. Agree...,TechnicalTrash95,1744734594.0,14,https://www.reddit.com/r/LetsTalkMusic/comments/1jzwak4/moloko_i_think_their_four_albums_have_stood_the/,"The quirky mid 90s to early 00s electronic band released four albums all sounding fairly different from each other. They were a great precursor to Roisin Murphys solo career. Their biggest hit was easily bring it back that actually first appeared on their '98 album I think I need a doctor in a completely different form. It was later remixed into the version 99% of listeners know it as. But I think their best albums are the debut which contained the modest hit fun for me and their third record 2000s things to make and do which had indigo, bring it back (remix) and pure pleasure seeker. Their final album had forever more but unfortunately that was about it. IMO it was a slight disappointment after the previous album. ",10
1k0eb1s,Daft Punk - The two Frenchman had god given talent,Legitimate_Win5352,1744787125.0,0,https://www.reddit.com/r/LetsTalkMusic/comments/1k0eb1s/daft_punk_the_two_frenchman_had_god_given_talent/,"TRON: Legacy - The Complete Edition (Original Motion Picture Soundtrack)

ADAGIO FOR TRON

I have yet to hear any other artist/s that can illicit such complex emotions through their music, this is a soundtrack for an action movie, and yet this song and many others like it in the movie, are just a fraction of how absolute peak genius these guys were.

In my mind no other musician/s come close to what these boys created. It has been 8 years of my life I’ve been exploring their discography and I’m amazed anytime I discover something new. 

How did two electronic artists create such absolute masterpieces.",9
1jzg990,"Let’s Talk: Gary Wilson, Godfather of Lo-Fi Bedroom Pop",wildistherewind,1744682153.0,28,https://www.reddit.com/r/LetsTalkMusic/comments/1jzg990/lets_talk_gary_wilson_godfather_of_lofi_bedroom/,"Today I was reminded of Gary Wilson’s 1977 album *You Think You Really Know Me*. It’s a totally unique lo-fi jazz funk album that Wilson made mostly by himself, mostly in his parent’s basement, and sold himself without a label. Years later, it would be rediscovered and many more years later, contemporary music has many artists mining the same hazy lo-fi territory.

Wilson recorded *You Think You Really Know Me* at age 23. He had a band (appropriately called the Blind Dates), but much of the album was recorded and multitracked alone. It’s a difficult album to describe, it sounds vaguely like Buddy Holly leading a high school jazz quartet (Wilson’s father played bass in a jazz lounge act, I feel like there is an out of time 50s feel to the instrumental choices).

I personally think that there is a deliberate character study on this album, that it isn’t Wilson himself in the first person. The theme of the album feels like a late 50s teen fantasy turned inside out. The narrative voice of the album is neurotic and, frequently, unhinged. Album highlight “6.4 = Make Out” ends in shouting into the void with no response. It’s a strange concept album, one that reveals itself with multiple listens. I’ve always had an affinity for the falling apart rhythm of “Cindy” and the atonal title track with its incredulous delivery of the lyrics.

Wilson made 300 copies of the album and, two years later, 300 more. He moved to California in hopes of making a second album. It would eventually happen, just decades later.

I read that, some time in the early 90s, Beck was at a house party and somebody put this record on, it’s one of those albums that “you’ve got to hear this” weird record enthusiasts would play for one another. Beck was immediately drawn to it and he mentioned Gary Wilson by name on “Where It’s At”. *You Think You Really Know Me* was reissued and a record label was able to find Wilson (there is a documentary about what happened next).

In 1976, Boston released their self-titled debut. It’s a great album in a very different way. Tom Scholz was an MIT graduate working at Polaroid while recording the Boston album in his home. It’s slick and expensive sounding, the opposite of *You Think You Really Know Me*. There has been a long line of lo-fi auteur albums, ones that are not so slick sounding but carry a heavy emotion that feels easier to express with limited tools; a form of direct communication. In this way, I think Wilson’s contribution to how music can be made and what it could sound like is perhaps more prescient than a blockbuster album like *Boston*. Wilson has given us the language to express something strange and unsettling and truthful and real.",5
1jzcngc,Does anybody remember the band Fuel? Thoughts on them?,dreamgrass,1744671692.0,29,https://www.reddit.com/r/LetsTalkMusic/comments/1jzcngc/does_anybody_remember_the_band_fuel_thoughts_on/,"I was born in 97, so my exposure to the post-grunge world was limited (my older brother was into pop-punk. New Found Glory especially). However, recently I was letting the YouTube algorithm pick songs for me and it gave me, “Hemmorhage (In My Hands)” by Fuel and I thought holy shit, this is such an explosive song. Why haven’t I heard it before? So I dug into them a bit. Shimmer, Sunburn, Bad Day - these are all really good songs. Great lyrics, unique chord voicings (especially in “Shimmer”) and vocalist Brett Scallion’s voice has such a great grit without going overboard. Very emotive singer.

Given that post-grunge and nu-metal and butt-rock are having a resurgence, it’s surprising to me that no one is talking about Fuel but obsessing over Creed, Nickelback, and the like. I don’t think I’ve ever heard anyone talk about them in real life but it appears as though they were once really popular.

What do you think about Fuel?",48
1k0bv5v,Is the vinyl record craze worth it?,BobTheSkittle,1744777374.0,0,https://www.reddit.com/r/LetsTalkMusic/comments/1k0bv5v/is_the_vinyl_record_craze_worth_it/,"So, I’m pretty new to the whole “vinyl collecting” state I’m in now. And I don’t even know why I still buy them honestly. Because I think it is kinda silly to have these, because they mess up, they don’t sound as clean as Spotify does, and they’re expensive as shit, but I still can’t seem to not buy them! Because I take care of these things like they’re my babies, and if they get hurt, I get hurt inside. And I just keep wanting more and more, like I’m starting a damn mafia with these things. I just keep saying “I need a new record player!”, “I need to buy this one and that one” when I’m literally not going to be able to afford a damn meal at McDonalds if I keep this up. I just need advice to stop this, because this damn hobby is driving me insane! And I just can’t seem to stop! But what do you think about it?",13
1jz4frm,Let's Talk: Was The Shape of Punk to Come by Refused actually the shape of punk to come?,Various-Professor551,1744651280.0,74,https://www.reddit.com/r/LetsTalkMusic/comments/1jz4frm/lets_talk_was_the_shape_of_punk_to_come_by/,"The Shape of Come by Refused is undeniably an influential album but the albums name is extremely bold. The name is derived from the Ornette Coleman album the Shape of Jazz to Come which was also an extremely bold album name but completely changed jazz as the album title suggests. I personally think Refused did completely changed the game when it came to punk music. For better or worst, I don't think post-hardcore would've been as prolific in the 2000s and early 2010s without it.

I'll give an example with the band At The Drive In. In/Casino/Out was recorded before The Shape of Punk to Come. While I think In/Casino/Out is a great album I don't think it comes close to how good and forward thinking Relationship Of Command is, which was recorded after The Shape of Punk to Come. In interviews the members of At The Drive mentioned how that album was a major influence to push their sound in a much more ambitious direction. 

Of course many bands influenced the sound of post-hardcore in the 2000s and I think Refused would agree (they were Marxists after all haha). How does this sub feel about The Shape of Punk to Come. Was it as influential as the title makes it out to be or was it maybe a bit pretentious? ",48
1jz2xq5,let's talk about psychedelic rock,gh0stunder,1744647587.0,36,https://www.reddit.com/r/LetsTalkMusic/comments/1jz2xq5/lets_talk_about_psychedelic_rock/,"Okay guys, recently I've made a post diving into everything surrounding funk rock, just to spark some discussion. Lots of interesting takes came out of it, and I figured, why not keep the conversation going with other genres?
so, next up: psychedelic rock, easily one of my favourite genres. There's something so colourful and entertaining about it. I’m a total sucker for extended solos (think: Echoes by Pink Floyd). What do you guys think about it? What artist/band  do you think kicked it all of? Who do you see as the most creative or influential? Are there any songs you consider groundbreaking? Any underrated songs? Let me know your thoughts",73
1jysihn,Streaming music is starting to become a problem,Ferngullysitter,1744613110.0,169,https://www.reddit.com/r/LetsTalkMusic/comments/1jysihn/streaming_music_is_starting_to_become_a_problem/,"I liked Apple Music for a while, but I’ve started to notice that so many of my favorite albums have arbitrary changes made to them and it affects me. 

Hidden tracks are removed, levels are “remastered” or changed to sound different than the artist intended (and every song now has “title (REMASTERED 2024). I was listening to the album “Alice” by Tom Waits and they actually added a trumpet into a song that sounds completely distracting and out of place. In one of my favorite live albums ever “Bob Dylan: Royal Albert Hall 1966” they actually removed the crowd yelling “JUDAS”… why?  

It feels like the music we know and grew up with is just changing for no reason at all, and I’m at the point where I’m going to just cancel the service and start collecting albums again as a means to preserve the music I love. I’m not waiting around anymore to see what other thing they’re going to change in the music I love. 

I’m going to drop some serious cash to buy all of my favorite albums once more (that I lost after I burned them all to my iPod in 2005) and put them all in a fire proof box and hand them down when I pass away. 

Anyone else feel this way?  ",75
1jzehgv,Lyrics on Milk & Honey - Hollie Cook,Far_Chocolate_631,1744676853.0,0,https://www.reddit.com/r/LetsTalkMusic/comments/1jzehgv/lyrics_on_milk_honey_hollie_cook/,"Idk if theres another more proper subreddit for this question. If it does I welcome your recommendations, if this is a subreddit for this:

In the chorus the singer says

“And the day, and the night you dine out so far, the reason you feel lonely”

It blasts my ears rhythmically always but I don’t quite get what she means. 

So I started to ask myself if I really understand the lyrics at all. Then I thought it was a great idea to ask on reddit. ",0
1jz0zmj,"What Have You Been Listening To? - Week of April 14, 2025",AutoModerator,1744642828.0,4,https://www.reddit.com/r/LetsTalkMusic/comments/1jz0zmj/what_have_you_been_listening_to_week_of_april_14/,"Each week a WHYBLT? thread will be posted, where we can talk about what music we’ve been listening to. The recommended format is as follows.

Band/Album Name: A description of the band/album and what you find enjoyable/interesting/terrible/whatever about them/it. Try to really show what they’re about, what their sound is like, what artists they are influenced by/have influenced or some other means of describing their music.

[Artist Name – Song Name](www.youtube.com/watch?v=PxLB70G-tRY) If you’d like to give a short description of the song then feel free

PLEASE INCLUDE YOUTUBE, SOUNDCLOUD, SPOTIFY, ETC LINKS! Recommendations for similar artists are preferable too.

This thread is meant to encourage sharing of music and promote discussion about artists. Any post that just puts up a youtube link or says “I've been listening to Radiohead; they are my favorite band.” will be removed. Make an effort to really talk about what you’ve been listening to. Self-promotion is also not allowed.",12
1jyphey,There is more to Mongolian metal/rock than just The Hu,finnlizzy,1744601328.0,25,https://www.reddit.com/r/LetsTalkMusic/comments/1jyphey/there_is_more_to_mongolian_metalrock_than_just/,"I don’t dislike The Hu, but I think they’re massively over rated and hog the spotlight of this amazing genre to the point where people think they invented it and are the only ones. 
There is also discussion that they have huge financial backing from the Mongolian government because they just burst on the scene with the best quality sound and music videos. 

I was hopeful that the popularity of The Hu would pave the way for other great Mongol acts like Nine Treasures, Hanggai, SULD, Egofall and Anda Union to blow up in the west. But it seems that The Hu are at best seen as THE Mongolian metal (adjacent) band, or at worst, a novelty. 

There is a valid reason for why most Mongol folk metal bands don’t get the exposure in the west. Most Mongolian bands, like most ethnic Mongolians, live in Inner Mongolia, China. There is a huge scene in China, and Nine Treasures is the most popular metal band in China. They go on tour to massive cities you never heard of. It has been a popular genre for well over a decade. China even has its own streaming services, so they don’t gain traction on Spotify or Youtube but you’ll see them on national TV in China. 
For bands in Mongolia, if they were to play five shows in Mongolia, the whole concert going population will have seen them, so they need to branch out. That’s why there’s rumours that they are a government backed soft culture push for Mongolia. 

Honourable mention Tenggar Cavalry who were based in the USA and never got the chance to shine before their singer died.",8
1jz00nt,Smile! :D is to Porter Robinson as Midnite Vultures is to Beck: A Strained Comparison,SockQuirky7056,1744640375.0,3,https://www.reddit.com/r/LetsTalkMusic/comments/1jz00nt/smile_d_is_to_porter_robinson_as_midnite_vultures/,"This analogy might not make sense to anyone else, but it occurred to me recently and I think it's worth exploring. Here is my logic for this. 

Beck had established an image of this bemused slacker poet, with his first hit song ""Loser"" and his album *Odelay*, with a sound indebted to folk, blues, rap, and rock with mostly nonsensical lyrics. He'd stripped back some of the excesses of that with *Mutations*, but he seemed to take joy in toying with people's expectations of him. Therefore, on *Midnite Vultures*, he crams together various extremes: funk, disco, glam rock, yacht rock, gangsta rap, techno, even country elements, and revels in the camp of it all while he's doing it. 

Porter Robinson, similarly, had established an image of a sensitive, reserved soft-boy, having made the grand and sweeping EDM *Worlds* and the introspective indietronica of *Nurture,* but I get the sense that he wanted to explore outside of that. He said to [NME](https://www.nme.com/features/music-interviews/porter-robinson-smile-interview-3779178) that he wanted to explore the feelings that he'd avoided on his previous works, and to me, he achieves this the same way beck did: by combining extremes. Smile! :D draws from pop-punk, emo, rave, synth-pop, hyperpop, 2000s hip-hop style posturing, and, of course, anime theme music. 

When looking at albums like this, I think we could call them ""dialectical,"" in that they take seemingly contradictory elements and have them co-exist simultaneously without necessarily conflicting with each other. Both artists were able to find new sides of themselves by exploring styles that were almost, but not quite, entirely unlike their previous work. 

Does this make sense to anyone else? Do any other albums fit this description? Have I mischaracterized either album? Please, help me out here.",4
1jyni8r,Kristian Matsson AKA The Tallest Man on Earth,morbidhack,1744594715.0,17,https://www.reddit.com/r/LetsTalkMusic/comments/1jyni8r/kristian_matsson_aka_the_tallest_man_on_earth/,"I've been a fan of Kristian's music since right around the time his debut album came out (late-2000's?), but only just got around to catching him live for the first time last night, and boy oh boy, what a performance he put on- it may very well take the title of ""best live show I have ever seen""; dude is just such a superlative showman, a bonafide natural entertainer, and not to mention a truly remarkable musician and singer-songwriter. This guy plays several instruments at such a high level, it blows my mind. Also in my opinion a worthy but crazy underrated candidate in the discussion for best modern guitarists- I'm not saying he's the top top, but he's definitely up there... his picking is incredible; extremely dynamic and 'vocal'. Man, my jaw's still on the floor from last nights incredible solo performance- his energy was palpable and infected us all in the audience; truly beautiful. Dude has also got to be the most physical performer I've ever seen- my legs were cramping up and back + knees aching just watching him pull some of those moves. You know, the phrase ""better than the record"" gets thrown around far too much, but it is absolutely 100% apt here; live, he and these carefully crafted songs simply evolve to something else altogether... Also, being a musician myself with a hyper-critical ear when it comes to pitch (it's honestly a curse as much as it is a blessing), I just have to commend how he never once for a moment strayed even a hair off pitch/key, despite all the physical antics, running and jumping around, etc., and his tech does a perfect job keeping his instruments flawlessly in-tune. I know you must be thinking ""that's their job"" (both his as a singer, and his as a tech), but they're still just humans and most show you'll find things at some point or another can drift slightly off, but not here. Anyways, in my youth, his work was hugely influential on me as a budding musician, you could very clearly hear his influence in some of my earliest work, but then life happened and it wouldn't be until more recently that I revisited his more recent stuff, honestly all of which grabbed me just as much as I remember those early records doing. Dude is a generational talent of the highest order, we are blessed to be living on the same timeline as K. Matsson, and I cannot recommend catching him live highly enough- you will NOT regret and will in fact have one of your best nights ever. Cannot wait to see what he does next. Guess I was just curious if there are any fans here, and just peoples thoughts in general. What a voice... musician... songwriter... ",10
1jyemf1,Listening to albums,GregTheEgg247,1744569424.0,29,https://www.reddit.com/r/LetsTalkMusic/comments/1jyemf1/listening_to_albums/,"Over the past year I've started listening to more music and since I hadn't listen to much music beforehand, in the past year I've listened to some of the BIG albums, for example, TPAB, Blonde and OK Computer. Because I was so new listening to albums, I didn't realise the gravity of these albums lyrics and first listened to them either in the background or not paying too much attention to the lyrics. I'm relistening to a lot of these albums now as I've seen post of people talking about how much some of the songs mean to them because of how they connect to the lyrics or how it tells a story. While re-listening to these albums I find myself over-analysing the lyrics and stopping every 30 seconds to check the Genius annotations. I was just wondering, should I listen to these albums and interpret them myself first, and then look at annotations or is it worth to pause after every song and look at the in-depth analysis?",34
1jzgy5g,"Stick metal bands, please stop. Seriously.",Martipar,1744684249.0,0,https://www.reddit.com/r/LetsTalkMusic/comments/1jzgy5g/stick_metal_bands_please_stop_seriously/,"[After seeing yet another post about unreadable logos ](https://www.reddit.com/r/HelpMeFind/comments/1jzg1c8/help_me_figure_out_what_this_shirt_is_from/?utm_source=share&utm_medium=web3x&utm_name=web3xcss&utm_term=1&utm_content=share_button)and being at festivals where I have seen posters for upcoming events and basically not been able to look up a band because of the unreadable logo I am fed up.   
  
I am not against the music, it's usually fine, it's all about the logo, lets say I see a band, I get drunk and forget what they were called. So i look up the poster and the logo is just sticks. How can I buy a CD? How can I ensure I catch up with the band on social media and see when the next gig is? 

I have spent time with friends deciphering and laughing at stick metal logos, it does seem to be waning in recent years but it's still a problem. Make your logos readable by humans. ",18
1jy23bm,"Going to my first concert, any tips?",IgnSkaye,1744528798.0,5,https://www.reddit.com/r/LetsTalkMusic/comments/1jy23bm/going_to_my_first_concert_any_tips/,"Hey, I'm going to my first concert in July, a kendrick lamar concert in Paris. I have standing ticket and ill be alone. I was wondering if you had any tips on how to prepare and everything. Here are some questions I have that maybe you can answer, but if you have anything you want to tell me go for it How much time before should I come if I want to have a good view, is 4 hours enough? (I'm in the normal pit, not the energy floor or the vip pit) Should I get merch before or after the concert? How much do I need to save up for the merch ? When should I drink in the day ? Cause I know it's probably going to be hard to go to the toilets. When should I eat, should I eat right before like a sandwich or something, or buy food when I'm in the arena? Should I watch the setlist before and try to study every song or maybe just discover it during the concert ? I'm really excited for this, hope you will be able to help me!",30
1jwqoku,Damien Rice ‘O’,HikerAT2022,1744380267.0,53,https://www.reddit.com/r/LetsTalkMusic/comments/1jwqoku/damien_rice_o/,"Damien Rice is one of those rare and genuine musicians that never chase the limelight,  often disappear for long stretches, and only produce new music when the muse hits. An amazing talent, and a stellar singer/songwriter/lyricist. I’m disappointed I haven’t heard anything from him for years. ‘O’ was the first album of his I encountered and it blew me away. You can find some astoundingly good videos of he and Lisa Hannigan performing ‘Volcano’ and ‘I Remember’ for BBC Four Sessions.",19
1jwjp2w,"In this time of political upheaval, where is the angry, political anthem? Palestine, Tariffs, Global Destabilisation, Automation, Joblessness, where are the Dylan's, and or the RATM, SOADs, or even here in south asia - the political poetry?",AbeerKapoor,1744354457.0,132,https://www.reddit.com/r/LetsTalkMusic/comments/1jwjp2w/in_this_time_of_political_upheaval_where_is_the/,"I've always been told that music, politics and the waves of change in society are intimately linked and music serves as a mirror to society. In the US, from Motown to Blue note right to Marvin Gaye, were deeply political. In the 60's, the counter culture moment. In the 80s, Run DMC, Punk and In 90s, Grunge, and Anti-establishement sentiments were peaking.  

Similarly every where else in the world, we've seen the enmeshment of political strife in music, in revolutionary songs, and public poetry. Now it just seems like we're being made into docile lambs, and the first casualty is music. Yeah a RTJ exists in the US, but it doesn't speak to a larger audience, it hasn't produced society-wide anthems, and in India we're just seeing utter nonsense, even our indie artists are so influenced by edm without the political context, and ofc bollywood, which is getting less political so where does the music have a chance to be subversive?

And i'm convinced that there is political music out there - all of it is not watermelon sugar, and espresso, or taylor swift, but is this a site of the deeper algorithmic depoliticisation of society?

And now the ire of artist is the institution that curates music and art, and not society itself?",129
1jw6ycs,Let's Talk: Music that oppose your views,noOne000Br,1744314545.0,58,https://www.reddit.com/r/LetsTalkMusic/comments/1jw6ycs/lets_talk_music_that_oppose_your_views/,"I want to talk about music that oppose your views, either in religion, politics, or whatever you like. I'll focus here on religion since that's my experience, and I would like to hear your opinions.

So basically I'm Christian, not necessarily the most religious man, but I do pray occasionally and believe in Christ. But also, I never had issues listening to music with Satanic or Anti-Christian themes, having ""Antichrist Superstar"" by Marilyn Manson as one of my favorite albums, and a fan of many other black metal or music that either oppose God, deny him or talk about Satan. I know that maybe those aren't the most 'extreme' examples but whatever.

Now for me, I listen to music that I enjoy, and try putting my beliefs aside so I can understand the art or the artist point of views even if I don't agree myself. I feel like it's okay to just enjoy what you like in it and don't take it too deep I guess.

What are your thoughts? Do you listen to music that you don't agree with?

**Edit: Just to specify, I’m talking about the music and not the artist.**",157
1jwvzcm,How do soundtracks (especially from games or anime) shape the way we experience the world around us?,Novel_Market1487,1744393725.0,0,https://www.reddit.com/r/LetsTalkMusic/comments/1jwvzcm/how_do_soundtracks_especially_from_games_or_anime/,"There’s something unique about soundtracks — especially those from games and anime — that makes them more than just background noise. For me, they become a way to blend into certain moments in life. I often listen to them with my earbuds on when I’m focused on something or walking through familiar places. It’s like scoring my own scene in a story, even if I’m just on a quiet ride or sitting at a coffee shop.

Unlike regular songs with lyrics or catchy hooks, OSTs often rely on emotion and atmosphere. They don’t demand your full attention, but when you do pay attention, they enhance the moment deeply. Sometimes it’s calming piano pieces, other times it's dramatic string sections that mirror an inner feeling — whether tension, sadness, or hope.

I rarely choose them at random. I pick a track depending on how I feel or the kind of vibe I want to immerse myself in. It’s not just passive listening — it’s more like matching my internal state to the music’s emotional palette. And in those moments, I’m not just listening — I’m inhabiting the music.

Does anyone else approach music this way?
How do you feel about using soundtracks to ""narrate"" your own life or scenes in your day?",3
1jwcxb5,Do artist have more longevity now with consumer interest no longer being of a “mono culture”,thatawkwardmoment8,1744330644.0,16,https://www.reddit.com/r/LetsTalkMusic/comments/1jwcxb5/do_artist_have_more_longevity_now_with_consumer/,"Thanks in advance for any comments.

I am someone that has always appreciated music of all genres. I’ve gone through deep dives of probably hundreds of wiki articles on singers, bands, artists, of all genres. One thing that stuck out in my research is that typically artist from the 50-90s would only have a few years of relevance. This would last their “heyday” was considered over, and a new artist would take over.

I feel like people, for example, predicted that certain artists wouldn’t be relevant after the first few years of his career. However, artists that were relevant in the mid 2010s, are still very relevant within the music scene , and pop culture in general. It’s interesting to me because now we have more options than ever with music that we listen to- with streaming platforms and even with having more access to artists with social media. You would think the access to more music would have the opposite affect. 

The relevancy of most popular artist , and the life span of the “peak”, of someone’s career seems way longe than it used to be. Let me know your thoughts!",15
1jw829v,let’s talk: how many people?,BookieBustersPodcast,1744317261.0,9,https://www.reddit.com/r/LetsTalkMusic/comments/1jw829v/lets_talk_how_many_people/,"my question is: how many people do you share music with/care about what they are listening to. I am currently building a social media music app but realizing that a lot of new users have a hard time because they don’t follow anyone! therefore I’m trying to build in a new system that rewards you for inviting friends, which brings up the question: how many friends would an average person ACTUALLY invite. For me, i probably share music with like 3 people consistently, but i am close enough with like 10-15 people who i would invite to the app. Curious what you fellow listeners think?  ",37
1jw8kus,"As a musician, how do you envision the future of music streaming?",furbootz,1744318592.0,4,https://www.reddit.com/r/LetsTalkMusic/comments/1jw8kus/as_a_musician_how_do_you_envision_the_future_of/,"I'm really interested in the future of the cultural industries x our labor x technology. I'd love any perspectives / experiences you may have around this topic.

* How important is it for you to have control over how your music is presented & monetized on these platforms?
   * If you could design a revenue model that works best for you as a musician, what would that look like? (e.g. a hybrid model- combining streaming & direct fan subscriptions? etc.)
* In your opinion, what changes would need to happen in the streaming industry to make it more sustainable for musicians in the long run?
* Do you think the subscription economy (e.g., Patreon) provides a more sustainable way for musicians to earn money compared to ""traditional"" streaming? Why or why not?
* What features would you want to see in an “ideal” streaming platform that could help you with your music career? (e.g. revenue model, audience engagement / targeting, promo tools, direct interaction, etc.)
* How do you see the relationship between musicians and platforms evolving in the next 5 to 10 years?",21
1jw00ws,"General Discussion, Suggestion, & List Thread - Week of April 10, 2025",AutoModerator,1744297233.0,11,https://www.reddit.com/r/LetsTalkMusic/comments/1jw00ws/general_discussion_suggestion_list_thread_week_of/,"Talk about whatever you want here, music related or not! Go ahead and ask for recommendations, make personal list (AOTY, Best [X] Albums of All Time, etc.)

Most of the usual subreddit rules for comments won't be enforced here, apart from two: No self-promotion and Don't be a dick.",4
1jvkr5r,Let's Talk: F*ck u Skrillex You Think Ur Andy Warhol But Ur Not,doopysnogg,1744243691.0,91,https://www.reddit.com/r/LetsTalkMusic/comments/1jvkr5r/lets_talk_fck_u_skrillex_you_think_ur_andy_warhol/,"Listening to Skrillex's new album on repeat this week. It's like it put a spell on me. Unexpectedly, i found the entire project really refreshing and a very very remarkable upgrade on the whole Dubstep genre, which i couldn't exactly enjoy before.

The whole listening experience is just incredible, and it's a 46-minute run that just never gets boring, the transition between tracks is as smooth as it gets. The drums are on point. Honestly overall i'm very impressed.

Wouldn't be surprised to see the sounds explored here influencing other works soon. Thoughts?",45
1jvnx87,How many times does it typically take you to listen to a song before you start to like it?,Apprehensive-Gur-366,1744253703.0,13,https://www.reddit.com/r/LetsTalkMusic/comments/1jvnx87/how_many_times_does_it_typically_take_you_to/,"Trying to listen to a new album every day and branch out from what I normally listen to. Some albums I’ve loved, some albums take me a bit to get into. I have really started to love Live albums which was very unexpected. I recently listened to the Köln Concert and loved it!  I currently use the website 1001 Albums Generator to give me a random album every day and then give it a ranking after several listens. Curious to how many listens it typically takes for everyone to start to like an album?",32
1jwfpkq,Velvet Underground self-titled is too poppy?,Sure_Switch1367,1744339466.0,0,https://www.reddit.com/r/LetsTalkMusic/comments/1jwfpkq/velvet_underground_selftitled_is_too_poppy/,"Many people love it but for me i fall in love with VU music by the groundbreaking and experimental features. But when it come to the VU album it’s lost their signature cuz Lou Reed want to go mainstream
Not say the album is bad, just a little let down
The album quality is still great though, maybe the top album of the 60s
Beside, what do u think is the best Velvet Underground album? For me white light heat, especially Sister Ray",11
1jvnj5f,How does music evoke emotions and how to engineer a song to evoke a specific emotion?,Icy-Formal8190,1744252428.0,4,https://www.reddit.com/r/LetsTalkMusic/comments/1jvnj5f/how_does_music_evoke_emotions_and_how_to_engineer/,"I'm a music producer, but I have never tried making a song to evoke a specific feeling I want. I'm not talking about basic happy-sad major-minor, but something much more complex and intricate than that.

There are hundreds of genres of music and each one of them have a different feeling even if all of them were written in same key and scale.

I want to understand why music and sounds brings certain feelings in us and how to create new ones unknown to humanity. 

Try looking at inspiring images and whatever you feel translate into sounds and melodies, how would you do it?

Thanks 
",15
1jv5fmz,let's talk about funkrock,gh0stunder,1744204323.0,28,https://www.reddit.com/r/LetsTalkMusic/comments/1jv5fmz/lets_talk_about_funkrock/,"What do we think about this genre? Is it dead or does it still live on in newer generations? Who were/are the best artists to dabble into funkrock - besides the obvious ones like RHCP? I feel like it's such a unique sound and it's been a while since I've talked to anyone about it, so it deserves its own thread. Are there any current artists keeping that spirit alive? Drop your takes, hot or cold—I want to hear it all.",57
1juljju,Time for new mods here. Chime in if you agree.,splitopenandmelt11,1744138760.0,54,https://www.reddit.com/r/LetsTalkMusic/comments/1juljju/time_for_new_mods_here_chime_in_if_you_agree/,"The mods here have really started removing way too many posts. I don’t know it’s an automod or what, but there’s no way to contact them for explanation. 

This sub should be blossoming with as many members as it has , but instead it’s dead in the grand scheme. 

People WANT to share stories about their experiences with music, we want to TALK MUSIC, recorded or live. Yes, sometimes that that might include NAMES OF BANDS on a LETS TALK MUSIC SUB! Thats doesn’t mean everything is a list.

If mods don’t understand that are fine with posts that receive 10,000 views with 25 comments, that’s just a waste of a sub. Time to move onto somewhere else or change how you’re “curating” posts.

I’m going to post below what I’ve had removed twice. Please tell me how this doesn’t facilitate discussion:

———-

Title: 

I’m looking for stories of bands you’ve seen where most of the members have changed but the bands continued on. I’m especially interested in band have continued on with, say, just the bass player remaining. It’s fascinating to me.

Body:

I recently saw an unnamed band from the 1970s that probably 3 or 4 top 40 hits. Without outing them, I’ll say they were probably close to a household name for about 2 years in the 1970s. Today, all of the original members have either retired, quit or died. The band is carried on by one original member and a bunch of young hires hands. The player that remains was 100% one of “the stars” of the original lines.

This “Ship of Band Thesus”is always fascinating to me. It’s gotta be an interesting life to basically play in your own cover band and still be making $ selling shirts with a logo that’s been around and attached to you and a bunch of ex-bandmates for 50 years.

What bands are especially good examples of this? Have you seen them live? How was the show HONESTLY?",155
1juhavs,Has Guitar-Based Rock Made a Comeback?,Aquasupreme,1744128473.0,59,https://www.reddit.com/r/LetsTalkMusic/comments/1juhavs/has_guitarbased_rock_made_a_comeback/,"I remember when I was a teenager in the 2010s there were no new guitar-based bands to get into. All of the new music my friends and I were into were albums by bands from 10 years ago (Queens of the Stone Age, The Strokes/The Voidz, The White Stripes, Brand New, Radiohead, etc.). 

Nowadays I feel like guitar music is on the cutting edge of art (Black Midi, Delta Sleep, Shame, King Gizzard, ect.) and it seems to be popular with kids younger than me. Has guitar music made a comeback? 

Also, I just noticed none of the current bands I listed are American. Is there something there? The only big American guitar bands I can think of are Vulfpeck, Greta Van Fleet, Royal Blood, Rival Sons…..Is it just that Americans don’t make good guitar music anymore?",131
1jug4o7,Let’s Talk: Jim Croce,Giff95,1744125557.0,67,https://www.reddit.com/r/LetsTalkMusic/comments/1jug4o7/lets_talk_jim_croce/,"Jim Croce is one of my personal favorite artists. Possibly my favorite! I’ve always felt in addition to his voice, which is smooth, his songs convey warmth and simplicity. Lyrics easy to understand and relate to, and themes that are universal.

“Walkin’ Back to Georgia”
“Operator”
“I Got a Name”
“New York’s Not My Home”
“Tomorrow’s Gonna Be a Brighter Day”
“One Less Set of Footsteps”
“Age”
“You Don’t Mess Around with Jim”
“Photographs and Memories”

His covers “Old Man River” and “Chain Gang” are well done too! Croce is a testament all it takes to make good music is to be cool with a guitar. What separates him from other artists is I always felt he had wisdom at his age others don’t have.",24
1juuquz,"It's crazy, I love Creed now. This isn't even ironic anymore.",RavingAnarchy,1744163978.0,5,https://www.reddit.com/r/LetsTalkMusic/comments/1juuquz/its_crazy_i_love_creed_now_this_isnt_even_ironic/,"I swear I remember when I started seeing the algorithm run their songs through the ringer, and thought it was catchy but not that big of a deal (especially since they all loop one single section of songs to death)

This doesn't really make sense from any angle, I don't have any nostalgia for this band because I'm 23, I was born when the band hit the proverbial fan (get it? Cuz people say it's shit), so I can't even remember hearing it, radios here never played it and my dad hates anything with heavy distortion so it's not his fault, I'm not even christian or catholic, agnostic as hell and don't like any Christian music 

But Creed somehow got stuck to me anyway, it dug it's way into my daily rotation, and I think it's because the songs are actually amazing, they all have great hooks, the instrumentals are tight and Scott's voice although funny at first, just grows on me, hell I managed to get used to Mustaine's nasal screeching.

The lyrics are interesting, they're good, it's like they have purpose, the almost laughable irony of Scott being a complete hypocrite by singing them WASNT lost on me, but I think they carry a lot more meaning now after he got over his troubles and rehabilitated, the band reuniting and playing these songs live really puts into question whether it's okay to keep the ball and chain on the guy.

I think big part of me loves Creed because they survived, it breaks my heart to think about Layne being gone, this month is a sadder one from his passing, same about Kurt, Cornell, grunge hurts. And Creed (post-grunge) was so close to suffering the same fate, and it heals me to know they're all ALIVE, and still jamming together. I wish so many were here and I'm so glad that Creed is.

This whole slew of feelings makes their songs mean even more, What's This Life For, My Sacrifice, Torn, My Own Prison, so many of their songs about struggle with drugs and substance, about suicide and lost people, about wanting to escape reality, and they're all replaced with the feeling that it can all be overcome, I still don't believe in god or anything like that, but I definitely smile when I hear Higher.",57
1jua50b,"What % of song lyrics are nonsense? As a kid I assumed lyrics I didn’t understand must have deep meaning. But as an adult reading lyrics, so much seems meaningless / just making words fit / nonsensical abstract ideas.",According_Sundae_917,1744107483.0,74,https://www.reddit.com/r/LetsTalkMusic/comments/1jua50b/what_of_song_lyrics_are_nonsense_as_a_kid_i/,"It's not that it matters so much to my enjoyment of a song.
And poetic license of course means anything goes.

It's just realising that songwriting is a lot of bluffing.

And that without beautiful sound, melody and delivery, words alone offer much less than one might expect. 

I'm not hung up on lyrics needing to be literal, it's just when you look closely at lyrics when written down rather than heard - so much is lost. 

 ",89
1juesoz,Is r/Music hostile towards people who only buy physical media?,Gloomy_Pop_5201,1744122218.0,16,https://www.reddit.com/r/LetsTalkMusic/comments/1juesoz/is_rmusic_hostile_towards_people_who_only_buy/,"I was perusing [this thread](https://www.reddit.com/r/Music/comments/1jtnvc1/tracy_chapman_refuses_to_stream_music_artists_get/) about Tracey Chapman only buying CDs or vinyl for new music. The top comments are neutral to negative towards people who only buy physical copies.

Some highlights:

>I mean it’s a lot easier to take a stand and make sure you buy a physical copy of every piece of music you listen to when you have a lot of money



>Musicians got screwed over with CD and Vinyl contracts too.



>I just bought a Tracy Chapman CD a few weeks back.  


>It was used.



>Stop putting the onus on the consumer, which isn't realistic as a driver to help artists get paid more anyway.



>I’m old enough to remember buying a whole album or cd for 1, maybe 2 good songs, its not a good system for the consumer

  
These comments seem to leave out the benefits of physical media for music -- owning a copy of the album outright, no worrying about the album disappearing from streaming services, the ability to rip them to a Plex/Jellyfin server for streaming. They seem very hostile towards that over there.

Am I missing something?

  
",51
1ju1foq,I hadn't noticed that Paul Gilbert is an incredible pop-rock musician,Sabrina_TVBand,1744074197.0,27,https://www.reddit.com/r/LetsTalkMusic/comments/1ju1foq/i_hadnt_noticed_that_paul_gilbert_is_an/,"The guitarists who hang around here are probably familiar with Paul Gilbert; he's known for being an incredible virtuoso, in the same league as Steve Vai, Joe Satriani, Yngwie Malmsteen, etc. He shows up in a lot of guitar magazines and there are many popular videos featuring Gilbert on guitar youtube.

I've known about Paul Gilbert since I started playing guitar over a decade ago. I listened to some of his [Racer X](https://youtu.be/bh-FGiQE4Lo?si=UsemUn7T5pIB3P8U) when I was more of a metal fan. My guitar teacher taught me part of [*Technical Difficulties*](https://youtu.be/JXfWazQncuQ?si=vgR7sCyZMQV-QqoU).

I respected Paul Gilbert a lot, but never sought out his music. Even if I think [his solo instrumental stuff](https://youtu.be/aQ2LLIziZ7c?si=yMNtN7BPPRWppILx) is great, it's not what I listen to in my spare time.

One day I got Mr Big's [*Green Tinted Sixties Mind*](https://youtu.be/-Hr0rBXILMY?si=IlN8QfP-HH6RDwDl) stuck in my head again, which is one of those things that happens. I was reading about the song, and I discovered that Paul Gilbert wrote the song by himself . . . what? *Green Tinted Sixties Mind* is an immaculately crafted, extremely hooky pop-rock tune. How did the shred guy do *this*?

I discovered that, as a solo artist, Gilbert has done a lot of pop-rock / power-pop type material. His songs are loaded with harmonies, smartly arranged, and often feature offbeat lyrics.

*King of Clubs*, his first album, has cool tracks like [*Vinyl*](https://youtu.be/ILRat7j7C-E?si=QsdbBWuudJHggbtW) and [*Girls Who Can Read Your Mind*](https://youtu.be/brr6QvIMBls?si=5w7WM9PHITkyqkEL). *Flying Dog* features an incredible cover of an unreleased Enuff Z'Nuff song called [*Girl Crazy*](https://youtu.be/s8KNOyMQr68?si=Yt9Yqg1_Z6qXv8E5). *Alligator Farm* has a memorable cover of [*2 Become 1*](https://youtu.be/ojhVDWsqMis?si=SY8VWEmf5sIXI4iY), as well as a tuneful original called [*Rosalinda Told Me*](https://youtu.be/UHmy2zVDq6o?si=t--OxVezDS7HhtDg). *Space Ship One* has a great song called [*Mr Spock*](https://youtu.be/Ab-Th2d59lM?si=lNq7XUIUalRG0wvY).

All of these albums have the kinds of instrumentals Paul Gilbert is mostly associated with. They also have harder-edged, less hooky songs that haven't grown on me yet.

But I had no idea that Paul Gilbert was a gifted songwriter; this maybe was common knowledge (in guitar circles) back during the late 90s and early aughts, when he was making a lot of this kind of music. But I somehow hadn't noticed that this was a major part of his output; I'd heard his rendition of *2 Become 1* years ago, and thought it was just an ironic joke.

Most pop-rock / power-pop bands are not comprised of virtuoso musicians. This isn't really a problem; the music usually is not that complicated to play. But Gilbert being a guy who can shred circles around just about anyone, who also knows a ton of theory, means his pop-rock material has a distinct character. I'm not saying he's better than The Cars or something, just different.

Some of Gilbert's lyrics have a ""nice guy"" feel to them, which unfortunately is not uncommon in power-pop music. But pop songs generally don't have a ton of nuance, and I try to just appreciate the material in its intended way, rather than being cynical about it.

If you enjoy Cheap Trick, Joan Jett, The Bangles, The Raspberries, etc, I definitely recommend listening to [*King of Clubs*](https://youtube.com/playlist?list=PLmEX5866HLwEz-E7ARmTmXVTwppyn9-c6&si=7COh65thCBchl-Vr). A fitting introduction, seeing as it's Paul Gilbert's first solo album (but far from his first recording).

Does anyone else here enjoy Paul Gilbert's music? And can you think of any other musicians who are so associated with a particular style of music that their other material flies completely under the radar?",19
1jtejo4,I have a genuine question: is Kanye West dying?,mightyonin,1744006345.0,587,https://www.reddit.com/r/LetsTalkMusic/comments/1jtejo4/i_have_a_genuine_question_is_kanye_west_dying/,"Kanye, or Ye, is one of the first people that I felt concern about. The guy who made such epics as the Graduation trilogy, My Beautiful Dark Twisted Fantasy, and 808s and Heartbreak has devolved from a musical genius to hip hop's Uncle Ruckus, with his antisemitic, white supremacist, ableist, misogynistic, Nazi, Fuentes-worshipping, KKK-loving, Drake-praising, Diddy-bootlicking, and utterly bullshit bullshit that's sweeping the entire world by storm, which was made worse by these ""albums"" of his, Bully and ""WW3"". Each day as I watched him fall, I wonder if there must be some truth behind it. There exists a piece of my mind saying ""Kanye needs to be stopped before he kills somebody"" and that's when it struck me. What if he was on drugs? What if he was mentally insane and he didn't seem to notice but everyone does? What if all of this are so genuine that he might have the balls to commit the biggest hate crime ever commited by someone in the hip hop community and we're not there to stop him? What are the other people at Yeezy gonna do about all this, fund his self-destructive behavior to get to jail or intervene with him to work things out? (I'm doubting both of them) Is this bullshit the life Kanye has chosen for the years to come? Because honestly I think I might be witnessing a man dying. I don't know, what do you think? I'd love to hear your take on this",296
1ju404p,"2hollis, nettspend, osamason help me understand the hype",pirate400years2late,1744082228.0,6,https://www.reddit.com/r/LetsTalkMusic/comments/1ju404p/2hollis_nettspend_osamason_help_me_understand_the/,"Genuinely don’t get it. I’ve listened to a good majority of their music too and CANNOT hear the appeal. I’ve been recommended songs, all of which I think are dog crap. I thought it was one big inside joke at first, that people actually liked this type of music, but I’m wrong. I feel left out now actually because I so badly want to understand the appeal so I can jam with my friends, but how is it even considered music? Every song sounds the same, a chaotic mess of incompressible lyrics and sounds. All my friends are at osamason rn they paid $100 for tickets and it blows my mind because (sorry this will offend people) I don’t see him having much of any talent but please I would LOVE to be proven wrong. What are y’all’s take on this new music? ",18
1jtvvp7,What was so special about the early 2000s indie scene?,youth-of-today,1744058828.0,19,https://www.reddit.com/r/LetsTalkMusic/comments/1jtvvp7/what_was_so_special_about_the_early_2000s_indie/,"To give some context, the main 3 pieces of media on my mind are youtube videos.  
  
[https://www.youtube.com/watch?v=4kx\_09J3DX8](https://www.youtube.com/watch?v=4kx_09J3DX8) \- a tour documentary about noise rock band Lightning Bolt  
[https://www.youtube.com/watch?v=2i3NXmEOuuA&pp=ygUVcGljayB5b3VyIHBvaXNvbiB0b3Vy](https://www.youtube.com/watch?v=2i3NXmEOuuA&pp=ygUVcGljayB5b3VyIHBvaXNvbiB0b3Vy) \- a tour documentary about emoviolence band Usurp Synapse and Jeromes dream  
[https://www.youtube.com/watch?v=sYLcAitXzIc&t=3048s&pp=ygUSbWljaGlnYW4gZmVzdCAyMDAy](https://www.youtube.com/watch?v=sYLcAitXzIc&t=3048s&pp=ygUSbWljaGlnYW4gZmVzdCAyMDAy) \- a DVD documenting the 2002 Michigan Fest, which brough together a massive array of post-hardcore/emo/dance/indie/math/experimental groups with a huge crowd

I am young. My introduction to these bands is through spotify and youtube, not through shows or records. I am looking back on a time that has long since passed me. And something about it leaves me obsessed. Just about all my favorite bands seem to have hit their peak in this era: Converge, 2000; GY!BE, 2000; Lightning Bolt, 2000; Arab on Radar, 2000; Usurp Synapse, 2000. 

Something happened. Some massive web of actions and reactions led to this massive convergence of experimental rock music, at its peak of arguably both creativty and popularity. Music is subjective, i just really like the music from this time and think its special.  
  
But popularity. I mean just look at the crowd in Michican fest; theres thousands, and they're all young. This kind of indie attitude broke into the mainstream, with shit like Interpol and the Strokes and all the future indie rock slop. This DIY, indie, college, hardcore-adjacent, artsy zeitgeist is what defined the ""cool"" and ""hip"" of that era. This kind of shit directly led to both the logistical and creative opportunities for what people on tiktok now call ""indie sleaze"". As a zoomer now living in the 2025 western world, this nearly mainstream love of authenticity and creativity is something I just cant wrap my head around. There's simply not as many people who make music, who care about music, who talk about music. We got kinda close with the whole Death Grips Kanye West Fantanocore wave in the 2010s, but even that doesnt approach the cultural relevance of early 2000s indie.

This is kind of a ramble post, so here's my point. I'm a zoomer. I wasnt alive for any of this. I'm an outsider looking in on this world, and I love it, and I dont get it. How did this happen? Moreover, how did it get so popular and influential? I've read about the 80s underground through Michael Azerrad exploring hardcore punk and DIY, and it explains some of the 90s to me, but I just dont get the 2000s. How the fuck did this happen?",58
1jtoeck,Has Elton John's new album been ignored?,Spare_Wish_8933,1744040658.0,33,https://www.reddit.com/r/LetsTalkMusic/comments/1jtoeck/has_elton_johns_new_album_been_ignored/,"As a fan of '70s rock, it's almost obligatory to me listen to every new album by legendary artists that i like, at least once.

There's no genius here, but to my surprise, it's not a boring Grammy-nominated country or folk collaboration. It's more of an album that tries to sound like '70s Elton—yes, '70s Elton rock...if you push me, I'd say something like Rock of the Westies. The first song is like a tribute to Funeral for a Friend. The producer is the same one who produced The Stones' Hackney Diamonds.

I mean, I'm not a huge fan of Elton or his albums beyond 1975. I think 2013's Diving Board was good. This one isn't better than DB, but it's much better than the disastrous Lockdown Sessions. Artistically, it's interesting that he's moved away from the current pop sound, from centennial or millennial singers, or from EDM, and is trying to recover the '70s rock sound with Andrew Watt.

Now, although there are articles online, the album has been practically ignored on social media, but everything unrelated to the album is widely discussed. x D, what do you think of the album? Or is Elton, despite his worldwide fame, no longer artistically relevant, not even to his fans?",64
1jtmcau,Songwriting and the Idea of Artists as Poets,HotAssumption4750,1744035484.0,9,https://www.reddit.com/r/LetsTalkMusic/comments/1jtmcau/songwriting_and_the_idea_of_artists_as_poets/,"A term I see get used frequently is the idea of music artists as poets. Personally I do not believe that to be the case for the most part. I think it is somewhat foolish. Songwriting and poetry are different artistic mediums and in some sense equating the two can be rather limiting for music. Songwriting is as much about the music portion(even more so than the lyrics) and the overall melody. In my opinion, the lyrics don't even matter when creating an overall effect on the listener. An example I think is with a lot of prog songs. Many of them can be obtuse and even non-sensical to the average listener but  I can also acknowledge that the overall musicianship and atmosphere some of the music can create can strike some resonance with some people. I think that also begs the question as to what necessarily constitutes a good lyric; doesn't it all vary with each listener? Some of the songs we hail are not poetic in a literary sense so why make a fuss about lyricism? What are your thoughts on this?",20
1jtncsn,"What Have You Been Listening To? - Week of April 07, 2025",AutoModerator,1744038052.0,6,https://www.reddit.com/r/LetsTalkMusic/comments/1jtncsn/what_have_you_been_listening_to_week_of_april_07/,"Each week a WHYBLT? thread will be posted, where we can talk about what music we’ve been listening to. The recommended format is as follows.

Band/Album Name: A description of the band/album and what you find enjoyable/interesting/terrible/whatever about them/it. Try to really show what they’re about, what their sound is like, what artists they are influenced by/have influenced or some other means of describing their music.

[Artist Name – Song Name](www.youtube.com/watch?v=PxLB70G-tRY) If you’d like to give a short description of the song then feel free

PLEASE INCLUDE YOUTUBE, SOUNDCLOUD, SPOTIFY, ETC LINKS! Recommendations for similar artists are preferable too.

This thread is meant to encourage sharing of music and promote discussion about artists. Any post that just puts up a youtube link or says “I've been listening to Radiohead; they are my favorite band.” will be removed. Make an effort to really talk about what you’ve been listening to. Self-promotion is also not allowed.",7
1jtebh1,Do you prefer bands with multiple lead singers or just one?,_PhillipBarajas,1744005398.0,13,https://www.reddit.com/r/LetsTalkMusic/comments/1jtebh1/do_you_prefer_bands_with_multiple_lead_singers_or/,"When comes to a traditional band, do you honestly prefer them to have multiple lead singers in the lineup that offer more variety of tones: i.e. The Beatles, Deep Purple (Hughes and Coverdale), Blink 182, Queen (not entirely just Mercury), Tears for Fears, etc etc

Or do you prefer bands to just stick to one, primary face/lead vocalist for their discography and creativity?

And if you prefer multiple singers, who's your favorite example of a band that has multiple singers? ",40
1ju66l3,Why do people keep dunking on millenial core music when it hasn't been relevant in years?,AyyyoniTTV,1744090155.0,0,https://www.reddit.com/r/LetsTalkMusic/comments/1ju66l3/why_do_people_keep_dunking_on_millenial_core/,"Talking about that dogshit genre of music like, Of Monsters and Men, The Lumineers, Mumford and Sons etc...

They played acoustic guitars, and stomped/clapped and said hey ho alot.

Don't get me wrong, this genre of music was pure ass and sounds like it was bred in a lab to be the perfect background music in an H&M, but I also don't even hear about this genre outside of the memes.

If it weren't for parodies like [this](https://www.youtube.com/watch?v=PKVOeQICi1A), essays like [this](https://www.youtube.com/watch?v=bVNdluaWxfU)
, or memes like [this](https://www.reddit.com/media?url=https%3A%2F%2Fi.redd.it%2Fjus6q5998pec1.jpeg) this I wouldnt have even remembered this genre of music.

The reason im asking is because its sort of making the rounds again online and people are remembering how shit it was but also this genre was like 15 years ago.

When you think about it it'd be like making fun of nu metal or limp bizkit in 2016.

Like yeah its shit but also how do you even remember that genre at this point?

I think for me its fascinating because people already knew the music sucked when it came out.

People were shitting on it [on](https://www.youtube.com/watch?v=as4O2ZorKP8)
its [release](https://www.youtube.com/watch?v=lJNYxpEAh68).

I think its more just fascinating for me cos its a bit of a dead horse and an easy target to shit on but at the same time this genre hasnt been relevant in over a decade and I genuinely dont know a single person that likes it except for middle aged moms.

So why do people keep dunking on millenial core music when it hasn't been relevant in years?",13
1jtlvh5,Let's Discuss: The Current Stance of Popular Music,Aggressive-Return-23,1744034281.0,0,https://www.reddit.com/r/LetsTalkMusic/comments/1jtlvh5/lets_discuss_the_current_stance_of_popular_music/,"Are current pop musicians hesistant to make artistic records? If we go way back to the late 60s until the end of the 2000s there were always songs from really influential albums high on the charts, even though ""pop"" music and ""alternative"" music were divided from eachother both of them were thriving together. Albums like Abbey Road, The Dark Side of the Moon, Rumours and Radiohead's entire catalog were not only artistic but also really successful. In modern day it seems like labels take artists making an artistic record as an inviter to tank your sales and streams.

Which albums from recent times (2010-now) do you think went against this narrative and had thoughts put into their records?

For me: I'd say Beyoncé's Lemonade, Renaissance and CC are great examples, as well as Taylor Swift's folk records and Kendrick Lamar's recent albums",25
1jsm5mb,Deafheaven - Lonely People With Power (2025),black_flag_4ever,1743914289.0,49,https://www.reddit.com/r/LetsTalkMusic/comments/1jsm5mb/deafheaven_lonely_people_with_power_2025/,"https://youtu.be/b-2pdpSTwN4?si=O0-QKBXC7TC-trX2 - please use a streaming service or buy it.

I listened to this three times now. It’s remarkable that any band would think to blend shoegazer and black metal, this is what Deafheavan has done for a while now. They had been drifting away from the metal aspect of their music, but this album brings them back to a sound closer to Sunbather. 

I say closer to Sunbather, because what they’ve learned from Infinite Granite influences this album. They kept what worked. 

I don’t know how other people feel about this music, I enjoy it. I think if you’ve ever had depression or a dark time in your life it can help to listen to a band that incorporates many different gloomy and down styles of music at a time. Honestly, if you’re in a mood this kind of music is either the best thing you can listen to. Hard to describe, but a playlist of Deadheaven, Alcest, Agolloch and Wolves in the Throne Room can be uplifting, something to get lost in.

If you like stuff like Galaxie 500, the Smiths, Low and My Bloody Valentine you might appreciate this album even if you have a limited appreciation for black metal. And, I wonder what die hard black metal fans think of this group that is obviously making an outsider version of this music. This group is not wearing corpse paint, they don’t sing about anything supernatural, they aren’t concerned with the trappings of the genre. As someone not super deep into black metal I don’t have an opinion on that.",29
1jtdmhn,Doechii Anxiety. Concept song about deaths of Eric Garner/Trayvon Martin. Unimaginably different. Every detail fits. “Money on my jugular:” settlement paid by to Garner’s family. Metaphor mural masterpiece,hyeran_jainros_fc,1744002566.0,0,https://www.reddit.com/r/LetsTalkMusic/comments/1jtdmhn/doechii_anxiety_concept_song_about_deaths_of_eric/,"# TLDR:

You haven’t heard Anxiety by Doechii. Not the song about:

1 **Eric Garner, a black man choked to death by a cop in 2014.** From the start to the last word is about his life and death struggle. When originally written in 2019, Garner was the one person who had been on national news for dying due to choked by a cop. (George Floyd died 2020.)

""Tightness in my chest/**elephant standing on top of me"" after the ""popo"" line makes this clear.** What else links **difficulty breathing to police?** 

**2 “Court order Florida ” = Trayvon Martin’s killer found not guilty in court.** The context of Garner unlocks this line. Remember controversy over **Florida’s “stand your ground” laws.**

3 “**Blue water”/light = Democrats.** **Garner died in Democrat NYC.**  ""Blue water"" line after ""Florida"" contrasts with Florida being a 'red' state. Given ""rojo"" = Republican. The police light colors also refer to the parties controlling the states where Garner/Trayvon died. Blue/red. THAT'S why Anxiety, when neither party seems to care about black lives. ""Water"" links to difficulty breathing

>Everything builds from this: interlude, song art, sample, etc. It’s crazy how she weaves different extended metaphors from the stories. Like escape/blue/rojo/elephant.

This is long, but the kind of work someone had to put in to figure it out. I shortened it so more people read.

Thanks. 

# US political parties (for foreign readers etc):

\-Doechii is from Florida. a state led by conservative Republican party. Where Trayvon died.

\-their chosen symbols are red and an elephant

\-She wrote the song in NYC. Liberal Democrat (blue) city/state. 

# Summary

**This song was first made in 2019,** before her record deal. A poem largely about the legal killings of unarmed black Americans, **while Doechii was growing up.**

**It’s hard to get: partly how an Eric Garner song does 100m streams in 3 weeks.**

Just check the lyrics you don’t get, if you like

Two main stories. 

1. **Eric Garner.** he died **in NYC. Where Doechii lived when she made the song. Under Democrat rule.** Cop not charged. Personification of **“anxiety” is really a metaphor for the cop trying to “silence” Garner.** Their conflict is a **story arcing the entire** song. Reflected in small variations of repeated phrases. This hidden message unlocks the rest. 
2. **1st verse is** **Doechii’s personal escape.** Starts in her head, “no mojo.” Partly trying to escape labels. **“I tried to escape.”** Rapper fantasy? Materialism, sex. **2nd verse: physical, political escape.** the scope expands all the way to the “world order.” 

**Interlude:** like director’s instructions. Echoes a cop announcing your impending anxiety and death, with a countdown.

**“Court order from Florid-er.”** Florida law: Legal to shoot for self-defense in a fight. **No basis to arrest.** Doechii was 13 when this happened in 2012. **Florid-er:** Like “Gov. Ron DeSantis, Florida (R)?”

**“Rojo” (Spanish for red)/“elephant”** = Republicans. Could also refer to **hispanics.** Recognizing the complexity. **Trayvon Martin’s killer, cops who shot Philando Castile, arrested Sandra Bland**. “Rojo” in last line, 2nd verse ties back to its 1st line about Trayvon: “Court order from Florid-er.”

**“And I just let it take over”:** originally **""Just relax and let it do its thing"" in 2019. The only change in the new version,** to emphasize politics more overtly. now, early in the second Trump administration. Disappointment with complacency, lack of opposition to such politicians. including from herself?

“**Blue water”/light = Democrats.** Threat to black life isn’t just cops and Republicans. Uncertainty about danger = anxiety.

“**New world order”** = Republicans. China?

**Marco Polo:** Clarifies “New world order” = China. And Marco Polo is a **swim tag game. This metaphor sets up next line, “negro run from popo.”** Also, water can drown

**“Homo/negro”:** labels given by others. “No logo/no limits, no borders” = no label. **Note she flips this and makes her own color labels in this song: blue/rojo.**

**Anxiety x 41 for Amadou Diallo.** Cops shot at him 41 times in NYC in 1999. Earlier example of lethal, legal racial profiling.

**“Shake It Off:”** a Taylor Swift song. **Repeated 11 times, mostly in the variation “can’t shake it off of me."" In remembrance of Garner saying “I can’t breathe” 11 times.**

# Story 1. Eric Garner tribute. 

She stacks extended metaphors about this. **Allusions/imagery about difficulty breathing are throughout the song.** 

**It was widely publicized that Garner repeatedly said “I can’t breathe”. The cop was not charged.** Less than a month before Doechii’s 16th birthday. Even the 1st verse has a line about Garner: **“Money on my** ***jugular.*****”** As if money has her in a headlock. **The $5.9m paid by NYC to Garner’s family in settlement.**

Here’s the direct clue. Lines about police:

>Negro run from popo/That blue light and that rojo

Immediately followed by difficulty breathing:

>And it’s like/I get **this tightness in my chest/Like an elephant is standing on me**

“Somebody's **watchin' me** and my anxiety”**: Garner’s friend filmed his death.** This line establishes the watcher as a different person than “anxiety.”

# “I feel the silence”

Anxiety: fear of being “touched” and “silenced” by “popo.” Notice the story progression in these quotes. In order, from the refrain:

>**tryna silence me**

1st chorus. before the 2nd verse ending with “popo” line.:

>\-oh, I feel it tryin’

>**-I** ***feel*** **the silence**

>\-**somebody's touchin' me**

>\- (It's my anxiety, **gotta keep it off of me**)

**“I feel it tryin” shifts from the refrain’s earlier wording, “Tryin' to silence me.”** The cops hands are on her. **“I** ***feel*** **the silence”:** by this point in the story, Doechii/Garner is already in the chokehold. But still alive at this stage. **“Somebody’s touchin' me”** is her clue to us that it’s an external conflict.

2nd chorus/outro. After “run from popo” and “elephant” lines:

>\-oh, I ***feel*** the silence

>\-**can’t shake it off of me**

>\-gotta keep it off of me (Can't shake it off of me)

Why **not “I hear the silence?”** **Physical silencing, a sensation, not just a lack of sound.** Physical, external: not psychological anxiety that she “feels.” Now the story, the chorus is the dying thoughts of a black American: literally unable to breathe from being choked by a cop into silence. **Notice the chorus is sung like a story’s climax. Panic.**

Now it’s clear why she repeats this at the very end: **“Can't shake it off of me”** at the 2nd chorus and outro. The optimism in the 1st chorus is gone: “It's my anxiety, can't let it conquer me.” She wanted to keep it off: **“It's my anxiety, gotta keep it off of me.”** But isn’t able to do so, like Eric Garner. RIP. 

# (Brrah) gun sound. Trayvon, self defense

**Trayvon’s vigilante killer/cops shooting.** Mainly 1st time, before 2nd verse on Florida and “popo.” 

**2nd time.**

last line of 2nd chorus. repeated in the background until the end. **The way “me” and Garner’s story ends the song, this sound also brings back the story of Trayvon. Both their deaths play in parallel.**

Also self-defense. Shooting back in a small way, more than militant. A young girl fantasizing about her people having a “shot” at freedom. “**Smuggler in Russia”** = Viktor Bout? big arms dealer with a movie about him.

# Democrats//Republicans: blue/red. Parallel question//answer structure. 

**Question**. ”What's in that clear **blue** water?”: Democrats, whose color is blue. Given it immediately follows the Trayvon/Florida (red state) line. **Answer**. **On the surface, they represent “No limits, no borders”** (unlike Trump who wanted to build a wall). Garner’s death  in NYC shows the surface is deceptive.

**Q.** “What’s in that new world order?”: 1 meaning is Republicans. **A.** “Negro run from popo.” the party is seen as pro cop and against black equality. Trump was in president in 2019. More than previous mainstream Republicans, he appealed to white nationalists.

**Rojo/elephant = Republican Party**. Extra ironic to refer to them in Spanish. Given Trump’s stereotyping of Mexicans. Opposite of “no borders.” But it’s not really this clear, like the blue water.

# “blue water” + “blue light”: Democrat danger

**Garner died in Democrat “blue” NYC .** Contradicting the Democrat “no limit” ideal. **He ‘drowned’ in the “blue water.”** She questions if this relationship just benefits one side. Also, like **'taking the plunge' to a ""blue"" state. Doechii moved from Florida to NY.** “**That blue light:”** Democrats control the NY cops who killed Garner.

**Marco (Marco), Polo (Polo)**

She repeats in the background, as if playing the game. Analogy to blacks trying to avoid getting “tagged”/killed by police. 

Game rules. Eyes closed = some uncertainty who’s getting tagged next. Like the uncertainty of who’s getting caught by cops. **Just go after everybody shouting “Polo”: parallels racial profiling.** Going after someone for their category.

**How blue water = Democrats parallel works**

**You play “Marco Polo” in the “blue water.”** She’s saying NYC is like “blue water” because of Democrat rule. **They made the laws (rules of the game) that control the cops** who killed Garner.

# Taylor Swift’s “Shake It Off”

Released 1 month 1 day after Garner’s death, 4 days after Doechii’s 16th birthday. the twerkers she crawls under are clickbait for the MV thumbnail.

**It has a line, “haters gonna hate.” She says to simply “shake it off.”** For a young black girl paying attention to both Garner and Swift, you could not sing more accidentally, but viciously savage lines. **Doechii flips it to hit us with the same savagery.**

**She’s not attacking Taylor** (see my longer version). Just speaking on the timing in young Doechii’s life. **Symbol of underlying black/white disconnect.** The distance she felt between her and the world of white “pop music.” **Even their “feel good” songs hurt her with loneliness.**

# No Hate/Fear

She shows no animosity for Taylor, Democrats, hispanics. “No limits, no borders” shows support for latter. The subject isn’t an excuse to draw a lazy, fearful sketch. **not trying to spread fear.** **Not paranoid about a race. Not stereotyping and racial profiling in return.** Thoughtful. Not just venting anxiety and calling it art well done: Noid by Tyler.

# Singing = Field hollers?

Genre sung by black people working in fields, originating during slave times. Her singing sounds like female ones. **Similar soulful, mournful blues sound.** The way Doechii says “oh” like “Ohww” has this Southern black history feel. Trouble So Hard by Vera Hall: [https://www.youtube.com/watch?v=r9SENzRLk\_M](https://www.youtube.com/watch?v=r9SENzRLk_M)

# Anxiety: 41 times. Tied to Garner’s age, Trump

**Amadou Diallo** was reaching for his wallet. It also happened in NYC, like Garner’s death. Republicans in charge 1999. **Her point: little has changed during those 15 intervening years.** She uses this number to connect Diallo to Garner.

Only numbers in the song are the interlude countdown: **“3, 2, 1.” 41 + 3 = 44. Eric Garner died at 43 and never got to turn 44. Plus one more “Anxiety” is in the title = 45 for President Trump.** 🐘

# “…me/Me/Me”

ends the song. The way it’s sung is **like someone’s dying breath. Mournful, but also a celebration of that person, that black identity.** There’s 3 ‘mes’ = Garner, Trayvon, Doechii. A small statement that it’s a part of her. Personal/political escape didn’t work. This song is her escape. From the labels, the isolation.

# song art. New for 2025

**Scars on Doechii extend over her “jugular"": refers to that line and Garner.** They form a heart split in **two halves:** ***two*** **people.** George Floyd died in a similar way to Garner after the original song. He said “I can’t breathe” too. The scar brings to mind her “alligator bites” album title. And the **white gator** on her album cover.

Combination of **black and white picture + scar + bare back elicits the one of the slave whose back is covered in thick scars.** Played by Will Smith in Emancipation. Linking today to that past. Especially the “old picture/film” effect in the MV. Her ‘hair tie’ made of ‘black hair’ = black unity and culture despite racism.

# Even the sample fits:

**“Somebody That I Used To Know”.** someone who’s just a memory. It’s also a song about the connection between two people.

RIP Eric Garner, Trayvon Martin",5
1jsr462,"[list] These are my top 10 pop albums of the 60s. What do you think of the list? What's yours, and why?",Less-Conclusion5817,1743935290.0,3,https://www.reddit.com/r/LetsTalkMusic/comments/1jsr462/list_these_are_my_top_10_pop_albums_of_the_60s/,"In no particular order:

1. [Pet Sounds](https://youtu.be/f9keMETFIbk?si=zkyJ_5hJ27OoXWFp) (The Beach Boys, 1966)
2. [Revolver](https://youtu.be/HmZ2tHu-jVg?si=CMAHhAvKyw4xpHIp) (The Beatles, 1966)
3. [Abbey Road](https://youtu.be/SQgDYT836Kk?si=wuZzSZsAKP943jJi) (The Beatles, 1969)
4. [The Beach Boys Today!](https://youtu.be/D_q_q4qh1NY?si=_SwfgaIi_GlvhhjC) (The Beach Boys, 1965)
5. [September of My Years](https://youtu.be/oD87obuUgUk?si=EEPB1Xu1fST8aaJE) (Frank Sinatra, 1965)
6. [Os Mutantes](https://youtu.be/ETqMNQw-a9M?si=I0VtKpR695MeSphj) (Os Mutantes, 1968)
7. [The Kinks Are the Village Green Preservation Society](https://youtu.be/lc7dmu4G8oc?si=p_lKQza1Kqpu3_Oq) (The Kinks, 1968)
8. [Sweetheart of the Rodeo](https://youtu.be/HL6Jmmzu02k?si=ctxNw48vOua4uqEV) (The Byrds, 1968)
9. [Astral Weeks](https://youtu.be/4ech6pZoBJ4?si=4nedrAvVG8YjlhiL) (Van Morrison, 1968)
10. [Tous les garçons et les filles](https://youtu.be/DFSFftDutXQ?si=P10AFIZn99NlEdyk) (Françoise Hardy, 1962)

Let's unpack this.

*September of My Years* is definitely a wild card, but I already talked about it [in another post](https://www.reddit.com/r/LetsTalkMusic/comments/1js8uof/september_of_my_years_by_frank_sinatra_might_be/?utm_source=share&utm_medium=web3x&utm_name=web3xcss&utm_term=1&utm_content=share_button), so I'll try to be brief. This is why I think it's top 10 stuff:

1. it's a concept album (one of the firsts of its kind),
2. Gordon Jenkin's arrangements are out of this world,
3. there isn't a weak song in the entire album,
4. Sinatra is at the peak of its game as a performer, and he absolutely inhabits each song,
5. it's a timeless album, not just a milestone of 60s pop—a mature, layered, and insightful reflection on the passing of time that only gets better as you grow older, and that has aged like a fine wine.

Now let's unpack the rest:

To me, *Astral Weeks, Pet Sounds, Abbey Road,* and *Os Mutantes* represent psychedelia at its best: [eerie](https://youtu.be/R6HOHAflx1k?si=7HdDKjSYLfh-7dSc), [otherwordly](https://youtu.be/4ech6pZoBJ4?si=QUf7Z8_aKaYCEOb1), [weirdly fun](https://youtu.be/3a2JAtUq11s?si=v8bz1eiQPl-9-Nc3) and [playful](https://youtu.be/Mh1hKt5kQ_4?si=f_SH07gYOr39Xga5), but not self-indulgent.

*Today!* goes from sunny surf pop to introspective ballads that almost sound like reimagined covers of lesser known songs from the Great American Songbook. [""In the Back of My Mind,""](https://youtu.be/T0QDRSrKkyc?si=utTnq0360Jauu97D) in particular, has a really timeless quality. The mood goes from pure youthful exuberance ([""Dance, Dance, Dance""](https://youtu.be/CY5ff7DzKkU?si=2rUTYK-BSsU8Lwu8)) to moody and touchingly sincere reflections on the [passage of time](https://youtu.be/7jAT053dYTI?si=0Q288SYwtIoh1svF) and the [fragility of love](https://youtu.be/UwiDOOFdpqs?si=hzznlrUH6u54Lfew). And the arrangements are amazing throughout. The [soundscapes](https://youtu.be/RypKTz1Kmpg?si=wiOdnRu4q8hIl6n7) of *Pet Sounds* are richer and more innovative (they're almost like a miracle), but *Today!* is a stronger collection of songs.

*Revolver* and *Abbey Road* are aren't just [beutifully crafted](https://youtu.be/xdcSFVXd3MU?si=c-drdSUmx7IntpwO)—they're [unpredictable](https://youtu.be/ZhxJAxa77sE?si=fp8244pvhAvGcNk9) and [exciting](https://youtu.be/r95-7zfgtLw?si=eqive-xGmp6DoKXH). Listening them from start to finish is like an [adventure](https://youtu.be/x9VzJpl05N0?si=FVXGi5HU-Y7adZSA) full of [twists](https://youtu.be/mJag19WoAe0?si=pAuW26SgHyB640K_) and [turns](https://youtu.be/9BznFjbcBVs?si=bYjoozBOWxi3fPE1).

*Sweetheart of the Rodeo* is an encyclopedia of Americana (comprising [folk](https://youtu.be/7MwplKjk_O0?si=Rr10uoMs2YePmFmA), [white gospel](https://youtu.be/so72VdB8KVA?si=VXVQ2HmZJTiy0vYX), [honky tonk](https://youtu.be/ge9fFT0LDzQ?si=lqWDNcdRKD57k0_g), [western music](https://youtu.be/nzOHtU8Sb3c?si=UJLwV9q-9-2rxoYC), and even some [countrified soul](https://youtu.be/5chH0k6wvwo?si=yIWUjTBwEvVm9d1U)), but The Byrds' harmonies and ethereal voices have a transformative power that makes all the songs sound fresh.

*The Village Green Preservation Society* doesn't sound like a psychedelic album, but it definitely is—it's like an acid trip through memory. The songs have a [dreamlike](https://youtu.be/upWnwfzA_i8?si=7Sq3jZdMs5IH4Mmq), [hallucinatory](https://youtu.be/80o__1OkB8M?si=YfOMdR92VRr-Y43A) quality, but they're [sharp](https://youtu.be/xkwqiqsfoZw?si=GAQeKSFZwmyeMdLn), [witty](https://youtu.be/YaR7FZSfcKw?si=AY1VHxuqj-l4_lq5), and [they tell a story](https://youtu.be/Erhio9iZpSU?si=lr_PGP8PpIDIwyX6). And it's vintage, music-hall influenced sound and [nostalgic, even reactionary lyrics](https://youtu.be/lc7dmu4G8oc?si=4EXlukisNBop7yUu) make it one of the most rebellious albums of the decade.

Finally, *Tous les garçons et les filles* is a marvel of [minimalist pop](https://youtu.be/p9ot8vERY38?si=L2mptD34W83Ujl3Z) and [youthful innocence](https://youtu.be/GwndIM8PZk4?si=aDBve-4ozuSLCvMu) distilled into a perfect set of beautifully crafted songs. Again, [it's so pure](https://youtu.be/grHB3U93jiQ?si=lNc80plDxfbBlmdT) that it transcends space and time. It sounds as fresh today as it did when it was released.",14
1jscrll,Record labels and modern curation,DentleyandSopers,1743884746.0,20,https://www.reddit.com/r/LetsTalkMusic/comments/1jscrll/record_labels_and_modern_curation/,"There are a lot of posts asking how to discover new music in an era when there's so much music being produced and platforms are so algorithm-driven, and the most reliable mode of discovery I've found is surprisingly old-fashioned: record labels and their rosters.  A few years ago, I realized that a lot of my favorite new artists, regardless of genre, were signed to Sacred Bones.  The aesthetic is hard to pinpoint because their roster is pretty diverse, but there's a curatorial sensibility that consistently just makes sense to my ears.  RVNG Intl. is great for experimental, more ethereal electronic music, and Ghost Box is great for artists approaching electronic from a slightly more historical, analog-meets-digital angle.  Not Not Fun puts out great dance music and was my go-to label for a particular style of electronic music a decade ago.  Hyperdub and Drag City are  probably the current gold standard for general electronic and folk releases respectively.  The late, great Tri Angle was home to some of the best dark ambient, ""witch house"" albums of the last decade. That particular sound sort of lost its footing when the label shut down, I think, but it was huge for me during my college years.

In this sense, finding new music is no harder than it was in the 90s, when you knew if Sarah Records or 4AD's roster curation fit your own tastes.  Are there any other labels that have cultivated a specific sonic fingerprint that makes them a reliable source of new music for you?  What's their aesthetic?",7
1jsfoj0,The Proliferation of Mediocrity: An Editorial,Fedginald,1743892802.0,6,https://www.reddit.com/r/LetsTalkMusic/comments/1jsfoj0/the_proliferation_of_mediocrity_an_editorial/,"99% of music I hear from a producer/musician I meet, come across on the internet, that gets promoted to me, whatever, isn't something I can see people just sitting in their house or car and listening to. I might have some preconceived notions, but that's also just the reality of it. Almost no one is choosing to listen to this particular song. Other people may not feel this way. Other people might actually like the music in ads, promotions, hashtags, whatever. That's cool. The reason I don't is because of things in the industry I see as objective issues.



I'm reflecting on the conditions that are accelerating the distribution of ""bad or mediocre music"", leading to an overall cheapening of circulated music in general.



Of course, what's ""good"" is subjective, but let's just approach ""good"" from a few universal critical standards: some combination of having skilled musicians, great songwriters, memorability, good mixing and mastering, et cetera. What is ""great"" songwriting? Let's just consider a ""great song"" as one that most casual or professional critics agree is ""great"". Unlike many things in music criticism, this is something that is actually measurable. The existence of RateYourMusic's user charts are proof of this.



The general public isn't highly musically critical. It takes a very specific type of person to want to make a RYM account, let alone become a professional music critic, so there's inherent bias in citing these sorts of lists. The problem? Think about it. The general public isn't highly musically critical. We're also in the midst of a rising population. This leads to an oversaturation of mediocrity. For example, someone running a business typically doesn't care what music is in the ad or played in the store. They just want music, preferably for cheap. This leads to incentive for creating sub-par music. This also leads into the money factor.



There's a lot more nuance to the money factor than ""music is bad because people are in it for the money"". It feels like many people today would rather just have their name on something than to make something that's actually good, or learn the skills to make something actually good. Many people are just trying to cash in or get famous. There's nothing wrong with having that motivation. A lot of skilled and unskilled people have made it big. Industry-minded people have produced work that's ""objectively"" considered ""great"". There's a lot of competition to make it in music, and standing out from the crowd doesn't necessarily translate to success, or actually being ""objectively"" good at your craft. The issue with this? There's just too much objectively mediocre music being produced as a result.



Maybe the artist is ""objectively good"". They might or might not promote using today's methods, and their only intention is to create a genuine piece of art. Maybe they put the time and effort into developing the skills to make it, yet no one is listening to it. The issue with this is that they get outcompeted. Their music isn't distributed widely and gets diluted by the pool of mediocrity. They don't even play a part in the industry. They're not a cog in the wheel of the machines that could get their work more widely distributed. I don't blame them.



There's also the ""cool factor"". People release music because they think it makes them look cool. This has always been around in some capacity, and isn't always necessarily an issue. This is a different motivation for ""just wanting to have their name on something"". The issue is that virtually anyone has the tools needed to make music. You don't need any of the factors of ""objectively good musical skills"" to have access to a DAW. I'm not promoting the restriction of DAW licenses, rather stating that this is a natural evolution of accessibility to technology, which is objectively good. Almost every technological advancement has some sort of byproduct, whether good, bad, or just mediocre. Today's competitive artists seem to be in a rush to ""just get it out there"".



There's not really much standard to releasing something on a platform. I don't mean subjective standards in creative choices, so much as standards of audiology that were commonplace during the eras of ""objectively great music"". YouTube takes anything. Some other services only need it to be volume-normalized or other minimal things for the sake of logistics. This freedom is to maintain artistic integrity, which is good. However, what if poor mixing and (no) mastering is not an artistic choice, but just an unskilled producer who has no business releasing anything yet? What if, for whatever motivation, its entire intent is to just be low-effort background music? The people funding this music don't care about music. It's cheap to make and cheap to buy. This music tends to be vanilla and non-offensive. The issue? This stuff is everywhere. Like with other issues, this has always been around in some capacity. In the 2000s, as annoyed as we got by the same top 40 songs in stores, it was at least mastered to near-perfection. Muzak has always been around in some form. However, the standards of audio mixing and mastering are getting lower, partly because of this.



Less skill in the industry is leading to music becoming homogenized, partly because many modern producers don't know how to use the mixer as an instrument. Viral music production tutorials almost never relay the philosophical ideas of sound, partly because either the teaching or learning producer doesn't care about it or just hasn't considered this approach. There's not much incentive in learning how to mix in a way that expresses emotion, and it makes sense. The same sounds are used everywhere, which all have similar mixing, because those sounds and techniques are the industry standard. There's too much industry, and too much standard. By this process, the quality of music that's ""just around"" today is ""objectively worse"" than yesteryear's music that was ""just around"".



It seems  a lot of music now tries to do a lot of things without really doing anything. It only has some of the catchiness of 80's pop. It only has some of the skill factor of 20th century studio musicians. It only has some aspects of the impeccable, yet individually unique mixing of the 2000s. The vocals are in the forefront but they're not shockingly good. It only has some of the creativity of 2000-2010's electronic production methods, which felt limitless at the time, and still are in some ways. It only has some of the grittiness of classic country or rock. It also doesn't have the avant-gardeness to pull a niche fanbase. The qualities of today's music may be looked back on fondly once the nostalgia factor kicks in, but for right now, it seems to just lack the magic of yesteryear's music, especially compared to things that were regarded as instant classics and still hold up critically today.



This general blueprint of music and its products have always been around in one form or another. This amalgamation comes down to what has always been the motif of every music critic, everywhere: ""there's just too much bad music"". Today's conditions are accelerating the production of ""bad music"". These factors as a whole lower the artistic merit of the current music industry. These sorts of issues have always been around in some capacity, but I'm reflecting on the current state of the music industry and how these issues feel more inflated.

  
Music is becoming increasingly generic, cheap to buy, easy to make, exposed to listeners who don't care what they're hearing, and created because being a producer is cool and gives better revenue when a larger body of work is sold. EDIT: This makes it more difficult for musicians with traditional skill to gain traction.



In a typical, contrarian, music critic fashion, I come to what might be an insufferable conclusion. I wouldn't have the industry any other way. I don't want every member of civilization to have a refined music taste. I don't want the mass majority of music to be objectively good. Why? Having a bland commercial musicscape leads to the development of new subcultures. Liking good music is cool, and it should stay that way. The entire existence of music is partly because of it being cool. Resisting the natural, sociological progression of music is futile, pointless, and the equivalent of yelling into the sky. Despite my beratement of today's music industry, we also live in an era capable of countless subgenres. Whether this is a good thing or not is the topic of another essay, but one can't help being inspired by the thought of people being able to connect over innovative music using today's technology. Light only exists relative to darkness, and vice-versa.",15
1js8uof,"'September of My Years,' by Frank Sinatra, might be the best pop album of 1965",Less-Conclusion5817,1743874502.0,8,https://www.reddit.com/r/LetsTalkMusic/comments/1js8uof/september_of_my_years_by_frank_sinatra_might_be/,"*September of My Years* isn’t just one of Sinatra’s masterpieces—it’s a strong contender for the most emotionally rich, perfectly crafted pop-vocal album of 1965, and yes, easily top 10 of the decade.

1965 was stacked: The Beatles (*Rubber Soul*), Dylan (*Highway 61 Revisited*), Otis Redding (*Otis Blue*), The Beach Boys (*Today!*)… all revolutionary. Yet *September of My Years* exists in its own realm: no experimentation, no youth rebellion—just a man at his vocal and interpretive peak, reflecting on mortality with devastating clarity.

If *Wee Small Hours* (1955) was the sound of lonely heartbreak, *September* is the ache of time passing. Tracks like [""It Was a Very Good Year""](https://youtu.be/a9LHD8hIj98?si=2rm9ENgMgIsDRq3g) (a career-best performance) and [""Last Night When We Were Young""](https://youtu.be/E82uqjh7HxM?si=QEPGVYmFbSeS95QV) are existential pop at its finest—no rock or jazz album in ’65 dug this deep into grown-up melancholy. Also, Gordon Jenkins arrangements are *devastating.* The sweeping strings on [""September Song""](https://youtu.be/v2LX5EiQSyk?si=zYrcSfm4fi1nC6Qj) and [""Hello, Young Lovers""](https://youtu.be/J2O1zT5HX0s?si=vQxcHpRYt-qj5qqb) don’t just accompany Sinatra—they weep with him.

Compare this to the pop-rock of ’65: Sinatra’s album feels like a letter from the future, warning of the weight of years. While Dylan sang [""Like a Rolling Stone""](https://youtu.be/IwOfCgkyEj0?si=urXgyJ56Ihv1zkZ4) (angry, young), Sinatra sang [""How Old Am I?""](https://youtu.be/Jeo-lHcYRGI?si=MmMTSxGx2yPNKSwR) (resigned, wise). The Beatles were [""Nowhere Man""](https://youtu.be/8scSwaKbE64?si=C-ej5iCNt5I0O3Va)—Sinatra was [""The Man in the Looking Glass.""](https://youtu.be/R03kLKXqVSU?si=munNXhiEmh46mBHS) That duality makes *September* essential—it’s the yin to ’65’s youthful yang.

Finally, most ’65 albums sound *of their time*. *September* feels *timeless*—because aging (and regretting) never goes out of style.",10
1jruvf6,"George Harrison, ""All Things Must Pass""",HikerAT2022,1743825605.0,78,https://www.reddit.com/r/LetsTalkMusic/comments/1jruvf6/george_harrison_all_things_must_pass/,"I still give this one a listen from time to time. There are some good stories embedded in tracks like “All Things Must Pass” and “My Sweet Lord”.  And be sure to check out the stable of contributing musicians. I was pretty amazed. It is a veritable ‘who’s who” of the late ‘60s and early ‘70s music scene, some who had already made it and some who were on the cusp. This is a philosophical album and definitely recommended. ",26
1jqynp3,"What sub-genre of music is currently in its ""golden age"" and which one is on the rise and will likely peak soon?",None,1743725876.0,173,https://www.reddit.com/r/LetsTalkMusic/comments/1jqynp3/what_subgenre_of_music_is_currently_in_its_golden/,"Title explains it all but since it's required character limitations I'll explain. 

Which genre is currently experiencing its peak? Please name a few artists and albums that are in said subgenre. For example: it appears that hyperpop peaked about 2 years ago and everything since then is kinda generative of the 100gecs brainrot kinda sound that made it popular in the first place but no longer feels fresh.  ",219
1jr45m9,How do you find new music?,Potential_Trick9998,1743743469.0,35,https://www.reddit.com/r/LetsTalkMusic/comments/1jr45m9/how_do_you_find_new_music/,"Been feeling super stuck in my Spotify algorithm lately. It just keeps feeding me variations of the same stuff I already listen to, and I feel like I'm in this musical echo chamber.

Anyone got interesting ways they break out of their usual listening patterns? I'm not looking for more ""because you liked X"" recommendations - I want something that might actually surprise me with music I wouldn't normally find.

I've tried the usual stuff (Discover Weekly, music subreddits) but I'm curious if y'all have any unique methods that have actually worked to find genuinely different music that still somehow connects with your taste?

Thanks in advance - really hoping to freshen up my playlists!",79
1jr0ezr,The influence and legacy of Trip Hop,CulturalWind357,1743731188.0,51,https://www.reddit.com/r/LetsTalkMusic/comments/1jr0ezr/the_influence_and_legacy_of_trip_hop/,"(Probably revealing my youth here) I've been recently thinking about the legacy of Trip Hop , its definitions, and how it has impacted the music landscape.

For whatever reason, it ***feels*** like an underrated genre. I know that factually, it was big in the 90s and especially the UK. It has some of the most acclaimed albums of all time on various lists: Portishead's *Dummy*, Massive Attack's first three albums *Blue Lines/Protection/Mezzanine*, DJ Shadow's *Endtroducing*. Then you have its influence on many different artists: Björk, Lana Del Rey, Madonna, Radiohead, Gorillaz, etc.

But it also doesn't feel like a genre that people actively say they listen to but more that it's there in the influences of artists.

Sometimes Trip Hop is associated more with the ""Bristol Sound"" and with three specific artists (the aforementioned Portishead and Massive Attack, and then Tricky) rather than a broad genre.

There's the question of how to distinguish Hip Hop and Trip Hop, especially instrumental Hip Hop and Trip Hop. I know one description of Trip Hop was as ""A British answer to Hip Hop"". Is it beats with singing instead of rapping? A more atmospheric vibe? Plus blurry boundaries with other electronic genres like electronica.

Anyway, how would you describe Trip Hop's impact on music?",36
1jqsvlb,Why isn’t Marcy Playground better regarded?,theeulessbusta,1743711145.0,49,https://www.reddit.com/r/LetsTalkMusic/comments/1jqsvlb/why_isnt_marcy_playground_better_regarded/,"They made a single that broke through despite being extremely minimal, slow, and about absolutely grave subject matter. The trade off of having a huge career afterwards never happened. Before they were… a typical hip New York band with atypically good songs. If you separate them from their huge single, you have a band not dissimilar to their New York contemporaries at the time: Pavement, Silver Jews, Royal Trux, Nada Surf, Blonde Redhead, etc. 

What I think is most impressive about them is their ability to put you in the positively Lower East Side circa 1995. There’s an intensity to the honesty and resignation present in their music, particularly their first record which Pavement lover Robert Christgau called “a bad record whose details rarely merit further thought”. Besides being produced really well and hitting the radio hard, I can’t see what a Pavement fan couldn’t like about it. It really gives the impression that they didn’t kiss the right rings before going big. 

Have you heard the record? What’s your impression? Maybe it’s not Crooked Rain but I really don’t understand the hard line between Marcy Playground and the rest of the New York 90s. ",90
1jqmgrl,Let’s Talk: SST Records,wildistherewind,1743696498.0,50,https://www.reddit.com/r/LetsTalkMusic/comments/1jqmgrl/lets_talk_sst_records/,"In yesterday's thread about 90s alternative music, SST Records was mentioned twice. I thought it would be interesting to have a broader discussion about the label, its history, its artists, and its influence.

SST Records was started in Los Angeles by Greg Ginn out of necessity: he couldn't find a label to release his band's music. In 1979, he released the first EP from his new band: *Nervous Breakdown* by Black Flag. While SST was most known for releasing music by Black Flag and the Minutemen, they also released pivotal work by the Meat Puppets and Hüsker Dü in the early 80s, which expand the label's sound outside of the boundaries of punk rock. SST went on to release music from Sonic Youth, Dinosaur Jr., Bad Brains, Saint Vitus, fIREHOSE, Screaming Trees, and Soundgarden among others.

At the end of the 80s, the label started to release avant garde, neoclassical, and free jazz music - alienating fans and leading to a diminished influence. In 1991, the label was embroiled in a lawsuit around the release of Negativland's ""U2"" EP, an early case litigating the legality of sampling (for reference, the lawsuit between Biz Markie and Gilbert O'Sullivan also went to court in 1991). SST Records stopped releasing new music by the mid-90s.

The elephant in the room is disputes involving royalties. SST Records, charitably, did not have very good accounting and several acts would go on to sue the label. That being said, multiple acts parlayed their history with SST into major label deals during the 90s alternative music boom.

So, what is your opinion on SST Records? Are there any longtime fans of the label or folks who were around during its peak of influence? Any thoughts on their most important releases and how they changed the music landscape?",36
1jro3fc,Why do people hate on Imagine Dragons so much?,Goose7909,1743804418.0,0,https://www.reddit.com/r/LetsTalkMusic/comments/1jro3fc/why_do_people_hate_on_imagine_dragons_so_much/,"So I've probably been listening to Imagine Dragons all through my life. Starting with some of the more popular songs on the radio like 'Demons' and 'On Top of the World', and later their album 'Evolve'. I've only been listening to their whole albums since a few years, and I've been addicted to a few albums like 'Loom' and 'Mercury acts 1 & 2'. I honestly can't see why people piss on it so much.

The reason I feel like people are hating is because of r/musicrecommendations. I keep seeing posts asking for songs that perfectly describe some of the Imagine Dragon songs. Instead of saying things like 'it's a good song but just not for me', or 'it is not really what I was looking'. Instead, people keep saying that my recommendations can't be taken seriously. Some even called my comments ""Beyond Parody"" (whatever that's supposed to mean). Also with their latest collaboration for their song 'Take Me To The Beach', people kept saying ""Ado supporting small creators❤️‍🩹"".

I get that it can't be for every body and that some people will love it and others hate it. But I feel like they're just the piss pole of the music industry for no reason whatsoever. Can anybody explan this?

For people who do not like them, I'd appreciate it if you listen to some of my favorite unpopular songs of them so you can see if your opinion changes in some way. Vibing songs: Who We Are, No Time For Toxic People, Symphony, Nice To Meet You, Real Life.
Sad Songs: Ferris Wheel, I Wish, Tied.
Fast songs: Eyes Closed, Cutthroat.
Thanks!",87
1jr1512,Do you buy film soundtracks? If so which ones do you find hardest to acquire? Also a little bit about compilations in general.,Martipar,1743733395.0,2,https://www.reddit.com/r/LetsTalkMusic/comments/1jr1512/do_you_buy_film_soundtracks_if_so_which_ones_do/,"When I was small my Dad had the That'll Be The Day soundtrack on vinyl, he mentioned it was his second copy as he wore out the first. I also liked the album and I recall recording it to cassette. Fast forward about 30 years and I decide that it's been a while and i should buy it. 

  
I found out that the soundtrack was not released on anything but vinyl and has never been re-released. 

I have found out it was a fairly low budget film and the stage musical of the same name is unrelated, though the soundtrack to that is often by artists other than the originals anyway, often not even by the stage performers. 

I could pick up various 1950s and 60s rock compilations and build my own but I'd prefer to have it on it's own. It just seems off as compilation albums in the same style as the soundtrack, Dreamboats and Petticoats for example, sell fairly well. 

 I have never seen the film, though I will be ordering the blu-ray as soon as I finish this post.  

The only other soundtrack i found hard to find was the Clerks 2 soundtrack, I only wanted it to complete my Viewaskewniverse collection and i paid about £20 for it which is not as much as i've seen it sell for but i've also seen it for a bit less. Obviously a Chasing Amy soundtrack would be nice but that seems unlikely. 

.

.

.

.

.

I know a lot of you are like ""compilation albums, in this day and age?"" but there is something about listening to a good compilation or film soundtrack that is akin to listening to an album by one artist. 

Some artists were one hit wonders for good reasons so having a compilation with their hit, songs by other one hit wonders and songs in the same vein is a good way to experience it all. Also buying a compilation is often opening up a rabbit hole, you see maybe 5 or 6 artists you are familiar with and 15 you are not, you end up checking some of the others out, getting a full album by them and then a few more. Recently I picked up one called Progression: A progressive rock anthology. It's not very prog but i finally listened to Curved Air (A band I was vaguely aware of) and I discovered a few bands including Renaissance. Without this I'd have probably never got around to listening ot a few of the artists. 

They have a curse though, some compilation albums feature a popular song by a band that isn't representative of their work or even their best song. For years I didn't listen to much Rainbow as while I like Since You've Been Gone it wasn't good enough for me to commit to getting an album. many year slater after learning Dio was in Rainbow and left before that song came out I checked out Rising and bloody hell it's awesome, I have all three Dio era Rainbow albums now and I love all of them. 

However I like the gamble, I pay under £5, often under £3, for a disc and hope for the best, the odds are often in my favour but i still sometimes lose but i'd rather pay ≤£5 and get a CD with a handful of tracks I like rather than spend ≤£5 on a fruit machine and get nothing. 

Yes there is Youtube and other streaming services but that's not fun and the odds aren't in my favour, I might get something good but I might end up betting on Red Fang and getting Rebecca Black. 

",6
1jqkpl6,"General Discussion, Suggestion, & List Thread - Week of April 03, 2025",AutoModerator,1743692431.0,8,https://www.reddit.com/r/LetsTalkMusic/comments/1jqkpl6/general_discussion_suggestion_list_thread_week_of/,"Talk about whatever you want here, music related or not! Go ahead and ask for recommendations, make personal list (AOTY, Best [X] Albums of All Time, etc.)

Most of the usual subreddit rules for comments won't be enforced here, apart from two: No self-promotion and Don't be a dick.",2
1jprj4d,How do you describe Carlos Santana’s guitar style? I’ve never quite heard someone that plays complimentary to a vocal line like he does and don’t have the knowledge base to talk about what he’s doing.,splitopenandmelt11,1743607982.0,59,https://www.reddit.com/r/LetsTalkMusic/comments/1jprj4d/how_do_you_describe_carlos_santanas_guitar_style/,"Santana’s phrasing and where he “sits” on tracks is really interesting to me. 

He’s playing lead obviously but, at least in his work from the past 30 years, he doesn’t really dominate tracks. 

Yes he plays solos as part of a song structure, but throughout songs, he almost plays as a second “voice” but never the lead voice — his guitar figures almost always “answers” where the vocal line has been and “previews” where it’s going. 

To my untrained ears, the lines feel very flamenco inspired, but again, I can’t quite put my finger on it.

I feel like the thrust of his guitar playing is very “additional human voice” if that makes any sense whatsoever and that’s what makes him unique. He’s one of the few guitar players where you know it’s him within a few seconds.

Can any of you with more theory knowledge explain his style for me? I’d love to be able to talk more about in a way that’s not just focusing on “feel.”",41
1jppm9b,"I'm honestly surprised bands like The Smashing Pumpkins (and even Pearl Jam, Alice in Chains, Red Hot Chilli Peppers and Soundgarden) were accepted by the alt-crowd because their sound has much more in common with hard rock/heavy metal/progressive rock than anything to do with alternative/indie",kingofstormandfire,1743603275.0,74,https://www.reddit.com/r/LetsTalkMusic/comments/1jppm9b/im_honestly_surprised_bands_like_the_smashing/,"I don’t know, this might be a dumb post and I could be way off, but I’m bored and thought this might make for an interesting discussion.

Over the past year, I’ve been listening to a lot of '70s hard rock, metal, and prog-rock, and when I revisited Gish, Siamese Dream, and Mellon Collie and the Infinite Sadness recently, I noticed something about The Smashing Pumpkins that really stood out. Compared to a band like Nirvana—who clearly drew a lot from punk, along with some '70s hard rock and metal—The Smashing Pumpkins feel like the complete opposite. There’s barely any punk influence in their music. Instead, their sound has way more in common with '70s prog, hard rock, and even neo-psychedelia. I can hear shades of Boston, Cheap Trick, and that big, lush production style. Their music is much more ambitious, layered, and studio-focused than most of what we associate with '90s alternative rock. 

That said, I do hear The Cure’s influence, and Siamese Dream in particular owes a lot to My Bloody Valentine. Still, they fully embraced guitar solos and weren’t shy about indulging in that classic rock bombast.

Then you’ve got Alice in Chains, who, let’s be real, are basically a straight-up metal band. Their harmonies also feel closer to '60s/'70s folk rock, but musically there’s a strong doom/sludge metal influence running through their sound. Soundgarden had some punk roots, but sonically they leaned more toward Black Sabbath and Led Zeppelin, even drawing from The Beatles and prog-rock in places. There’s a real cinematic, heavy edge to a lot of their work.

Pearl Jam, meanwhile, always struck me as more emotionally aligned with artists like U2 or Neil Young. Their lyrics feel much more earnest and sincere than most of the bands at the time. Their sound is much closer to arena rock and classic hard rock, and the guitar solos often feel more like something out of Hendrix or Stevie Ray Vaughan than punk.

And Red Hot Chili Peppers—especially in the '80s—were doing this unique blend of funk rock, punk, and early hip hop. But lyrically, a lot of their stuff came off more sophomoric and fratty than what you’d typically associate with “alternative” music from that era.

What I find fascinating is how all these bands ended up being embraced by the alternative crowd, even though, musically speaking, they didn’t have much in common with '80s alternative. That might actually be why they succeeded in bridging the gap between the hard rock/metal audience and the growing alternative scene after Nirvana and R.E.M. blew up. 

Digging into the background of these bands, it becomes pretty clear that most of them were huge metal and mainstream rock fans as kids and teens during the '80s. But in the '90s, that wasn’t a cool look, so they didn’t really advertise it. Instead, they aligned themselves with the alternative scene, which had more cultural cachet at the time. Back then, people didn’t really draw sharp lines between “indie” and “alt-rock” the way we do now. If you weren’t Mariah Carey or Motley Crue, you were considered “alternative.”

By the early '90s, “alternative” had shifted from a genuinely underground, college radio scene—think The Replacements, Hüsker Dü, R.E.M., The Pixies, Sonic Youth—into this broad umbrella term. Once Nirvana exploded, it felt like labels just slapped “alt” onto anything with a flannel shirt and some distortion, whether or not the music had roots in indie or DIY culture. That’s how bands like The Smashing Pumpkins, Pearl Jam, Alice in Chains, and Soundgarden—all of whom were much closer to classic rock and metal in sound—ended up being grouped into the “alternative” category.

I dunno, what do you guys think? ",247
1jpufqu,Women and Children First is the best David Lee Roth era Van Halen album,NewPatron-St,1743614990.0,6,https://www.reddit.com/r/LetsTalkMusic/comments/1jpufqu/women_and_children_first_is_the_best_david_lee/,"While most Van Halen can argue over what is the best David Lee Roth era Van Halen album, it's either Van Halen 1, Fair Warning or 1984, but I think it's 1980s Women and Children First.  It's the raw, unadulterated distillation of their unique energy, capturing the band at their most innovative and arguably, their most daring, showcasing a darker, grittier edge. This album took what made Van Halen 1 and 2 great and added Heavy Metal and Blues influences. This is also the album where Eddie truly began pushing the boundaries of his instrument, incorporating unconventional techniques and textures. Tracks like ""And The Cradle Will Rock..."", ""Everybody Wants Some!!"", ""Romeo Delight"", ""Loss Of Control"", ""Could This Be Magic?"" & ""In A Simple Rhyme"" ooze with a primal intensity, fueled by Roth's theatrical bravado and Eddie Van Halen's increasingly experimental guitar work. The album is less about polished pop and more about the band's ferocious stage presence, translated into a studio masterpiece. While other albums may have greater commercial appeal, Women and Children First captures the raw, unapologetic spirit that made Van Halen a force to be reckoned with, solidifying its place as the quintessential Roth-era release.",9
1jprjvg,Was “Surf’s Up” really meant to have Brian singing in the coda instead of Jardine?,Aggressive_Cherry_81,1743608035.0,6,https://www.reddit.com/r/LetsTalkMusic/comments/1jprjvg/was_surfs_up_really_meant_to_have_brian_singing/,"
I came across [this](https://www.reddit.com/r/thebeachboys/s/CkdCvoNQnv) post, and y’all can read it for yourselves if y’all want, but for those too lazy to click on the link, here’s the part that stuck out:

> Surfs up was clearly meant to be the album closer and have Brian singing lead all the way through including the Coda.

Now, I have heard of it being decided as the album closer at some point during the sessions (according to Vosse, “followed by this choral amen thing”, which was either “Our Prayer” or “You’re Welcome”), but I’ve never heard of there being talks about Brian singing lead during the coda. In fact, AFAIK, the coda hadn’t even been decided upon until 1971. 

Is OOP’s claim really true? Or was it just something he/she made up to try to give Dae Lims’ mix more credibility? ",0
1jp7hym,"The transition between Bob Dylan's third (""The Times They Are a-Changin'"") and fourth (""Another Side of Bob Dylan"") album is interesting to me, a stark stylistic change and hint at what was to come (i.e. the electric trilogy). It's interesting trying to find how he got from point A to Point B.",thewickerstan,1743543108.0,25,https://www.reddit.com/r/LetsTalkMusic/comments/1jp7hym/the_transition_between_bob_dylans_third_the_times/,"I tried getting a discussion going on r/bobdylan, but it never quite picked up speed. I thought it might be worth it to try it here...

One interesting thing to me is that while *Freewheelin,* Bob's second album, has political songs on there, *Times* seems to be him really embracing that side of him as a spokesperson (even if that wasn't his intention). Maybe he dived head first and decided it wasn't for him? I know there was [the infamous Tom Paine award ceremony](https://en.wikipedia.org/wiki/The_Times_They_Are_a-Changin%27_(Bob_Dylan_album)#Legacy), so I suppose that's a clear illustration of Bob turning his back away from that type of thing. Someone also made a great observation that Kennedy's assassination might've had an effect on him cynically in terms of seeing music as a vehicle for change. Regardless, if there's anything aparrrent with Dylan, the man's always on the next musical move. 

Bob also famously heard the Beatles when they landed in February of '64, so I wonder if that had an effect even before Dylan got the electric guitars out. I love Tim Riley's quote describing *Another Side* as ""...a rock album without electric guitars"", but by my own estimation the album is the first one that  feels like him flirting with *pop* music*,* which isn't dissimilar from Riley's quote: rock bands *were* pop bands back in the day. Stuff like ""It Ain't Me Babe"", ""I Don't Believe You"" and even ""To Ramona"" come to mind. And it's cool because Bob's embracing this more ""commercial"" side while marrying it with the lyrically sensibility of Rimbaud, essentially bridging a gap between high brow and low brow stuff that would be a hallmark of his electric trilogy and beyond.

Building off of that point, ""Lay Down Your Weary Tune"" feels like an interesting missing link: it has more in common (to my ears) with the likes of ""Chimes of Freedom"", ""Spanish Harlem Incident"", and even ""Mr. Tambourine Man"" than, say, ""Boots of Spanish Leather"" or ""North Country Blues"". It feels poetic that it didn't make his third album: stylistically that era hadn't started yet.

As a side note, I'm always confused about when the likes of Rimbaud entered his life: Wikipedia seems to imply that Dylan was also getting into him before his 4th album (hence the sharp lyrical change), but I thought Dylan was into him and Verlaine dating back to college (I vaguely remember a quote where someone who supposedly new him in college remembers him checking those books out). Timeline could've gotten screwed up though...",4
1joqf8f,I just started listening to The Pogues,Digital_Beagle,1743495065.0,141,https://www.reddit.com/r/LetsTalkMusic/comments/1joqf8f/i_just_started_listening_to_the_pogues/,"Very recently, for whatever reason, I decided I wanted to give The Pogues a listen. I remembered hearing of MacGowan's passing but never took the time to dive into their music or even knew of a popular song of theirs. Just wanted to express how grateful I am to be able to experience their music with a pair of fresh ears.  Every once in a while you'll come across an artist that sticks to you, and it's always an exciting thing. They are an excellent group of musicians and the songwriting is superb. If you haven't checked them out, I couldn't recommend them enough. Cheers! ",36
1jp6ehm,Ananda Shankar's Self Titled Album is a Must!,AdGlobal3888,1743540401.0,11,https://www.reddit.com/r/LetsTalkMusic/comments/1jp6ehm/ananda_shankars_self_titled_album_is_a_must/,"I recently discovered Ananda Shankar's debut self-titled album, and by golly its one of the most colourful, psychedelic and evocative albums I've heard! For those unaware, Ananda Shankar is the nephew of the legendary sitar player Ravi Shankar, and while Ravi Shankar made massive compositions like his Sitar Concertos, Ananda Shankar was inclined to album oriented music, which for me creates this really cool duality.

The album includes two alternate cover versions of Jumpin' Jack Flash and the solo bit of Light My Fire, which you can use as a ease-in for the rest of the album. Side A of the album is less dense in terms of Hardcore Indian classical and fusion, and Side B is a lot more dense. That said, Side B is what you go to this album for.

But this album has opened my mind to much more dense cross cultural music, and going in with a open mind really helps. If you have enjoyed Ravi Shankar, you will definitely enjoy this one.",0
1jox8wm,The problem with the lack of sampling in dance music.,YUNGCorleone,1743518435.0,19,https://www.reddit.com/r/LetsTalkMusic/comments/1jox8wm/the_problem_with_the_lack_of_sampling_in_dance/,"I'm noticing that very little dance music utilizes sampling nowadays. And when I say sampling I don't mean mashups that take 5 minutes to make or the use of splice sample packs; I mean the more innovative, interesting flips from the likes of Daft Punk, Fatboy Slim, Chemical Brothers, Armand Van Helden the Avalanches and others. My thinking is it's a combination of the aforementioned splice packs and copyright issues, so you don't see that much of this kind of music on streaming services where you would usually need clearance from the artist. I wouldn't necessarily have a problem with this as it is a byproduct of music essentially become much more accessible to the point where we don't need to sample copyrighted material to make good music; but the crux of the matter is that due to this accessibility, everything is starting to sound more or less the same and inorganic, whereas back then a lot of the artists I mentioned had a unique sound/flavor to them due to the different influences they would pull their samples from.    

Do you agree with this take? Do you think that a lack of innovative sampling has lead to a stagnation in the quality of dance music being released? Would these artists that are still doing this kind of innovative sampling be found on sites where you don't necessarily run into copyright issues such as Soundcloud or Bandcamp?",23
1jo597b,"What Have You Been Listening To? - Week of March 31, 2025",AutoModerator,1743433261.0,16,https://www.reddit.com/r/LetsTalkMusic/comments/1jo597b/what_have_you_been_listening_to_week_of_march_31/,"Each week a WHYBLT? thread will be posted, where we can talk about what music we’ve been listening to. The recommended format is as follows.

Band/Album Name: A description of the band/album and what you find enjoyable/interesting/terrible/whatever about them/it. Try to really show what they’re about, what their sound is like, what artists they are influenced by/have influenced or some other means of describing their music.

[Artist Name – Song Name](www.youtube.com/watch?v=PxLB70G-tRY) If you’d like to give a short description of the song then feel free

PLEASE INCLUDE YOUTUBE, SOUNDCLOUD, SPOTIFY, ETC LINKS! Recommendations for similar artists are preferable too.

This thread is meant to encourage sharing of music and promote discussion about artists. Any post that just puts up a youtube link or says “I've been listening to Radiohead; they are my favorite band.” will be removed. Make an effort to really talk about what you’ve been listening to. Self-promotion is also not allowed.",18
1jo6t66,The Voidz's Tyranny vs The Strokes' Room on Fire and Is This It,fucklife1112,1743437199.0,9,https://www.reddit.com/r/LetsTalkMusic/comments/1jo6t66/the_voidzs_tyranny_vs_the_strokes_room_on_fire/,"I have always wondered what shows Julian Casablancas' musical genius more, Tyranny or the first two Strokes records. While the first two Strokes' records are nothing short of 10/10s from back to front, with every song expertly crafted, it doesn't push the genre forward. Tyranny, on the other hand, is Julian at his creative peak, not caring even a little about what the audience thinks. It's dirty, it's brash, it sounds industrial, and it takes time to click; however, man, does it show his talent as someone who can carve melodies and make them sound good in any setting. I would also say that Tyranny might not be as consistent as either of those records, but it has the best songs he's ever written on it, like Human Sadness, Father Electricity, and Dare I Care.

I just think while those first two strokes records are amazing rock records and probably a better listen for, Tyranny is the more groundbreaking and creative album.",11
1jokice,Thoughts on eternal sunshine?,Fit_Dragonfly7630,1743472767.0,0,https://www.reddit.com/r/LetsTalkMusic/comments/1jokice/thoughts_on_eternal_sunshine/,"ive been an ariana grande fan since the victorious days, what do you guys think of ES specifically the new songs?? i personally think this is her most mature piece of work ever, i honestly love it more and more with each listen. my personal favorites are probably bye, don’t wanna break up again, hampstead, past life, and we can’t be friends. but tbh could be a no skip album for me. anyone think differently/why?? ",8
1jny06v,Velvet Underground is the only band with a perfect discography.,SplashOnTheLens,1743407595.0,0,https://www.reddit.com/r/LetsTalkMusic/comments/1jny06v/velvet_underground_is_the_only_band_with_a/,"VU is the only band with more than three albums whose entire discography is a 10//10 (I'm not counting Squeeze).

  
Each album is perfect for so many different reasons and music right now would be completely different is any of theme didn't exist. People often overlook WL/WH but I would even say it's their most important album –it spawned everything from Metal to Punk to No Wave and Noise.

  
I don't know any other band that I consider this highly and I never will. If you try to try to change my mind, I'm open to it.",29
1jmq0n0,How did the British Invasion get going outside The Beatles?,Surafd,1743265506.0,26,https://www.reddit.com/r/LetsTalkMusic/comments/1jmq0n0/how_did_the_british_invasion_get_going_outside/,"I've been reading articles and stuff about the beginnings of the British Invasion and maybe I'm missing something but most of them just describe how The Beatles got to America, blew up on the Ed Sullivan show and later toured the country. It's also said that many other bands found success in the States following them, but how? Did Brian Epstein send other bands which he managed after the initial success? Did British labels just start preparing tours of their musicians after seeing how charmed the Americans were by the Fab Four?",31
1jmdamn,The single biggest reason why CDs are better than vinyl is cost.,Martipar,1743218354.0,98,https://www.reddit.com/r/LetsTalkMusic/comments/1jmdamn/the_single_biggest_reason_why_cds_are_better_than/,"A basic CD player will read a CD just as well as a high end one, the will be as good as any other though if you feel the need for an external DAC you don't have to spend much to get the best out of a CD and the amplifier has much more of an effec.

As for vinyl to get the best out of it you need a very high end cartridge, a quartz locked turntable set up with the correct tracking force, anti-skating with a really good pre-amp and amplifier. You will still end up with some crackle and may even get a few pops from dust landing on the disc after you have cleaned it.

None of this is cheap. A basic £10 used CD player with digital out plugged into a good amp will sound the same as any other CD player.

It's the ultimate in sound, no snaps, crackles or pops no need for an anti-static gun and cleaning brush, just the music. The equipment is cheap, reliable and easily converted to other formats such as FLAC or WAV.

You cannot buy a cheap, basic turntable and get the best sound out of vinyl record, it's not possible, you can with a CD player though.

  
Edit: How could i forget composition, acetate, heavy weight vinyl, Dynaflex, Styrene, track spacing and  so much more that affect the sound. A CD will sound as good as the source no matter what but a vinyl record will not sound like it's source.",285
1jlsp66,"Why are there so many songs with upbeat instrumentals and depressing lyrics, but close to no songs with upbeat lyrics and depressing instrumentals?",Dscheysn,1743160670.0,85,https://www.reddit.com/r/LetsTalkMusic/comments/1jlsp66/why_are_there_so_many_songs_with_upbeat/,"A friend and i had a discussion about it recently and couldn't find a single one. The other way around we have Queen, Tears for Fears, Alt-J etc. Maybe its because there are just more songs about emotionally heavy topics. And upbeat instumentals help to cope and make depressing themes more accessible and easier to digest. 

While there's less reason to give happy and optimistic lyrics a depressing vibe. Let me know if you have examples tho!
",65
1jl5nn5,What is the defining music trend of the 2020’s/ for Gen Z?,sixqogamingreal,1743086918.0,61,https://www.reddit.com/r/LetsTalkMusic/comments/1jl5nn5/what_is_the_defining_music_trend_of_the_2020s_for/,"I was born in 2008 so for the time that I've had cognitive awareness the two genre's that have been widely listened to and have a seemingly unwavering popularity are hip hop/rap and 2010's pop (commonly just called white girl music). Of course occasionally some rock or 80's synth pops through a little bit but it's predominately the aforementioned two. I've been wondering if it's just my limited scope on life and a product of where I live and my peer groups or if this really is the big music trend for my generation. Frequently I hear people make reference to indie movements picking up steam in the 90's and 2000's, diluting into different subgenres to become something distinct. Every time I read something like this I think, ""what the hell does any of this mean?"" Because I have no reference point for it, there's nothing I can equate it to with my generation. I've read speculation that it has something to do with a modern fear of self expression, as a reversal of a trend in the 2000's to try and be quirky and different. Maybe that's why popular music has been so stagnant, maybe this just is the big trend for the 2020's, or maybe it's just because of my limited viewpoint on the world.",128
1jl5xqv,"General Discussion, Suggestion, & List Thread - Week of March 27, 2025",AutoModerator,1743087632.0,7,https://www.reddit.com/r/LetsTalkMusic/comments/1jl5xqv/general_discussion_suggestion_list_thread_week_of/,"Talk about whatever you want here, music related or not! Go ahead and ask for recommendations, make personal list (AOTY, Best [X] Albums of All Time, etc.)

Most of the usual subreddit rules for comments won't be enforced here, apart from two: No self-promotion and Don't be a dick.",6
1jklqk3,"Where do you think Glenn Branca can be compared alongside music's greatest guitarists?(To me, him and Hendrix are probably the greatest heroes of such instrument)",MarvDStrummer,1743020728.0,24,https://www.reddit.com/r/LetsTalkMusic/comments/1jklqk3/where_do_you_think_glenn_branca_can_be_compared/,"Hendrix completely innovate Rock And Roll with techniques and skills no one ever saw at that moment, he was a full package in being soulful, skilled, raw, rebellious, but most importantly, expressive, no one at the time could do what Hendrix did with the guitar saying, singing and expressing what he was feeling, at least not in a manner that the world didn't saw, it was more than just Blues, Jazz and Funk on his guitar, it was challenging and defying the usual odds, breaking the formulaic status quo of what means to play guitar, structures and manners completely got to a new highs that many guitarrists after Hendrix would use and be inspired by him in the next years.


But, there's Glenn Branca, coming out of New York's No Wave Scene, with a more classical position on music but instead of usual orchestral instruments, Branca wanted to show that things can defy their nature or what they supposed to be, everything can undergo a cacophonous metamorphosis in something utterly gritty, disturbing, noiser, disconcerting, all through the fundamentals of concrete music exist on Branca's own expressive odyssey of guitars trembling in a nearly drone way of talk to the listeners, like a opera female singer singing an Aria while drowning in her own vomit, that was the pretty almost Artaud's Theatre of Cruelty in form of music, with Branca's work influencing Sonic Youth's duo of Guitarists(Lee and Thurston) and Sonic Youth also influencing Kurt Cobain's way of playing his heavy and distorted guitar, a whole generation and pretty much a clan of specific gritty and heavy guitarists born from Branca's constant ""Ascension"" of gray beauty to express humans emotions through a guitar, a way that is less gentler, less ""technical"" than what Hendrix did with his guitar and the same being his real voice on expressing his art.


So, what more views and examples you guys could give on how Branca can be compared to the greatest guitarists of all time?",11
1jkkykx,How Do You Organize Your Music?,PurgedPhantasm,1743018846.0,8,https://www.reddit.com/r/LetsTalkMusic/comments/1jkkykx/how_do_you_organize_your_music/,"Hello. I was wondering what are your guys' methods to best organize your music? When I started saving my music tracks, I was a very casual listener who saved anything that I liked the sound of and did not care much about organizing. Now that my music taste has become more sophisticated and that music is one of my main hobbies, I have a plethora of unorganized tracks of different genres that I have to organize.

I have about 3000 music tracks saved, which amounts to about 200 hours of music. My time is very limited with my responsibilities as well as spending time with friends and family, so the best way that I have found to organize my music is a combination of Wikipedia (though certain artists or tracks are often missing), MusicCrab, Bing Copilot, and scrolling through Google after searching the music title. I would like to have all my saved tracks organized one day so that I can properly explore the artists that I have already listened to, as well as expanding on these artists, genres, and sub-genres.

I am unsure about this way of organizing in the sense that I could save more time, or could organize my music more accurately, so I was wondering how you organize your music and if you guys had any recommendations? Thank you if you read this far, and I am also sorry in advance if this post is not fit for this subreddit.",41
1jkbgn7,What happens after post-grunge?,szrotowyprogramista,1742994780.0,19,https://www.reddit.com/r/LetsTalkMusic/comments/1jkbgn7/what_happens_after_postgrunge/,"This may be an invitation to being told you have pleb taste (I won't deny it), but I grew up on the hated and derided second wave of post-grunge. What started with the first two albums of Linkin Park, transformed into listening to Nickelback (I know), Three Days Grace, Breaking Benjamin, Shinedown, Staind... hell, I even liked the soundtrack from that terrible late 00s movie about fighter jets that Gavin Rossdale wrote. 

I took a trip down memory lane yesterday to see what it would feel like. To no surprise, I can't take it seriously any more: too edgy and too direct (my English wasn't nearly good enough to understand how bad the lyrics were, when I was a teen) and I sort of see why people saw this as heartless corporate cash grab music back then.

But, to a lot of surprise, I discovered that the post-grunge bands I know are still trying to do the same soppy edgy stuff. They all have albums that came out in 2020s, and all of them are described on RYM as ""more of the same"". I have no idea why. Clearly this doesn't make sense from the corporate cash grab perspective any more. Edgy teens listen to - well, I'm not sure what, if I had to say I'd say emo rap and ""apparently indie"" pop now - but certainly not this. So what gives? I could come up with some guesses, but they're all tenuous.

- Were these bands really not the sellouts that people believed back then? Maybe, but I doubt someone could honestly and sincerely still write the same edgy stuff 20 years after, people have to grow up.

- Someone on whatever big label these people are still signed on to still trying to milk a dead cow? I doubt record execs are that blind.

- The same as above, but it's not the record execs but the bands themselves still trying to chase the commercial success they had back then, and failing to realise that the popular taste has moved on? Perhaps the most realistic explanation, but I doubt anyone trying to make ""music for the masses"" would be so inept to not realise it, even without access to Warner or Sony's market research data.

Anyone have any better guesses? Because I know I don't like mine.

Also, and that's the second thing I want to discuss - it is not unknown for commercially successful artists to start side projects where they do something more interesting and artsy, or to go in that direction after widespread commercial success. Are there any examples of people who did post-grunge in the late 00s/early 10s and then went on to do something more interesting?",33
1jjx0s5,"Do you find that after absorbing an artist's discography, the first thing you heard ends up being your favorite?",mpavilion,1742943500.0,51,https://www.reddit.com/r/LetsTalkMusic/comments/1jjx0s5/do_you_find_that_after_absorbing_an_artists/,"If you're like me, I assume you've had multiple experiences of discovering an established band or artist, and then digging deep into (sometimes quite large) catalogs of albums, bootlegs, etc. Fast forward a few years (...or decades, if you're like me in age); do you find that the album you first encountered has ended up being your favorite all along? Maybe even the only one you really ""need"" – to the point that you've even sold off many of the others along the line?

  
This hasn't been my across-the-board experience, but I've definitely gone deep with artists over the years, only to end up really prizing one or two albums of theirs... and more often than not, it's the first one I heard. Obviously, this makes me wonder if I had heard a different album first, would that one my favorite? Seems unlikely I'd be ""hitting the lottery"" each time, and encountering the album that's closest to my taste... what seems more possible is that if I had heard a different album, I wouldn't have gone so deep into the band at all! So maybe it's somewhat predetermined in that sense...",32
1jjuz3m,What are some nonsensical myths about songs or artists you believed for a long time are true?,mercimeker,1742938289.0,35,https://www.reddit.com/r/LetsTalkMusic/comments/1jjuz3m/what_are_some_nonsensical_myths_about_songs_or/,"Or maybe the ones you made up yourselves unintentionally. I’m not talking about mainstream ones like “Paul is dead”. I’m talking about really silly stuff you believed is true for a long time. 

Since I have the habbit of researching the story of the artist or the song before adding it to my play list, I often encounter some stupid story online, it sticks in my mind and I even tell it to people as if it was true. So I have many of them but here are two:

Lionel Richie - Three Times a Lady: For some reason I “knew” Lionel’s girlfriend was very fat, some random dude called her out for that, she got very upset and he wrote this song to console her. Like “yeah, you might be three times a lady, but I still love you”. 

Then a friend I told this story called it bs. But I was adamant. I searched online, confident that I’ll easily find multiple sources. The only mention of “fatness” I found was a forum entry from 2009, which says “Brick House, Three Times a Lady -- I just figured they had a thing for fat girls”. Thank you for planting the seed in my mind, plickfu (Active Member)!

Also, one about an artist, Billy Idol. I told few people over the years that he came back to his hotel room stoned, only to encounter a man hanging out in his hotel room balcony. He pushes the guy and kills him. It later turns out thar he entered the wrong hotel room, which wasn’t locked and killed an innocent man. You can’t make this up. And no one called it bs. 

But while listening to Rebel Yell recently, I had to think about this story and noticed how stupid it is. Looked it up and voila! It didn’t happen. The closest story I found is that Billy Idol takes drugs in a hotel room, police arrives, he surrenders all naked only to find out that the police wasn’t there for him. I have no idea how I tweaked the story in such a way. 

Anyways, would love to hear yours!",116
1jjqrws,Do you think there can be another digital band on the level of Gorillaz?,McPearr,1742928073.0,22,https://www.reddit.com/r/LetsTalkMusic/comments/1jjqrws/do_you_think_there_can_be_another_digital_band_on/,"I've had this desire since yesterday—it's overwhelming, really—to create a digital band (DB). There has been no other DB to make waves like they did in 2001; all other attempts lacked characterization, didn’t perform, or required a proper budget.

I'm reluctant to say it's due to a lack of a proper budget—some may surmise it to be in the millions—because I can't afford holograms or AR at the moment lol.

The band was undoubtedly ahead of its time, and it came out swinging. The members appeared across all forms of media, including interviews, music videos, comics, and now social media. This was surreal and bizarre, yet they stuck—and they’re here to stay.

So here's the obvious dilemma: **how do you stand out from Gorillaz?** They’ve covered almost all genres of music, used instruments from all over the world, and featured countless artists. I thought about acting as a ""representative,"" but Damon has already done that...

How do you avoid being called a Gorillaz copy? Is it even possible? ",83
1jjgecv,"How Uriah Heep's ""Look at Yourself"" Became the Soundtrack of an Unforgettable Summer",Itchy-Plane-6586,1742899228.0,47,https://www.reddit.com/r/LetsTalkMusic/comments/1jjgecv/how_uriah_heeps_look_at_yourself_became_the/,"Years ago, when I was around 20, I played in a progressive rock band. By a stroke of luck (honestly, I still don't know exactly how), we ended up managing a rehearsal space. The previous owner couldn't maintain it anymore and handed us the keys along with all the vintage gear it housed.

We spent the entire summer refurbishing and soundproofing the space, driven by youthful enthusiasm and sheer determination. I vividly remember a hot afternoon where we loaded sand into heavy sacks at the beach, stuffing them into corners to make DIY bass traps. Then there was the crazy day I went out and bought hundreds—no exaggeration—of egg cartons, meticulously placing layers of absorbent paper into each cup to improve acoustics. It was an enormous space, easily accommodating ten musicians, and every effort felt worth it.

One late-summer evening, exhausted but proud of our work, we noticed the previous owner had left behind his collection of vinyl records, along with a vintage turntable. Our eyes caught a curious cover—a reflective sleeve with the intriguing title: ""**Look at Yourself"" by Uriah Heep**.

Intrigued, we prepared a joint, lowered the needle, and sank into our chairs. From the very first notes, the room filled with electrifying riffs, powerful Hammond organ swirls, and hypnotic drum grooves. David Byron's distinctive voice soared, raw yet melodic, blending perfectly with Ken Hensley's mesmerizing keys. It felt as if the music itself mirrored the excitement, creativity, and uncertainty we were experiencing in our own lives.

That night became a timeless moment, etched into memory—music, friendship, and the intoxicating freedom of youth. ""Look at Yourself"" wasn't just another album; it became the soundtrack to one of the most beautiful evenings of my life.

Do you have an album or song that defined a special moment in your life?

[https://www.youtube.com/watch?v=AaAQJVW5WrI&ab\_channel=ProgNation](https://www.youtube.com/watch?v=AaAQJVW5WrI&ab_channel=ProgNation)",7
1jjbfxl,Can we talk about (earlier) Kings of Leon for a second?,analogpedant,1742877429.0,23,https://www.reddit.com/r/LetsTalkMusic/comments/1jjbfxl/can_we_talk_about_earlier_kings_of_leon_for_a/,"I have no idea how or where I would've stumbled on it, but I recall KoL's *California Waiting* coming on my radar in the early/mid-2000's and immediately falling in love with the purveyors of those fine soundwaves. Of course their catalog was super limited back then, but I was very much into everything. A short while later, Aha Shake Heartbreak and *Because Of The Times* dropped, and I was even more into it- in particular, their raunchier-sounding tracks like *Charmer* and *My Party* really appealed to me; a sort of call-back to the grittier unpolished sound of that first record. I do love several other tracks off *Because Of The Times* record as well, but those began to drift in a lighter, more melodic, direction, which wasn't what initially drew me to the band... *On Call, Ragoo*, etc. Then *Only By The Night* drops and they're a global sensation, and that's a solid record, imo, but really veered away from those early raunchy roots which initially drew me in. Not at all complaining about their sound from *Only By The Night*\-on btw, I was very much into it, but it, imo, was no longer the essence of them. 

Anyways, I guess really I'm just reminiscing here, nothing really much to say or ask, just wondering folks general thoughts on the band through the years, and in particular re: those earliest records- I admittedly moved on post-*Mechanical Bull*, not because I didn't like it, just the natural trajectory of my listening interests at the time had changed. 

Always dug their sound, Caleb's voice in particular- refreshing on the radio. Always wondered how more 'serious' music folks thought of them.

P.S. Fun fact, I actually bumped into them at the Buffalo, NY Guitar Center like right before getting into them, this would've been sometime in '03. ",35
1jiz3nb,Let's Talk: Ways that you engage with your local scene(s) & How to keep art and music alive!,windwakin,1742843653.0,36,https://www.reddit.com/r/LetsTalkMusic/comments/1jiz3nb/lets_talk_ways_that_you_engage_with_your_local/,"Given the political and economic and cultural shitstorm happening in America (and many places in the world), I feel it's necessary more then ever before to protect what matters to us. Seems like there will only be fewer and fewer local & independent venues and record stores (and basically any business, especially in the entertainment sector). I'm know many of them are still recovering from Covid and federally funding being cut along with a likely recession mean only bad things. I don't want to go on taking it all for granted.

I have lots of musician friends and others that work in the industry. I go to a good amount of shows and buy merch/connect with bands. We've hosted touring bands a few times. Occasionally I play a show too. I want to know what else there is to do to make sure our communities survive and thrive despite a discouraging, even hostile, time in the world?

**What ways do you engage with/support your local scene or even tiny scene within a larger community? Any cool events (other than house shows/small venue shows) that go on? Any special ways of connecting with the larger community?**

I'm not worried at all that people will keep making music. But I think it's perhaps understated how important it is that the music has a link to reality. There's a recent post about that specifically: [https://www.reddit.com/r/LetsTalkMusic/comments/1jdoq56/hearing\_music\_in\_cultural\_context\_is\_everything/](https://www.reddit.com/r/LetsTalkMusic/comments/1jdoq56/hearing_music_in_cultural_context_is_everything/)",12
1jisprd,"What Have You Been Listening To? - Week of March 24, 2025",AutoModerator,1742828454.0,13,https://www.reddit.com/r/LetsTalkMusic/comments/1jisprd/what_have_you_been_listening_to_week_of_march_24/,"Each week a WHYBLT? thread will be posted, where we can talk about what music we’ve been listening to. The recommended format is as follows.

Band/Album Name: A description of the band/album and what you find enjoyable/interesting/terrible/whatever about them/it. Try to really show what they’re about, what their sound is like, what artists they are influenced by/have influenced or some other means of describing their music.

[Artist Name – Song Name](www.youtube.com/watch?v=PxLB70G-tRY) If you’d like to give a short description of the song then feel free

PLEASE INCLUDE YOUTUBE, SOUNDCLOUD, SPOTIFY, ETC LINKS! Recommendations for similar artists are preferable too.

This thread is meant to encourage sharing of music and promote discussion about artists. Any post that just puts up a youtube link or says “I've been listening to Radiohead; they are my favorite band.” will be removed. Make an effort to really talk about what you’ve been listening to. Self-promotion is also not allowed.",14
1jihx1p,"What's the meaning behind Diane Cluck's song called ""Reverly""?",kitsunemushroom,1742787816.0,9,https://www.reddit.com/r/LetsTalkMusic/comments/1jihx1p/whats_the_meaning_behind_diane_clucks_song_called/,"While listening to Diane Cluck's album ""Monarcana"" i began to wonder about the meaning behind the track ""Reverly"". It does not have any words, mainly some...screaming? And that is what makes me wonder. What is the message? The meaning? Since Diane Cluck is unfortunately very underapprecieated (go listen to her music btw) i was unable to find any meaning or just any information behind any song from the album. I have my own thoughts though. First of all my first language is not english, i often have to look up the meanings of words, and some time ago i checked the meaning behind the word ""reverie"", and i read that it means thinking about melancholic/bittersweet memories. So when i listened to the track, where the woman seems like she's in pain, i thought that it's a woman giving birth, and the title is called ""reverly"" (which i thought was a variation of ""reverie"") beacuse the child who's an adult now reminisces about their early stages of life - and their birth. OR it's THE MOTHER who reminisces about the time when she was birthing her child...But after checking the meaning behind the words, this theory does not hold up, since ""reverly"" means a loud party or engaging in loud festivities. Why is the person screaming then? It's not a joyous scream. It's someone being in pain. The whole atmosphere of the track is pretty eerie. It's a pretty sad tune. And it sounds so tragic, it cannot leave my head, and the question lingers - what is happening??? Please share your thoughts.",0
1jiwh7e,Why are new songs getting lower streams?,FirstKnife,1742837535.0,0,https://www.reddit.com/r/LetsTalkMusic/comments/1jiwh7e/why_are_new_songs_getting_lower_streams/,"I've been seeing it a lot more recently and honestly I think it's a problem but one that can't be controlled as it purely depends on people in the world listening to the music

For example my favrioute band, Sleep Token recently released 'Emergence"" a teaser single which was released on march 13th and has 19,000,000 streams, though to be honest that's probably not a good example.

I just keep seeing this happening, with bands that have songs that have like 300 million listens and their new single drops and over like a month or two it has like 20 million streams or less but people say it's been doing amazing?

I could be wrong with all of this, it just hurts to see otherwise.",12
1ji8zzm,Mustard vs Metro Boomin,Luna_Starfall,1742762013.0,4,https://www.reddit.com/r/LetsTalkMusic/comments/1ji8zzm/mustard_vs_metro_boomin/,"With the recent TV Off and They Not Like Us. I was left with the question of who's the better producer. Cause the Redbull Symphonic in 2023 really made me feel like this is why I even listern to music.   
  
Metro is all about those dark, cinematic beats—the kind that make you feel like you’re in a movie about to do something illegal. I also loved ""Am I dreaming"" by Roisee. He’s got that signature trap sound with heavy 808s and eerie melodies, working with artists like Future, 21 Savage, and Travis Scott. If you’re looking for something moody and hard-hitting, Metro’s your guy.

On the other hand, Mustard is the king of West Coast bangers. His beats are simpler but crazy catchy—perfect for the club or just vibing in the car. He gave us that signature “Hey! Hey! Hey!” sound and helped put YG, Ty Dolla $ign, and Roddy Ricch on the map. His music just has that feel-good energy.

So, who do y’all rock with more? Metro’s dark, movie-type beats or Mustard’s fun, bouncy West Coast vibes? And who do you think had the bigger impact?",4
1jhf624,"People who lived through a musical feud, tell us about it.",DaDudedudedude1234,1742668236.0,40,https://www.reddit.com/r/LetsTalkMusic/comments/1jhf624/people_who_lived_through_a_musical_feud_tell_us/,"The Beatles in 1969. East coast vs. west coast in the 90s. The Cure vs. The Smiths. Brand New vs Taking Back Sunday. I’m sure a thousand more examples.

We hear about these feuds all the time, be it gossipy quotes in media, diss-tracks, fistfights,  and beyond. My question to those who lived through a musical feud, who was it between? Not necessarily the ones I mentioned. As a fan (or pop culture observer,) was the drama legitimate or not? How did you interact with the drama as it unfolded? And ultimately, whose team did you side with?",104
1jgozcf,Why do so many people hate the Eagles?,Rock_N_Country,1742584604.0,185,https://www.reddit.com/r/LetsTalkMusic/comments/1jgozcf/why_do_so_many_people_hate_the_eagles/,"I just can't understand it, they sound pretty good for the type of music that they made. They have a bunch of great hits and their albums seem to have a bunch of underrated tracks. Their greatest hits album is one of the best selling albums ever, which is not something you get if people don't like you. I do understand that a lot of their songs are covers, but the ones that aren't are really great too. I even saw an article that said that when Glenn Frey died, a lot of people were saying that it is sad that he died, but their music still sucks, like wtf.",630
1jhcxpu,In defense of Train,Emeraldsinger,1742662486.0,4,https://www.reddit.com/r/LetsTalkMusic/comments/1jhcxpu/in_defense_of_train/,"I know, I know. They are the butt end of all jokes in any kind of music subreddit there is.

But Train just clicks very well with me. I genuinely love them, partly because I grew up listening to some of their songs. But only in recent years have I realized just how much of a fan I am of virtually all their work. And I know Hey Soul Sister was super overplayed back in the day, but that's not the band's fault. And I advise anyone who dislikes that song to bother listening to any others by them. I'd recommend Drive By, Drops of Jupiter, 50 Ways to Say Goodbye, Angel in Blue Jeans, Mermaid, I Will Remember, You Better Believe, Meet Virginia, Shake Up Christmas, When I Look to the Sky, and Marry Me.

And yes, I know they sometimes sprinkle weird, unfitting words into their lyrics (so gangsta, fried chicken). That's probably the one thing I will agree is a bit odd about them. But then again, let's not forget Queen added the same thing in One Vision, and I don't see anyone fault them for it. It's just a quirky and fun practice in song writing. It's not really that deep. If you DO want to dive further into that for an explanation though, their lead singer Pat has stated in various interviews before the weird words in his lyrics are references to his own personal experiences and memories which I find to be relatable. Pretty much all people who create art include stuff like that, where only those who are close to them will understand and everyone else won't. 

Their discography always puts me in a good mood. A feeling like enjoying perfect summer days in the sunshine with my loved ones and without a care in the world. And I will continue to enjoy Train greatly. Peace",48
1jgvxu3,What makes a good music video?,None,1742603157.0,12,https://www.reddit.com/r/LetsTalkMusic/comments/1jgvxu3/what_makes_a_good_music_video/,"I understand this is a very vague question, but I’m curious—what in your opinion makes a music video truly great? Is it the cinematography, the concept, the editing, the way it connects with the song or something else entirely?

Do you prefer high-budget productions or raw, DIY-style visuals? Are there any specific videos that stand out to you as perfect examples? Would love to hear your thoughts! I am a VFX editor/ director who has just begun exploring music videos! ",20
1jgj814,Late 1980s Boston Alt Rock Scene,podslapper,1742570218.0,54,https://www.reddit.com/r/LetsTalkMusic/comments/1jgj814/late_1980s_boston_alt_rock_scene/,"Listening to a lot of punk and alternative music from the 1980s, I'm noticing quite a few really good bands coming out of Boston at the time. I think it kind of started with Mission of Burma, but then later in the decade it really exploded with these very diverse-sounding bands like the Pixies, Dinosaur Jr., the Lemonheads, the Lyres, Volcano Suns, Gang Green, and a few others I'm forgetting ATM. I found some good documentaries and books and such about the LA, Chicago and DC underground music scenes of the 1980s, and of course there is no shortage of info about the Seattle scene that was starting to get notice around the same time, but I'm strangely finding very little about the Boston scene outside of Wikipedia and a few very scant blog posts. Was this scene always kind of underappreciated compared to these others, or is that a recent phenomenon? Also, does anybody know of any good documentaries or sources of information on the history of the scene that goes into some degree of depth? Maybe there's something obvious out there that I'm just overlooking.",72
1jgiuxa,I saw Low Cut Connie last night for the first time,OnLandOrSeaOrFoam,1742569283.0,38,https://www.reddit.com/r/LetsTalkMusic/comments/1jgiuxa/i_saw_low_cut_connie_last_night_for_the_first_time/,"Ever see a band live and the vibe is so much better than the album because of how enthusiastic the band is? The difference between “just” the music and the live performance taking it to a level you didn’t expect? I had a similar experience with Arcade Fire as well. I just love when it happens and wonder if anyone else had had that transcendental experience and with what show?

Low Cut Connie was an amazing experience and they are touring the country now if you want to check them out.",13
1jg3qkj,I’m starting to really like Pink Floyd,Clear_Bowler9516,1742515505.0,156,https://www.reddit.com/r/LetsTalkMusic/comments/1jg3qkj/im_starting_to_really_like_pink_floyd/,I’m a young kid who is really interested in a psychedelic aspect of the music does anybody have some cool info for me about the band itself? Anything really just wanna know more about the band because I’m starting to get a lot more in depth with them even with some of her long songs of weird random noises I think they’re pretty and I really enjoy the deeper meanings in music and I’ve seen a lot of that with them and the Beatles,130
1jgv7v2,Thoughts on Elliott Smith?,THEamazingwidge,1742601079.0,0,https://www.reddit.com/r/LetsTalkMusic/comments/1jgv7v2/thoughts_on_elliott_smith/,"Hi all, just recently got into Elliott Smith and have come to the decision that he he one of the most underrated artists of all time, like seriously i CHALLENGE anyone replying to this thread to come up with a bad piece of his, but generally I'm posting here because I'm interested in what everyone's general view on his music is, and if there are any listeners out there, how you got into his music and what your favorite song or album of his is!",61
1jfs1wf,Big Star doesn't get the recognition they deserve as one of the most influential bands of all time,Various-Professor551,1742485893.0,188,https://www.reddit.com/r/LetsTalkMusic/comments/1jfs1wf/big_star_doesnt_get_the_recognition_they_deserve/,"Big Star is one of the most underappreciated bands of all time. Any indie and alternative rock band from the past 45 years will tell you this. How influential they are goes much deeper than you would think. I know a lot of people who are fans of 80s, 90s, and 00s indie and alt rock who have no idea who Big Star is. I would argue Big Star is in the DNA of nearly every band from that era.

I've recently started doing a deep dive into Big Star's discography As someone who grew up with 90s and 00s music its been really interesting to listen to a Big Star song and realize this is where it all started. Each album has its own influence on different bands. Number 1 Record you can hear in bands like Weezer, Teenage Fanclub, and The Replacements (who basically worship Alex Chilton). Radio City has a lot of influence on jangle pop bands like REM, The Smiths, and The Go-Betweens.

Third, in my opinion, is their most influential. If you want to see how influential that album is, listen to the song Kanga Roo. It was pretty much the blueprint for genres like slowcore and dream pop. You can hear so much of it in songs like I Am Trying to Break Your Heart by Wilco and The Spiderbite Song by The Flaming Lips. The dream pop band This Mortal Coil has a great cover of it too. It has a similar affect the Velvet Underground was rumored to have. Where the record didn't sell well but everyone who bought it started a band.

I first learned about Big Star through The Replacement song Alex Chilton, who is the lead singer of the band. In Alex Chilton the lyric ""Invisible man who can sing in a visible voice"" has always stuck out to me. It is such a powerful statement because you can really hear Alex Chilton's voice in so much music. You may not know who Alex Chilton is but you're probably influenced by him without even knowing it. Bands like The Velvet Underground have had their rightful spot in the limelight but I think Big Star deserves their time too. They are arguably equally as influential and deserve to go down in music history with that reputation.

Edit: I'm getting some heat for what I'm saying here. I'm going to paste a comment I left below to add some more nuance so I don't keep getting comments calling me an out of touch Zoomer haha.

I'm under 30 and I think their influence over time has faded away with each generation. I'm getting a lot of heat for saying this and maybe rightfully so. I recently started listening to Kraftwerk too and if I told anyone above 30 that Kraftwerk is underappreciated as pioneers of electronic music they would look at me like I was insane. The truth is Kraftwerk hasn't caught on with Gen Z in a way that New Order for example has.",118
1jghfko,Most artists have one or two albums that seem to transcend/stand apart from the rest. What are some reasons for this?,walking-my-cat,1742565478.0,0,https://www.reddit.com/r/LetsTalkMusic/comments/1jghfko/most_artists_have_one_or_two_albums_that_seem_to/,"There certainly isn't one answer for this but I'm just curious about people's theories. It seems like most artists have one period of time where they suddenly gained a large amount of inspiration, and put out an album that's kind of ""timeless"". Even if most of their discography is great, there's that one album that just stands above the rest. Some examples for me are:

Sufjan Stevens - Carrie and Lowell

Nirvana - Nevermind

Weezer - Blue

MIKA - Life in Cartoon Motion

Pink Floyd - Dark Side of the Moon

The same goes for classical composers. Mozart, Beethoven etc had tons of compositions, but there's just a select few that stand apart. What made them suddenly inspired to write those compositions that are so high calibre?

I think there's a few factors:

1 - Life experience. I think that overcoming adversity leads to a lot of artistic inspiration. I think most of us have experienced the euphoria of getting through a tough time, and knowing it's over, and usually this fills you with a certain energy that will enrich your art. So I think a lot of the ""best albums"" were written when the artist was going through or overcoming a very difficult time.

2 - Music experience. There's a lot that goes into making music- writing, getting a group together, getting a producer, etc. All of the logistics might constrain the artistic process at first, and a lot of the time the producer will take a bigger role in the writing if it's a new artist. Once an artist gets more experience, they will have more freedom in the studio to write what they want (think Rubber Soul), on top of that their experience performing over the years has given them a better intuition of the music they truly want to create.

3 - Serendipity. A lot of artists describe songwriting as a spiritual experience, like there's an ether full of music and we're just mediums experiencing it, sometimes lucky enough to capture a song and write it down. Maybe there's no way to explain why someone would write a good song or not and it's all just serendipity.

What are your thoughts?",31
1jfqvvr,"General Discussion, Suggestion, & List Thread - Week of March 20, 2025",AutoModerator,1742482832.0,4,https://www.reddit.com/r/LetsTalkMusic/comments/1jfqvvr/general_discussion_suggestion_list_thread_week_of/,"Talk about whatever you want here, music related or not! Go ahead and ask for recommendations, make personal list (AOTY, Best [X] Albums of All Time, etc.)

Most of the usual subreddit rules for comments won't be enforced here, apart from two: No self-promotion and Don't be a dick.",5
1jf1kej,Lets Talk: Old School Music Critics,HotAssumption4750,1742402963.0,43,https://www.reddit.com/r/LetsTalkMusic/comments/1jf1kej/lets_talk_old_school_music_critics/,"For a while now, I have been reading some reviews of many old school music critics to get a taste of what rock criticism was like back then. It always intrigued me because a lot of the acts considered iconic now would often get scathing reviews from those critics back then. After reading some of the critics at the time Robert Christgau, Lester Bangs, and of course Jann Wenner and Rolling Stone I do not really understand their views. Most of them just seem to be exercises in pretentious trendsetting and I honestly find a lot of it to be rather insufferable. This made me really think about what was the whole point of music criticism when a lot of the writing at the time was just tasteless op-ed pieces by people who did not really know music? What are your thoughts on these old school critics?",81
1jeybgx,What Do You Think About 'Black Messiah' by D'Angelo and the Vanguard?,SandmanAlcatraz,1742394631.0,46,https://www.reddit.com/r/LetsTalkMusic/comments/1jeybgx/what_do_you_think_about_black_messiah_by_dangelo/,"14 years after his landmark sophomore album *Voodoo,* D'Angelo released his third album *Black Messiah* to critical acclaim. It has a rating of 95/100 on Metacritic, making it the 12th highest-rated album on the site. While the album still features some of the ""baby making music"" that made D'Angelo famous, *Black Messiah* was more political and was released in response to the events in Ferguson, Missouri and the killing of Eric Garner. The album is also more experimental musically, exploring the connection between R&B, rock, soul, and funk which some critics compared to Funkadelic or even Captain Beefheart. 

Ranking albums is often seen as a fool's errand as any list will be formed by subjective taste. However, *Rolling Stone* magazine ranks *Black Messiah* as #395 on their list of the 500 Greatest Albums of All-Time, making D'Angelo 3 for 3 for albums included on the list (his previous albums *Brown Sugar* and *Voodoo* are ranked #183 and #28, respectively). Given the inherently flawed, subjective nature of these rankings, what do you think? Does *Black Messiah* merit inclusion on the *Rolling Stone* list? Is #395 too low, too high, or just right?",16
1jeyhyt,Let's Talk Music: Planning For Burial - Below The House,VerySmolCheese,1742395110.0,8,https://www.reddit.com/r/LetsTalkMusic/comments/1jeyhyt/lets_talk_music_planning_for_burial_below_the/,"Planning For Burial is an experimental solo project/one man band spearheaded by Thom Wasluck. He is inspired by a wide variety of artists, including Nine Inch Nails, Have A Nice Life, The Cure, Alice In Chains, Duster, and a number of other artists. His style filters post-metal, folk, doom, ambient, and goth-rock to create a unique, emotional, and visceral sound.

[Below The House - Spotify](https://open.spotify.com/album/31lWxuVOP2hrbyqetVueTW)

[Below The House - YouTube](https://www.youtube.com/watch?v=vNcGVIohlMQ)

His 2017 album, Below The House, is a heavily experimental and stylistically diverse project that rode an unexpected wave of internet praise. It was inspired by an unexpectedly emotional visit to his childhood home.

In late 2014,  Thom Wasluck left the red house in New Jersey he’d called home for the last decade to return to his childhood bedroom in the mountains of Pennsylvania. Back in the house where he grew up, Thom found himself cut off from the familiarities of the previous decade as he put himself to work in the family trade. The monotony of routine quickly set in; work, home, and alcohol day after day became the norm. The childhood room that had given birth to his primordial four-track recordings was now a place of emptiness. These conditions set the stage for Planning For Burial’s third full-length, Below the House",3
1je8qcb,Queen Latifah,LopsidedRegular7334,1742314477.0,40,https://www.reddit.com/r/LetsTalkMusic/comments/1je8qcb/queen_latifah/,"It's Queen Latifah's birthday today. I was doing some research for my music history substack, and didn't quite realise how important a figure she was for female hip-hop as I'd mostly known her as an actor.

Here is ‘U.N.I.T.Y.’, her most commercially successful single [https://www.youtube.com/watch?v=f8cHxydDb7o&pp=ygUTcXVlZW4gbGF0aWZhaCB1bml0eQ%3D%3D](https://www.youtube.com/watch?v=f8cHxydDb7o&pp=ygUTcXVlZW4gbGF0aWZhaCB1bml0eQ%3D%3D)

Some of the lyrics:

Instinct leads me to another flow

Everytime I hear a brother call a girl a bitch or a ho

Trying to make a sister feel low

You know all of that gots to go

*U.N.I.T.Y., Queen Latifah*

Rhyme Junkie said “In an era where female voices were often muted, Queen Latifah confronted societal norms head-on. Through her music, she delivered potent messages about feminism, self-respect, and unity, setting a precedent for subsequent generations of female artists. Her impact extended beyond beats and rhymes; it resonated with a generation hungry for authenticity and empowerment.” [https://rhymejunkie.com/posts/queen-latifahs-trailblazing-journey-reflection-career-legacy-hiphop-news](https://rhymejunkie.com/posts/queen-latifahs-trailblazing-journey-reflection-career-legacy-hiphop-news)

I just wondered if anyone has any stories from that time of listening to her music, the impact it had etc",7
1jdhbdk,The Boys Are Back In Town by Thin Lizzy has genuinely amazing lyrics,Various-Professor551,1742230031.0,589,https://www.reddit.com/r/LetsTalkMusic/comments/1jdhbdk/the_boys_are_back_in_town_by_thin_lizzy_has/,"I feel like when I hear someone talk about The Boys Are Back In Town it's usually joking about the song being about a group of boys being back in town. There's nothing wrong about joking about this, the chorus is iconic but I don't hear people talk about the lyrics very often.

I love this song from a lyrical standpoint, it's such a nostalgic bittersweet song in a way those songs usually aren't. It starts with the narrator telling a friend about their arrival and how the boys are looking for him. The friend he's talking to seems to be a member of the boys who stayed behind because he seems like kind of a bastard. The narrator seems to have a history with these boys and its unclear if he's friends with them or not. What is clear about the boys is, they were bastards, are currently bastards, and may always be bastards. 

The boys being back in town seems like a very urgent matter. I like to imagine the narrator running through the streets of town like Paul Revere letting everyone know about their arrival. Depending on your history with the boys this may be a cause for celebration or panic. They're almost like a cyclical force of nature who come back to town dragging summer along with them violently. 

To me summer is a very nostalgic season that reminds me of my adolescents. When I went to college and I would return to my hometown every summer and my towns version of the boys would follow. Something about returning to your hometown sometimes reverts you back to the same person you were when you left. The boys could be completely different outside of town but when they come back they go back to being the same ruffians they were before. 

What makes this song so nostalgic to me is that no matter what changes in the narrators life the boys will always be back in town and they will be the same bastards they always were. This song being made also immortalized them forever. I've really liked this song since I was a kid and no matter how much I've changed, the boys will always be the same bastards. ",116
1je5wmb,Bon Jovi,dweeb93,1742307174.0,7,https://www.reddit.com/r/LetsTalkMusic/comments/1je5wmb/bon_jovi/,"I searched to see if they were discussed on this Subreddit and I couldn't find anything so I'm starting a discussion here.

Personally I'm not a mega fan, but I got a copy of Have a Nice Day for Christmas when I was a kid and I thought it was pretty good. Their biggest hits, i.e. Livin' on a Prayer, You Give Love a Bad Name, Wanted Dead or Alive, Always and It's My Life are all pretty good and have iconic status.

They've sold over 150m records, they're in the Rock and Roll and Songwriters Hall of Fame, they have over 30m monthly listeners on Spotify, they've been one of the highest grossing touring artists of all time, yet they get no respect from critics or music nerds and I'm curious as to why.

Their albums never appear on greatest albums of all time lists, they aren't spoken in the same breath as AC/DC, Aerosmith, Van Halen, Guns N' Roses and even KISS, even though they're the bands they have the most in common with. Even if you were to put them in the arena rock bracket, they've endured much more than say Journey, Foreigner or Boston, let alone Motley Crue or Poison.

What do you guys think?",24
1jdw4w1,"Cowboy Junkies, Trinity Session (1988)",HikerAT2022,1742269037.0,49,https://www.reddit.com/r/LetsTalkMusic/comments/1jdw4w1/cowboy_junkies_trinity_session_1988/,"Giving this a listen tonight. Love this band. The brother and sister duo of Margo and Michael Timmins really produced something different with this band and there was a period of time when all I listened to was ""Trinity Session"" and ""Caution Horses"" Michael's songwriting is phenomenal and Margo's voice is compelling in an ethereal and breathy way. But the true gems off of this album are their unique covers of Lou Reed's ""Sweet Jane"" and Hank Williams ""I'm So Lonesome I Could Cry"" (I will also point out their cover of Neil Young's 'Powderfinger' off of 'Caution Horses' which is stunning). A great and unique band. Thoughts?",26
1jdoq56,Hearing music in cultural context is everything; discuss….,According_Sundae_917,1742247804.0,52,https://www.reddit.com/r/LetsTalkMusic/comments/1jdoq56/hearing_music_in_cultural_context_is_everything/,"Here are my thoughts but how does context influence your listening experience? 

Reflecting on music appreciation I've learned how much our experience of music can be shaped by how closely we are connected to the music's original context.

Context could be:

- hearing it at the time it was released (appreciating how new or innovative it is relative to what came before) rather than years or decades later 

- experiencing it in its intended physical place (a nightclub, performed live on stage, carnival, block party, at a dance, illegal rave, on the street) 

- Experiencing it in its cultural home (hip hop in NYC, house music at a club, gospel in church, jungle on London pirate radio) and surrounded by the community from which it originated. 

I'm not suggesting it's impossible to appreciate something when removed from its context - but that our inability to appreciate something often comes from hearing it out of context. 

If I explore a genre - say 80s hip hop - I could easily dismiss some of it as too basic by comparison to hip hop of the last 25 years.

But that would be ignorant to the cultural foundations that era built for what would come, how fresh the styles and performances actually were at the time, how the attitude and subject matter were a blueprint for culture in the decades ahead - and how it arose from the musical and cultural landscape that preceded it. 

Listening on Spotify gives us infinite access to musical history but can fool us into thinking we've truly 'heard' a piece of music because we pressed play. ",36
1jefgrq,"REM, U2 and Talking Heads were so big on college radio late 80’s early 90’s… never hear them played now",gingergrowsup,1742330795.0,0,https://www.reddit.com/r/LetsTalkMusic/comments/1jefgrq/rem_u2_and_talking_heads_were_so_big_on_college/,I know they were somewhat alternative but 80’s and 90’s have had comebacks and I don’t feel like these three big bands of that era  are played much. Did their music not stand the test of time? They really aren’t on my playlists now either… maybe they are still played on college radio? REM is the one of the three I’m most likely to listen to. Are young people rediscovering any of these? (And ‘It’s the End of the World’ plays in my head since Trump came in to office….),46
1jdoh3k,Who gets songwriting credits?,VonGraf87,1742247167.0,7,https://www.reddit.com/r/LetsTalkMusic/comments/1jdoh3k/who_gets_songwriting_credits/,"Why is it that, despite all band members playing on a given song, they’re not usually all credited as songwriters? Take the Eagles, for example. Don Henley and Glenn Frey are both credited as songwriters and so is Don Felder. However, Felder wasn’t treated as though he was an integral songwriter for the band. Sure, he didn’t write the lyrics, but the song wouldn’t exist without him. And Joe Walsh doesn’t get a credit for cowriting the iconic solo? Is it just a contractual thing, where credit varies on a case by case basis? Or does instrumental writing not matter as much as lyrics? Jake E. Lee with Ozzy Osbourne is another example. Osbourne didn’t write the riffs, yet Lee was screwed out of royalties.",21
1jdep3i,"What Have You Been Listening To? - Week of March 17, 2025",AutoModerator,1742223656.0,8,https://www.reddit.com/r/LetsTalkMusic/comments/1jdep3i/what_have_you_been_listening_to_week_of_march_17/,"Each week a WHYBLT? thread will be posted, where we can talk about what music we’ve been listening to. The recommended format is as follows.

Band/Album Name: A description of the band/album and what you find enjoyable/interesting/terrible/whatever about them/it. Try to really show what they’re about, what their sound is like, what artists they are influenced by/have influenced or some other means of describing their music.

[Artist Name – Song Name](www.youtube.com/watch?v=PxLB70G-tRY) If you’d like to give a short description of the song then feel free

PLEASE INCLUDE YOUTUBE, SOUNDCLOUD, SPOTIFY, ETC LINKS! Recommendations for similar artists are preferable too.

This thread is meant to encourage sharing of music and promote discussion about artists. Any post that just puts up a youtube link or says “I've been listening to Radiohead; they are my favorite band.” will be removed. Make an effort to really talk about what you’ve been listening to. Self-promotion is also not allowed.",13
1je0sbz,Does Music Theory Reflect Love? Thoughts on the 6th & 5th Degrees in Guitar,THavi1989,1742289208.0,0,https://www.reddit.com/r/LetsTalkMusic/comments/1je0sbz/does_music_theory_reflect_love_thoughts_on_the/,"Have you ever thought about how music theory might reflect deeper concepts like love? I recently had a realization about the **6th and 5th degrees in music**—which in solfège are **LA (6) and V (5)**—and how they might connect to both emotion and guitar technique.

In traditional harmony, the **5th degree (dominant)** is strong, stable, and central to resolving musical tension. Meanwhile, the **6th degree** adds warmth, melancholy, or even longing—it’s often associated with the relative minor, giving it an emotional depth. Interestingly, in English, “LA V” could be read as ""loving,"" which got me thinking: Is there a hidden connection between these degrees and the feeling of love?

On a more practical level, I’ve also found that **many melodies, riffs, and chord progressions can be played effectively within the first 5 frets of the guitar**. Beyond that, extra frets often feel like embellishments rather than essentials. Could this be a parallel to relationships and life itself—where the fundamentals matter more than the excess?

I’d love to hear what others think:

* Do you find the 6th and 5th degrees to have a unique emotional connection in music?
* As a guitarist, do you agree that most music can be played effectively within the first five frets, or do you think that’s limiting?
* Have you ever noticed deeper meanings or patterns in music theory that connect to real life?

Looking forward to your thoughts guys! 🎸🎶",8
1jcvcot,How many new albums do you listen to in a year?,WritingWithSpears,1742158114.0,57,https://www.reddit.com/r/LetsTalkMusic/comments/1jcvcot/how_many_new_albums_do_you_listen_to_in_a_year/,"By new album I mean new to you, not whatever is coming out that year.

This year I've set myself a target of listening to 100 new albums. Roughly 2 a week, give or take. Ive heard of people here and elsewhere doing 200, or even an album a day or even multiple albums a day and that's just unfathomable to me. Unless I truly instantly dislike an album I will want to give it a few listens over the course of multiple days to figure out how I feel about it. I also have other hobbies even though music (both listening to it, and making it) is my primary one so its hard for me to imagine listening multiple new albums a day every day for a year unless you literally have no other hobbies besides music consumption or you listen to the albums very passively.

As I'm tracking what new albums I listen to I'm also noticing my patterns of how I explore music that's new to me. I really prefer to dive deep into discographies instead of picking the consensus best one or two albums of XYZ artists and giving myself more breadth artist wise. For example I've listened to 24 albums so far this year but a third of them are King Gizzard, The Cure, and The Moody Blues and I expect those three to form an even bigger proportion of my albums listened over the next few months.",86
1jdmxfm,"Why do I like the new Lady Gaga album ""Mayhem"" so much?",extratartarsauceplz,1742243404.0,0,https://www.reddit.com/r/LetsTalkMusic/comments/1jdmxfm/why_do_i_like_the_new_lady_gaga_album_mayhem_so/,"Before you just say ""because it's good"" lol - generally I find her earliest (and most popular) material to be fairly cheesy, overrated, and dated. I never fully got on board the Gaga craze 15 years ago or so; as much as I like ""weird"" stuff, I found her schtick a bit too try-hard. That's not to say I don't enjoy a few songs from that period. I also enjoy some later songs from Artpop, Chromatica, etc.

However, in anticipation of her headlining performance at Coachella this year, I've gotten a bit on board the Gaga hype train. Finding out she would be working with Gesaffelstein was a plus in my book. I enjoyed ""Disease"" and especially ""Abracadabra"" before the album dropped. The production on these IMO is just immaculate and leagues ahead of the production styles on The Fame/Fame Monster/Born This Way.

I've listened to Mayhem a few times now and I find the entire thing pretty fantastic. Already a contender for one of my 2025 favorites. And this is coming from someone who's not super into Lady Gaga. So what do you guys think? I've heard a lot of praise for Mayhem but also some polarizing takes. Is the production a lot better than her early stuff? Is it just ""clicking"" for me now, for whatever reason? This can be just a springboard for discussion about Lady Gaga, her new album, etc.",14
1jdafc5,Explain the Appeal of Geese,Sure_Scar4297,1742210994.0,0,https://www.reddit.com/r/LetsTalkMusic/comments/1jdafc5/explain_the_appeal_of_geese/,The title is self-explanatory. My band mates told me about the band geese while they were joking about funny potential festival line ups (one of which being Geese opening for Goose). I listened to quite a bit of geese. I don’t understand the appeal they have to their fans. I’m not saying they’re bad! I just don’t “get it” and I want to hear from fans of the band what appeal Geese holds for them. Is it lyrics? Is there a particular song or live set I should be checking out? Sell me on this band. ,14
1jcjpqs,What makes a song qualify as rap?,Late_Drag_3238,1742125693.0,12,https://www.reddit.com/r/LetsTalkMusic/comments/1jcjpqs/what_makes_a_song_qualify_as_rap/,"I used to be able to easily tell the difference between Rap and other genre's, and for Rap I would think of songs like Humble by Kendrick Lamar, Doja by Central Cee, The Box by Roddy Rich, WHATS POPPIN by Jack Harlow, etc. These days, Rap songs don't really sound like Rap to me. 

For example: A lot of drake's songs and some of Travis Scott's songs (Nightcrawler, etc) just sound like pop to me. Tyler the Creator's Chromakopia album is considered Rap by everyone but it sounds like a whole new genre to me. Some of Playboi Carti's songs sound like metal to me. 

And some songs that do sound like Rap to me like Timeless and Heartless by The Weeknd are classified as R&B. ",49
1jc1ea4,"Let's Talk: Widespread misconceptions and biases people have due to the ""/mu/ification"" of music discussion on the internet.",SculpinIPAlcoholic,1742062570.0,134,https://www.reddit.com/r/LetsTalkMusic/comments/1jc1ea4/lets_talk_widespread_misconceptions_and_biases/,"It’s fair to say everyone agrees that, unfortunately, just about everything on the internet runs downstream from 4chan in some way or another. Music is no exception. While I’ve never been a 4chan user personally I’ve always been someone who takes music more seriously than what is healthy and normal so I've always experienced /mu/ through osmosis as some force lurking in the background. Here’s some things that seem to have originated on /mu/ that I’ve observed. Some of them annoy me, others are just simple observations.

- **Trout Mask Replica as an ironic joke** Throughout the 2010s a misconception seemed to spread that Trout Mask Replica by Captain Beefheart & His Magic Band is some kind of joke album people like because it’s bad or ""so bad it’s good,” as if Trout Mask Replica occupies the same space in music that something like The Room or Manos: The Hands of Fate occupies in film. Fact of the matter is that Captain Beefheart has always been taken very seriously by musicians and rock journalists and genuinely acclaimed for his blending of delta blues music with avant-garde and surreal elements, with Trout Mask Replica being his crowning achievement. Not only has the album Trout Mask Replica been recontextualized as a ""meme"" but it seems the meme of the album has overshadowed Captain Beefheart's entire output and legacy, and his other acclaimed works (Safe As Milk, Lick My Decals Off) have fallen into obscurity.

- **Tortoise erasure in post-rock discussions** Throughout the 90s and early 2000s, Tortoise’s first two albums Millions Now Living Will Never Die and TNT were viewed as being THE defining post-rock albums. They’ve since been replaced by Godspeed You! Black Emperor in that regard and I don’t remember the last time I’ve heard anyone talk about Tortoise. Tortoise guitarist David Pajo was previously the guitarist in Slint, and while Slint were always acclaimed in indie rock circles they were always more associated with the Steve Albini-adjacent cluster of bands like Pixies, Sonic Youth, The Jesus Lizard, and Pavement. Slint were not more popular or acclaimed than Tortoise until some point after 2005 or so.

- **Ride and Catherine Wheel erasure in shoegaze discussions** While My Bloody Valentine’s Loveless was always the defining shoegaze album, Ride’s album Nowhere was number two for a very long time. Likewise, Catherine Wheel was viewed as the closest thing to a shoegaze band that actually ""made it"" in the mainstream with songs on the radio and videos on TV in the 90s. It seems nobody talks about either band anymore. Of course a huge catalyst in this is Slowdive’s reevaluation. It’s been immensely overstated how hated Slowdive actually were back in the day, and there was a point where Souvlaki would have been album number three after Loveless and Nowhere. A consequence of Slowdive and My Bloody Valentine being most peoples introduction to shoegaze is that now people’s mental image of the genre is *solely* more in line with dream pop and Cocteau Twins and other 4AD-esque ethereal wave music, while when it was still a fresh up and coming scene in the late 80s and early 90s a lot of it was driven by big distorted guitar leads and was in line with alternative rock and grunge (see: Catherine Wheel and Ride).

- **Swans** Just Swans. Swans used to be some obscure band that were only listened to and talked about by weird record store guys that I would categorize alongside acts like Nurse With Wound, Current 93, Throbbing Gristle, Boredoms, Naked City, and stuff like that. Somehow they became a band listened to by the same kind of people who like Sufjan Stevens and Vampire Weekend following the release of The Seer in 2012.

Any other /mu/ caused phenomenons you’ve noticed?

EDIT: I’m really happy so many of you don’t know what 4chan is and by extension don’t know what /mu/ is and feel a need to leave a comment saying so. I love reading that same comment over and over again.",312
1jd3601,Has the EDM dominated the American dancefloor?,Bear_necessities96,1742180818.0,0,https://www.reddit.com/r/LetsTalkMusic/comments/1jd3601/has_the_edm_dominated_the_american_dancefloor/,"So last night I went to clubbing to a conventional bar for the first time in years and, to my surprise, the music was good, the last time I checked one of these bars, the main music was hip hop music, I’m talking about the period before the pandemic.

Now, what I heard was mainly house music, disco, DnB and bass music. I think this is a renewed interest in electronic music in America since I have seen conversation of this genre in music forums on tik tok and other social networks.

Did the edm really defeat hip hop as a popular dance music? Do you think it’s possible to see a more rave-y scene in America in the coming years? What has been your experience?. ",23
1jbmuig,Maroon 5's Songs about Jane,AndrewRyanPatrick,1742011709.0,56,https://www.reddit.com/r/LetsTalkMusic/comments/1jbmuig/maroon_5s_songs_about_jane/,"Does anyone else LOVE this album but basically loathe the poppy crap they put out after it? I mean, there are a handful of songs post Songs about Jane I like, but Songs about Jane is a top twenty album all time for me. It's one of those that I can put on a just listen to start to finish and thoroughly enjoy regardless of whether it's been two days or two years since I've listened to it. The only weak song to me is She Will Be Loved, but I don't even hate that song or anything; it's just the weakest track on the album to me, and I think its gross overplayment (I don't know/care if that's actually a word; you know what I mean haha) on the radio kind of amplified its lackluster quality for me. But yeah, I've never observed such an immediate and steap dropoff in a band as I have with Maroon 5 from Songs about Jane to essentially everything after.",53
1jbkjze,The enduring cult appeal of Manic Street Preachers,nicegrimace,1742003915.0,61,https://www.reddit.com/r/LetsTalkMusic/comments/1jbkjze/the_enduring_cult_appeal_of_manic_street_preachers/,"I was listening to their latest album 'Critical Thinking', and when I saw them mentioned in another post, that got me thinking about their career. The Manics are a good example of a band that seem almost designed to have a cult following. To explain what I mean, I'll go back to their early albums from the 90s and talk about how I started listening to them.

The Manic Street Preachers had all the ingredients to become a U2-level globally famous band, but even at their peak when they were totally mainstream, they weren't even Radiohead-level famous. I think the reason for that is because they have something about them that repels various audiences. They are too pop-minded for the rockists and music snobs, too sincere for the hipsters, too much of a serious rock band for the poptimists, too awkward and naive for people who want their bands to be cool, not experimental enough for people who like weird music...you get the idea.

What's left is their core audience of disaffected people, who were usually young when they discovered them. They're a band that came with a reading list. That reading list changed my life. Whenever I come across a young person discovering the books on that list, I feel a sense of joy. They could put out nothing but lift music for the next 20 years, and I'd still be grateful to them for getting me to read all those books.

Anyway onto the music itself and how I started listening to it: I had just entered my teens and This Is My Truth Tell Me Yours was in the charts. It is one of their two dad-rock adjacent albums, but it did get them to number 1 in the UK charts with a song about the Spanish Civil War. I wondered if there was more to this band, so I went to the library and borrowed their first album, Generation Terrorists. It's a juvenile album in many ways, but it blew my mind. In my defence, I was 13. The band themselves laugh at it now, but it's brilliant in a mad way. Whoever would think, in 1992, 'Lets make a record mostly about depression and capitalism, make it sound like Guns N' Roses and The Clash having a staring contest and sprinkle in some Public Enemy samples. That's a good idea.'? That's what their debut album is like though.

I then went through their other albums, The Holy Bible, that Simon Price book, and the reading list like a greyhound running after a car. I lost interest slightly after Know Your Enemy came out in 2001, and only listened to them occasionally for the next 20 years (although Journal for Plague Lovers impressed me) even though they were still putting out strong albums on average every couple of years the whole time. Something made me go back to them though, during the COVID pandemic, when they were releasing The Ultra Vivid Lament, which made me reappraise their whole career.

I think of their career as having 3 Acts. There's the first 3 albums with Richey Edwards, then the three albums that charted highly and were widely promoted but were annoying to their original fans, then the entire rest of their career starting with Lifeblood as the underrated transitional album. 

The reason I put all the albums from Lifeblood onwards in the same category is because it marks a shift in how the Manics viewed themselves as artists and the way they wrote songs. The band are not happy with it, since they were burnt out when they recorded it, not spending enough time playing together, and then when it was released, it didn't do as well as they had wanted. This burnout brought out a new quality in them. It made them retreat from making statements and focus on what they wanted to explore in the studio. It's the birth of what you could call 'music geek Manics', after we had 'angst Manics' in the first act, and 'stadium Manics' in the second act.

There's an argument to be made that this shift dates back to Futurology in 2014, and that the 10 year period between Lifeblood and Futurology is its own era, but I think they're all part of the same era. I'd argue that Futurology is seen as a shift mainly because it was so critically acclaimed, not because the music or the approach to making it substantially changed. The change happened with Lifeblood and what it involved was I'd call a collage approach to the music. By that, I don't mean sound collage, I mean they started diversifying their influences and incorporating it into their own sound (while also referencing their own past music) in a more deliberate, less clumsy way than they had before.

The list of influences on the Manics is as long as your arm. The list of post-punk and 80s indie/alternative bands they haven't quoted in the music they've made this century is shorter than the bands they've borrowed from. Magazine is a repeated reference. They'll also throw their fans curveballs, like 'Here's some Abba! Some Rush! Have some Mike Oldfield! Some Tchaikovsky!' They'll also get progressive from time to time, which goes back all the way to the weird rhythms on The Holy Bible. A good example is the song [Mayakovsky](https://m.youtube.com/watch?v=SghNLKYAQ1c) from Futurology, but examples can be found on other albums made in the last 20 years.

This collage approach was seen in the lyrics to The Holy Bible, and it's like they're rediscovered how to do it post-Richey except with music rather than words this time. They're a band that have always loved plastering their album sleeves and other promo material with quotations, so it's a continuation of their theme. Even when they go off and do something different, like Rewind the Film (*not* just your typical, 'stripped-back Nebraska-style album' to my ears) or Journal for Plague Lovers (The Holy Bible part 2, but also not) this approach of deliberately challenging their audience is there.

That's why they have enduring cult appeal. That's why the fans stay on even if they make an album that isn't as strong as the others. (Critical Thinking has its weaknesses, but I still like it.) The Manics are still mostly a Gen X and older millennial thing, and they haven't had a big reappraisal by younger generations, but whether they ever get their reappraisal or not, they will always have a cult following.",45
1jbjn17,"The Beatles, Rubber Soul (1965)",HikerAT2022,1742001063.0,46,https://www.reddit.com/r/LetsTalkMusic/comments/1jbjn17/the_beatles_rubber_soul_1965/,"Does anyone still listen to this classic? This is one of my favorite Beatles albums, ranking just behind Revolver imho. If forced to pick, I would say my favorite tracks are probably ‘Nowhere Man’, ‘Norwegian Wood’, ‘Michelle’, and ‘In My Life’. There are some great lyrics and stories being told in these songs. Controversial opinion: I’m no Beatles scholar but I actually think this is better than Abbey Road or The White Album. Discuss.",47
1jbeknv,Oldies and Chicano Culture,Commercial-Detail-91,1741986936.0,21,https://www.reddit.com/r/LetsTalkMusic/comments/1jbeknv/oldies_and_chicano_culture/,"I admittedly have very little knowledge about this phenomenon besides the “Lowrider Oldies” mixes and the occasionally YouTube post of a 1950s song with airbrushed low riders and women as the image. I could Google more about this but I’m curious to hear from people who are part of, or even adjacent to this culture. Anyone else find it a fascinating juxtaposition of beautiful sentimental classics and masculine traits like loving cars, women, and gangbanging?",9
1jb00e5,Why do so many people in music discussions online struggle with the fact that music critics' takes are not objective/inherently more valuable?,adoreroda,1741944795.0,66,https://www.reddit.com/r/LetsTalkMusic/comments/1jb00e5/why_do_so_many_people_in_music_discussions_online/,"Lately I've been thinking about music critics and their place in music discussions, specifically online. Many people I come across, especially in fandom wars (or just a sole fan discussing the work of a musician they like) will cite a music critic's take as some objective measure that a certain body of work is objectively good and I don't really have any idea how people think something such as subjective as music could warrant a critic or an institution to have objective takes--or anything close to it where their opinion is inherently more valuable--than the ordinary person's. 

Before I thought music critics had zero value in every regard. Unbeknownst to me, many people actually looked at music critics for exposure to new music as well as other aspects such as the more analytical side of a review such as technical aspects and observations to the music production, and likely more, so there is some utility that music critics can have in music discussions in general. But no amount of musical training gives you the ability to discern what is and what isn't a good song as it's so subjective, and a song being complex in structure does not inherently make it better than one that's more simpler or avant-garde. 

Another thing to mention as well is that in real life, people don't care nearly as much (close to at all) about music critics' opinion. In online discussions if you were to try and argue that X album is inherently better than Y because it's critically acclaimed you'd be looked at as some loser (and somewhat rightfully so, in my opinion) and none would care, even if it was from long-established magazines like the Rolling Stone or more recently popular ones like The Pitchfork. The closest the public gets to to caring about music critics is award shows, and what makes them care more is way less than the awards or the critics themselves and more so the assembly of celebrities in one place--as well as specific performances to those award shows-- as well as it being televised. It's not much different than the desire of viewership of events like the MET Gala, for example. 

In real life, people overwhelmingly seem to like what they like and it's nothing more than that. Analytical aspects of music don't really change the opinion on the end product's quality, and overall music critics are disregarded for the most part. However in online spaces this is not the case. While critics have utility, people take it too far and use it as a way to validate their opinion or even say their opinion is objective correct. Why do so many people online struggle to understand critics' opinions on such subjective platforms such as music don't have any inherent value across the board?",152
1jb4rqk,What Do You Think About Lady Gaga's Album 'Born This Way?',SandmanAlcatraz,1741961360.0,12,https://www.reddit.com/r/LetsTalkMusic/comments/1jb4rqk/what_do_you_think_about_lady_gagas_album_born/,"*Born This Way* was the best-selling album of 2011 and was nominated for three Grammys including Album of the Year (losing all 3 awards to Adele's *21*). The album is notable for blending a variety of genres (opera, mariachi, country, metal) into a collection of danceable synth-pop tunes and its title track which became an instant anthem for the LGBTQ community. 

Ranking albums is often seen as a fool's errand as any list will be formed by subjective taste. However, *Rolling Stone* magazine ranks *Born This Way* as #484 on their list of the 500 Greatest Albums of All-Time. Given the inherently flawed, subjective nature of this ranking, what do you think? Does *Born This Way* merit inclusion on the *Rolling Stone* list, is #484 too low, or is the ranking just right?",22
1jb150r,Let's Talk... Stereophonics,eltrotter,1741949687.0,19,https://www.reddit.com/r/LetsTalkMusic/comments/1jb150r/lets_talk_stereophonics/,"So, growing up my sister was a huge Stereophonics fan and so we had them on the family stereo a lot. I haven't really listened to them much since but the other day I found myself listening to them and going down the rabbit hole. The first \~four albums are the ones I'm most familiar with, but I found myself dipping into the rest of the catalogue. I remember distinctly the tragic early passing of their original drummer Stuart Cable back in 2010.

**A couple of things strike me as interesting about Stereophonics...**

Firstly, they have been consistently releasing albums since they formed in 1992; they've generally released an album every two years, with very few exceptions. They've outlasted a lot of bands from the same era, though it was surprisingly to me to find that they were still releasing music since I never really hear anything about them.

Secondly, and perhaps relatedly, they have never had a critically-acclaimed album. Most of their output has been around the 60-ish mark on Metacritic, with a few higher and a few lower. 2022's *Oochya*! has been one of the better-recieved albums of recent years. This relationship with critics is something that has even spilled over into their music; NME were famously disparaging of them and their 2001 single ""Mr Writer"" is a jab at music journalists.

Thirdly, in spite of (or maybe because of?) their consistent output, they aren't really remembered as vividly as other bands of the era. *Word Gets Around* and *Performance and Cocktails* are, in my opinion, at least as strong as many of the other defining indie rock albums of that era, however those albums neither era-defining in the manner of *What's The Story (Morning Glory?)* from 1995, nor are they music geek darlings like *In the Aeroplane Over the Sea* from 1998.

**So, questions:**

* Do you think Stereophonics deserve more of a legacy compared to bands of the era?
* Do you think their critical reception over the years has been fair?
* Do you like their early albums and have you listened to their later material?",22
1javdhf,The Beatles and The Long Tall Sally EP,Dismal_Brush5229,1741925047.0,4,https://www.reddit.com/r/LetsTalkMusic/comments/1javdhf/the_beatles_and_the_long_tall_sally_ep/,"Probably going to get no traction from this. 

So last summer,i acquired the Beatles EP cd box and I discovered a new branch of The Beatles catalog which I found exciting for a Beatles fan like myself who loves to find something new.

I didn’t really play attention to this EP at the time but now I found it so intriguing especially when it’s connected to that A Hard Day’s Night period which is The Long Tall Sally EP.

The Long Tall Sally EP was definitely an old school Rock N Roll covers EP with one original song of I Call Your Name which is the most earliest Beatles song that John wrote  and it’s a very personal John song.The Long Tall Sally EP is a interesting release for the Band because it’s all unreleased music in the U.K.

So overall The Long Tall Sally EP is really interesting to the band’s catalog with a very early written John song but what’s your opinion on this EP?",20
1ja36g7,Let's Discuss: The Impact Of Springsteen's 'Nebraska' album.,ShaiTheWick,1741837285.0,63,https://www.reddit.com/r/LetsTalkMusic/comments/1ja36g7/lets_discuss_the_impact_of_springsteens_nebraska/,"So I have listened to the Boss since I was a kid but I never really dove into the 'Nebraska' album until after I discovered The National. Matt Berninger remarked on how brilliant an album it was and how it changed how music was recorded. I've even seen how it has inspired certain novels and movies. Like that one movie directed by Sean Penn based on the song 'Highway Patrolman'.   
So what about 'Nebraska' changed how music was recorded after 1982? What scenes and music did it inspire?  
Also, feel free to drop any albums or bands who cite Springsteen's 'Nebraska' as an influence!",51
1jadyxs,"General Discussion, Suggestion, & List Thread - Week of March 13, 2025",AutoModerator,1741878031.0,5,https://www.reddit.com/r/LetsTalkMusic/comments/1jadyxs/general_discussion_suggestion_list_thread_week_of/,"Talk about whatever you want here, music related or not! Go ahead and ask for recommendations, make personal list (AOTY, Best [X] Albums of All Time, etc.)

Most of the usual subreddit rules for comments won't be enforced here, apart from two: No self-promotion and Don't be a dick.",5
1j9phdo,Let's Talk... Nerd and Geek Music,JD-990,1741800301.0,35,https://www.reddit.com/r/LetsTalkMusic/comments/1j9phdo/lets_talk_nerd_and_geek_music/,"So, without giving an overly long backstory, since 2023 or so I've been increasingly interested in this category of music and musicians.

If you're not familiar, Nerd Music itself isn't a genre, but rather an umbrella term that collects stuff like chiptune, rock bands that are explicitly themed around fandoms, novelty music, a fair amount of comedy musicians, and bands that regularly play at comic cons and science fiction conventions - that sort of thing. Nerd music is exactly what it sounds like and covers a few different genres.

For Example: Weird Al, Devo, They Might Be Giants, anything played on the *Dr*. *Demento* Show, King Missile, The Doubleclicks, anything in the Filk genre.

I've gone to a few shows at cons, dug deep into the decades of artists in this sort of niche category, and even recorded with artists as a session player. But in that research, it's interesting to note that while it had been around for decades before, it had its heyday from the mid-2000's to around 2013 to 2015.

While none of the artists you'll find in these categories and genres are/were ever anywhere near mainstream success, there were whole festivals based around this type of music - most of which appeared early in that same time span and vanished toward the end of it. So, the question is: Why did nerd music get popular in that era, start to make itself a niche cultural footprint, and then vanish back into the mist?",57
1j98qcc,How do you guys make/organize playlists,TraditionalRaisin555,1741746276.0,28,https://www.reddit.com/r/LetsTalkMusic/comments/1j98qcc/how_do_you_guys_makeorganize_playlists/,"I love exploring new music, mostly in rock and metal genres. And I’ve just been shoving everything I find into one playlist. I’ve slowly gotten that playlist up to around like 2200 songs or 165 hours or something like that.

Now I’m at the point where there’s a bit too many different sort of songs il skip like 10 times, trying to find a specific vibe (it’s not that the songs I skip are in any way bad), I like having a huge playlist, so I’m gonna keep it and add to it, but I seriously need to like make a few different ones with different sounds.

My problem is that I honestly have no clue how to go about this, last time I tried making playlists with a specific sub genre or vibe I end up researching each song to find out where it belongs, which takes forever and probably doesn’t even end up with good results. 

How do you guys go about this? Also aside from vibe, if your going by specific subgenre, how do you know for sure that it’s that one and not something similar but different (for example I listen to grunge and it’s a decently broad sound but also only specific bands « qualify » into it).

Thanks!",34
1j8u03n,As a person who breathes music - which Streaming Portal do you use and why?,Efficient-Brick5299,1741708396.0,81,https://www.reddit.com/r/LetsTalkMusic/comments/1j8u03n/as_a_person_who_breathes_music_which_streaming/,"For me it currently is Spotify, but I wonder if any of the other services like Tidal or Deezer have benefits I am missing?

Pondering switching services since It feels like Spotify mainly pushes its own playlists, which often end up sounding like “more of the same” to me. I also read that they recently made significant cuts to songwriter royalties which I think is an awful move they can only get away with because the whole music industry is dependent on them.",173
1j92wwf,"A Defense of ""Between 10th and 11th"" by the Charlatans",ADiscipleOfYeezus,1741730354.0,11,https://www.reddit.com/r/LetsTalkMusic/comments/1j92wwf/a_defense_of_between_10th_and_11th_by_the/,"Let me begin this by saying that I'm a huge Charlatans apologist — I feel like they were often over-hated by 90s music critics during the peak of their career (1990's Some Friendly to 1997's Tellin' Stories) and were/are underappreciated by many listeners for their compelling rock/funk/house/dance fusion. I think the most unfair criticism is reserved for their second album, ""Between 10th and 11th."" The common story people tell is this: ""Some Friendly was a best seller that merged dream pop, psychedelic rock, and soul with house rhythms, just in time for the Madchester movement to be in full swing. However, by the time their sophomore album came around in '92, they got a little too experimental for popular tastes and the Madchester bubble burst, leaving the Charlatans with a pretentious album and no audience to sell it to."" Now that I'm re-listening to it after a while, I have to say why this is such a wrong analysis.

**Reason #1: It's a Great Fusion of Indie Rock w/ Dance Music**

The history of Madchester and the alternative dance scene is so fascinating to me as someone in their mid-20s who's grown up in an era where raves are commonplace, where some house musicians are celebrities and electronic dance music has fully crossed over into the mainstream. The thought of acid house, drawing influence from Chicago house, being this exciting new scene that made a number of British rock bands reconceptualize how they use rhythm and movement in their music, is so fascinating. While ""Some Friendly"" had tracks that bore clear house influence (""[Polar Bear](https://youtu.be/DfSNdn9-8i8?si=7NkDTuHPe4aWa0GD),"" ""[109 Pt. 2](https://youtu.be/GURfMD0H-W4?si=O8Rqtrz_-THiK8uh)""), it largely stays safely on the rock side of the rock/dance divide. While they truly knock it out of the park on some clearly rock songs like ""[Sproston Green](https://youtu.be/3jBEhd1TW3A?si=gfD07Ad6BPsdBle7)"" and ""[White Shirt](https://youtu.be/e-TKqL5iH-w?si=brMspq0ZQQtvT6XG)"", on their second album, they played a lot more with the tension between rock music and dance music. It led to very interesting experiments like ""[Page One](https://youtu.be/vvSbVTP2DeE?si=06rP01GFZLKDaLlD)"" and ""[Tremelo Song](https://youtu.be/VOaXkJhd7Xw?si=N53D_6Lqv7jq-Sn4)"" — songs with unwieldy structures, held together by incredible bass playing and beautiful, interlocking rhythms played out on keyboards, guitars, and drums. The most dancefloor-friendly track on this album, ""[Weirdo](https://youtu.be/m-yjro8dZjY?si=oBgxKmUZT28khVr0),"" is bursting with the energy of high-tempo house music while an electric guitar and electric organ weave around the drum machine. Many of their contemporaries tried to make albums that would play equally well to rock and dance audiences, but only a few were able to do it as well as the Charlatans on this album.

**Reason #2: The Experiments on this Album Are Largely Successful**

Another big critique of this album is that the experimental tracks here are flops. While I don't think every avant-garde moment on this album is necessary, I do think that they largely get it right and make interesting music in the process. ""[Subtitle](https://youtu.be/t_Wr_nfYTbg?si=YtGSHp3hyoqKMAWf),"" a kind of ambient track that features a string section, a trippy looped bassline at the start and end, and Tim Burgess's voice floating out in space, is sometimes criticized for being pointless. I used to skip it routinely when listening to the album, thinking the change of pace it offered didn't make sense. Now, I do appreciate it as the Charlatans' take on a chill-out song, and a perfect sonic counter to the raucous song preceding it, ""[The End of Everything](https://youtu.be/BYBzjmrw8Qs?si=20o4eA2J3HdkAQJP)."" Similarly, the e.e. cummings-inspired ""[(No One) Not Even the Rain](https://youtu.be/AZezlm4_KOA?si=3qAWKsuQePh4igxA)"" feels like the perfect way to end this album. A heavily-layered song where drum machines, guitar shredding, studio magic, and abstract lyrics that are recited like poetry fuse to form a sum greater than its parts. Both of these songs, and the smaller risks that the Charlatans take on every song on this album are often strokes of genius. Where it falls flat, I feel more inclined to commend them for trying. It would've been much easier to make ""Some Friendly 2,"" but they took the harder route and pushed their sound to its logical limit. 

**Reason #3: Expert Musicianship and Great Production**

Say what you will about the Charlatans — they've always known how to play the hell out of their instruments. I think part of it is due to their origin as a band that's always played to crowds and often worked out their new material during live performances. Even on the less interesting songs on ""Some Friendly"" (""[Flower](https://youtu.be/jiTpRD45kpU?si=itB95sKMLqMq8uU3)"" and ""[Sonic](https://youtu.be/ZKyWQbURRKQ?si=erfXHVc1fv3My1nG)""), while the songwriting is on the weaker side, the instrumentals are still pretty noteworthy. ""Between 10th and 11th"" really leans into their strength as musicians and leaves a lot of space for intros, outros, and, solos. They definitely had grown more confident in their playing and there are many complex musical ideas they explore throughout the songs on this album. All of this is aided by really amazing production that highlights the otherworldly sound of this album. When Tim Burgess confesses on ""[Not Even the Rain](https://youtu.be/AZezlm4_KOA?si=3qAWKsuQePh4igxA)"" that he doesn't belong to this world, I can't help but feel like this is space rock for the E Generation. 

**In Conclusion**

This is all to say that you should give ""Between 10th and 11th"" a try if you're a fan of 90s indie rock, 90s house music, or their overlap! I really do feel like this album has a one-of-a-kind sound and vision that sadly wasn't explored further. After this album (relatively) flopped, the Charlatans returned to 60s/early 70s psych rock with funk rhythms as the basis of their sound on ""Up to Our Hips"" and continued to tinker with dance music elements as the decade went on. I can't help but wonder what the Charlatans would have done if this album had succeeded after all.",5
1j8y7va,"Ashley Ballard, Get in the Booth (2001 album) and her famous hit ""It was You""",theirblackheart,1741718714.0,5,https://www.reddit.com/r/LetsTalkMusic/comments/1j8y7va/ashley_ballard_get_in_the_booth_2001_album_and/,"She used to be a very popular artist at 14 years old in the year 2001 when she was promoting her song for the Pokemon the First Movie called ""It was You"". It doesn't play in the movie, but it was featured in the Pokemon the First Movie soundtrack trailer.

Unfortunately, she fell under obscurity and it's been three decades since the public has ever heard from her. No one has ever knew of her, but thanks to the era of digital streaming, I hope her music, especially her album ""Get in the Booth"" or her song ""It was You"" get any form of recognition. Her vocal was very powerful for a 14 year old girl at that time who was just debuting because of the popular anime film. She has released other songs but it doesn't get any amount of attention either.

It's unknown where the artist is really currently at with her life. I tried finding her socials, but her Instagram account @ashleyballardmusic (I don't know if this is hers or run by management) hasn't posted since February 17th, 2017. It seems to me she doesn't have other social media presence the more I look, she must have retired from the entertainment industry and is just living a relatively private life. https://youtu.be/2-t1zwvQBfc?si=6IckUJFL_Y6bAc4-",2
1j8xqy2,"How do people ""know"" that they like a song almost immediately?",Arzio1,1741717573.0,1,https://www.reddit.com/r/LetsTalkMusic/comments/1j8xqy2/how_do_people_know_that_they_like_a_song_almost/,"To make my question a bit more clear i mean how do normal people just casually listen to a song once or twice and to them its very easy to like a particular song or not. For further clarification, the easiest example i can think of is sitting around with friends sharing music and them showing their favourite song or band to me. Personally at the very first listen i literally dont feel a single itsy-bitsy thing about whatever genre/artist/song it may be, even if it is a song by my favourite artist that i havent heard, i still dont know in the slightest if i like the song or not, and it takes a lot of effort and a million listens to know each beat and lyric to know if i like it or not. I see this thing also happen to people who do reaction videos on youtube too (ofc i know that they are overreacting to make the video more entertaining),but certain elements of them are noticable to other real life people too. Idk maybe i am the only one who nitpicks so much ig-",61
1j8hzzg,Distort Yourself by Institute: The Lost 5th Bush Album,NewPatron-St,1741664870.0,6,https://www.reddit.com/r/LetsTalkMusic/comments/1j8hzzg/distort_yourself_by_institute_the_lost_5th_bush/,"In 2005, during a break for the British post-grunge band Bush, frontman Gavin Rossdale introduced a new project called Institute. Alongside Chris Traynor, Cache Tolman, and Charlie Walker, the band released its debut and only album, Distort Yourself. Although it was marketed as a new venture, Rossdale later disclosed in a 2017 interview with iHeartRadio that Distort Yourself was originally intended to be the fifth Bush album. Viewing the album through this lens offers an intriguing perspective on its strengths, especially when compared to Bush's eventual comeback album, The Sea of Memories.

When listening to Distort Yourself, one can easily recognize the familiar elements of Bush's sound—Rossdale's unique vocals, angsty lyrics, and the band's signature mix of hard rock and alternative influences. Tracks like ""Bulletproof Skin"" and ""The Heat of Your Love"" exhibit a grittier sound, pushing the boundaries of what previous Bush albums offered. In stark contrast, The Sea of Memories, released in 2011, seems like a calculated effort to reclaim past success. Despite its title, the album lacks the spark and originality of its predecessor. While it is technically sound, it ultimately feels flat, bland, and forgettable. While Distort Yourself doesn't reinvent the wheel it is just another great album from Gavin Rossdale, I wish that it was the fifth Bush album instead of The Sea of Memories.

Distort Yourself by Institute

Favourite songs: Bulletproof Skin, When Animals Attack, Come On Over, Information Age, Wasteland, The Heat of Your Love, Ambulances, Secrets and Lies, Mountains & Save the Robots

Score 4/5",1
1j7zsul,"Why do the ""Wall of Sound"" productions sound so squashed when listened to in headphones?",Aggressive_Cherry_81,1741616658.0,49,https://www.reddit.com/r/LetsTalkMusic/comments/1j7zsul/why_do_the_wall_of_sound_productions_sound_so/,"Not sure if this is just me. Has anyone noticed that many of Phil Spector's productions where he used his trademark ""Wall of Sound"" technique (e.g. ""Be My Baby"", ""I'm So Young"", ""You've Lost that Lovin' Feelin'"") sound squashed as fuck when you listen to them in headphones?

This isn't a problem when I'm listening through speakers or through my phone, without plugging it into anything. The problem only arises when I listen to it through headphones. It just sounds... squashed, y'know what I mean? Like there is no sense of space. The best analogy I can come up with is this:

Imagine a clear, pristine white A4 size paper. You have the whole thing at your disposal, to do whatever you want. And instead of using the page, some guy decides to take a pencil and put a dot in the centre of the paper and leaves it at that. The ""Wall of Sound"" productions sound like that solitary dot in the middle to me. I do not hear the sonic landscape that everyone seems to rave over. It doesn't seem to sound nearly as ""full"" as some of the other songs from that era, like ""Eleanor Rigby"", ""God Only Knows"" and ""Strawberry Fields Forever"". Anyone knows the reason why? Cuz I checked the Wikipedia article, and the sound apparently came through very well at the time.",49
1j7xois,What concert you’ve been to holds the most meaning for you? And why?,Matilda_Mother_67,1741610482.0,65,https://www.reddit.com/r/LetsTalkMusic/comments/1j7xois/what_concert_youve_been_to_holds_the_most_meaning/,"For me, it would have to be seeing David Gilmour of Pink Floyd this past November at Madison Square Garden, the last night of his tour. I don’t really know to accurately describe the impact Pink Floyd’s music had on me. It’s like when you find “the one”; they just get you, you just get them, and they’re always there for you. And being able to see the man whose music quite literally saved my life meant the world to me. 

But I’m curious to hear from all of you about your experiences seeing your favorite artist. ",126
1j8ci88,Does anyone use both iTunes and Spotify?,morbidhack,1741648531.0,8,https://www.reddit.com/r/LetsTalkMusic/comments/1j8ci88/does_anyone_use_both_itunes_and_spotify/,"iTunes was my only method of listening to music for the longest time... 99.9% of my library there was put on there by me ripping my CD's onto there- it was a labour of love, haha. 

The vast majority of my most-listened to records are on there, as it's all stuff from when I was at my most impressionable, music (that I liked) sticking to me like flies to excrement. 

When I reluctantly-- reluctant only bc afraid of change-- joined Spotfiy a few years ago, my listening habits completely changed. I became a good little sheepling who listened to anything the algorithm threw at me, based off what knowledge it had of my interests. I, admittedly, have stumbled onto a vast array of incredible music I likely never would've otherwise, and for that I'm absolutely grateful. But it also robbed me of the concept of crushing albums, often congruent products, in full. I'm not mad about it honestly, merely just an observation, and a thing I'm sure has been written about a great deal. 

i.e. [https://www.latimes.com/entertainment-arts/music/story/2020-03-17/coronavirus-deep-listening-music-albums](https://www.latimes.com/entertainment-arts/music/story/2020-03-17/coronavirus-deep-listening-music-albums)

But anyways, not here to discuss how my listening habits have changed. 

What I'm here for is, simply, to ask whether anyone maintains both an iTunes library as well as Spotify one, and if so, how do you use them, respectively? 

Personally, and this is probably silly as it doesn't cost anything extra, I never bothered saving/liking those beloved full albums of my youth to Spotify, and just revisit them in iTunes anytime I want to listen to them... again, not sure why, as it'd def be more streamlined to have them all under one room, in Spotify. I guess another reason are all those random rips from YouTube to MP3 and in general random tracks not on Spotify, but granted I haven't nearly as many of those. 

Just curious who else is on the same/similar boat? ",49
1j80me7,"What Have You Been Listening To? - Week of March 10, 2025",AutoModerator,1741618849.0,7,https://www.reddit.com/r/LetsTalkMusic/comments/1j80me7/what_have_you_been_listening_to_week_of_march_10/,"Each week a WHYBLT? thread will be posted, where we can talk about what music we’ve been listening to. The recommended format is as follows.

Band/Album Name: A description of the band/album and what you find enjoyable/interesting/terrible/whatever about them/it. Try to really show what they’re about, what their sound is like, what artists they are influenced by/have influenced or some other means of describing their music.

[Artist Name – Song Name](www.youtube.com/watch?v=PxLB70G-tRY) If you’d like to give a short description of the song then feel free

PLEASE INCLUDE YOUTUBE, SOUNDCLOUD, SPOTIFY, ETC LINKS! Recommendations for similar artists are preferable too.

This thread is meant to encourage sharing of music and promote discussion about artists. Any post that just puts up a youtube link or says “I've been listening to Radiohead; they are my favorite band.” will be removed. Make an effort to really talk about what you’ve been listening to. Self-promotion is also not allowed.",8
1j7s7ui,"Tom Waits, Blue Valentine (1978)",HikerAT2022,1741587373.0,25,https://www.reddit.com/r/LetsTalkMusic/comments/1j7s7ui/tom_waits_blue_valentine_1978/,"Just listened to this for the first time in years. Man, I had forgotten how good this was. I've always been a fan of Tom Waits but for some reason he dropped out of my rotation in recent years. If I had to recommend some tracks, I would say ""Kentucky Avenue"", ""Romeo Is Bleeding"", and ""Whistlin' Past The Graveyard' But really, every track is excellent. It is a hard to describe his type of music except to say it is unique (bought every one of his albums back in the day - still love 'Heart Attack & Vine', 'Rain Dogs' and 'Heart of Saturday Night'. Any other Tom Waits fans out there?",13
1j7pdw8,What's a good way to share your favorite music/artists nowadays?,samh748,1741576744.0,9,https://www.reddit.com/r/LetsTalkMusic/comments/1j7pdw8/whats_a_good_way_to_share_your_favorite/,"Akin to the music blogs some years ago, what are some good platforms or methods available nowadays for sharing and talking about your favorite music and artists to a broad audience? What are some things you've tried and how ""successful"" were they? Pros/Cons?

I know people make playlists a lot but I'd love to be able to introduce some of my favorite artists to more people but playlist doesn't seem to make sense in that front? I've never made them (for public consumption) so I'm not sure tbh.

Or sometimes I discover something and I feel more people should know them. Sharing within my circles is too small and most people don't care. I want to reach more people. You know?",17
1j7qqeo,"When watching a film, how does the music within that film change how you perceive the movie on a scene-to-scene basis?",Icy_Imagination_4908,1741581415.0,0,https://www.reddit.com/r/LetsTalkMusic/comments/1j7qqeo/when_watching_a_film_how_does_the_music_within/,"The inclusion of music within film has always been a really interesting topic for me, especially when considering the fact that it can often times make or break a scene. When music is present it enhances the spirit of a scene, and when it is not present there is a lack of story being told through the music itself.

What are some movie scenes where the music really stood out to you? Or how do you think that film music affects the viewers' perception of a scene?",6
1j6roi3,What makes music sound “British”?,Adventurous-Ad5999,1741469895.0,73,https://www.reddit.com/r/LetsTalkMusic/comments/1j6roi3/what_makes_music_sound_british/,"This refers to the type of music around the 90s and 2000s. I guess Robbie Williams is a prime example. Without knowing anything else, the first thing I’d think of when listening to him is “He is British”. 

I do have a tough time telling the difference between American and British accents so I chose Robbie Williams as an example as I think his accent isn’t as strong. As opposed to someone like Oasis who I think musically embodies this quite well but Liam Gallagher’s accent is way clearer.

This also applies to The Killers, who are from Las Vegas but are generally agreed to sound British. 

So what are the stylistic aspects that make these artists sound that way, as opposed to their American counterparts? For me, who isn’t a native English speaker, I used to lump all English music, or at least pop music, into the same genre.",45
1j6z5xa,Why are signed artists seen as more official/taken more serious than independent artists even if they have similar success?,daftmanfromdarkwood,1741492816.0,9,https://www.reddit.com/r/LetsTalkMusic/comments/1j6z5xa/why_are_signed_artists_seen_as_more_officialtaken/,"I remember there was an artist signed to a major label. They weren't an A lister but none the less were signed 

Saw an independent artist online around the same time that had incredibly similar stats/monthly streams/followers etc just self releasing on YouTube 

The signed artist was making songs with famous names, rubbing shoulders at the Grammy awards etc

Whilst the independent artist (despite having similar numbers)  is posting remixes to songs online, skits and commenting 
 ""Everybody tag [random famous artist] and let's get my music heard!""

And people are commenting ""Keep up the good work you're gonna make it one day I know it"" 

It's like despite having similar streams/followers and I guess level of success this far, the independent artists aren't taken as seriously. Seen as inferior to the ones on major labels. ",16
1j7qp3o,How many monthly streams do you think Michael Jackson had on his albums in the 80s-90s?,StrikerHasBadHumor,1741581288.0,0,https://www.reddit.com/r/LetsTalkMusic/comments/1j7qp3o/how_many_monthly_streams_do_you_think_michael/,"Thriller is still the most popular album in the world. I'm pretty sure he won an award for having three albums that sold over 30 Million units! His music video ""Black or White"" had the biggest premire for any music video (over 500 Million).

Also, another question? Do you all think he would've had more subscribers than Mr Beast if youtube was a thing at MJ's prime? It's still crazy that Michael is still pulling numbers such as 45+ million concurrent spotify viewers in the 2020s! I hope his music stays alive!",3
1j7il0v,Why did concert crowds used to cheer with the first line of a song?,_oscar_goldman_,1741556753.0,0,https://www.reddit.com/r/LetsTalkMusic/comments/1j7il0v/why_did_concert_crowds_used_to_cheer_with_the/,"I listen to a lot of live albums and concert bootlegs from the 1970s and 80s - Grateful Dead, Allman Brothers, even some folk/bluegrass/country stuff - and it seems that there was a fairly standard crowd behavior at that time that is very much extinct now. A crowd would cheer at the end of a song, of course, and as a new song started to voice their approval of the selection. But if the song had an instrumental introduction and the vocals started more than a few seconds in, they would cheer - often more enthusiastically than at the beginning of the song - with the first line of lyrics, roughly at the end of the line. But the applause quickly dies down so as not to interrupt the song excessively. As far as I can tell, crowds stopped doing this around the early 90s.

I wasn't around back then, so what gives? Was this some sort of carry-over from the early days of rock and roll, when chord progressions were comparatively much more formulaic, and you might not actually be able to tell what song it was until the lyrics kicked in
(e.g. Chuck Berry's ""School Days"" vs. ""No Particular Place To Go"")... and it just continued a few decades past its relevance? Or was something else at work?",10
1j61p1h,"On Average, why are Musicians much more ""stylish"" than many other Artists(Visual Artists, Writers, Cinematographers)?",Marcel_7000,1741385215.0,20,https://www.reddit.com/r/LetsTalkMusic/comments/1j61p1h/on_average_why_are_musicians_much_more_stylish/,"Hey guys,

I study various types of Art. On average I would say Musicians as a group are the most stylish and fashionable. I would say actors are a distant second.

You'll see musician regardless of genre they will often have their own particular style. I often see musicians wearing bracelets, necklaces, hats, scarves. There's much more ""sophistication"" in their fashion choices.

While I admire other types of Artists that I have mentioned(Visual Artists, Writers, Cinematographers, Comic Book Artists). I often dissapointment as how they dress. 

I'd like to hear your thoughts on the topic. ",57
1j5tyk2,"Is hip-hop the most ""connective"" genre?",kapitalKing,1741367676.0,17,https://www.reddit.com/r/LetsTalkMusic/comments/1j5tyk2/is_hiphop_the_most_connective_genre/,"Sorry for the semi-clickbait title!  
  
Long-time lurker, mainly trying to gauge the sentiments of different music subs on different genres/sub genres of music. One thing I've kinda noticed is the typical ""modern hip-hop is bad"", ""no it's not"" arguments which is typical for discussing music just because of how subjective it is, or even the whole ""I'm trying to get into X genre how can I start"" and that got me thinking about **sampling** (in hip-hop music primarily since that's my genre of choice) and how its prevalence in the genre makes it more connective than in other popular genres. I'm gonna use mostly popular songs (at least within their genres) to show that this isn't some underground phenomenon

Last year I had the privilege of going to a [Cortex](https://en.wikipedia.org/wiki/Cortex_(band)) concert where they performed their 1975 debut album [Troupeau Bleu](https://en.wikipedia.org/wiki/Troupeau_Bleu), which contains one of hip-hop's most popular sample of all time [Huit Octrobre 1971](https://www.youtube.com/watch?v=0L88jVGKgdY). The crowd was, a one would expect, a mixed bag but I think its cool, not just rap fans ***at*** a jazz concert but rap ***brought*** fans to a jazz concert. It **hardly ever works** the other way around.

Obviously it's not like sampling is exclusive to hip-hop, but I think it definitely stands out more because the original track still remains present on most occasions. Some more famous sample flips would be:  
\- [Toxic - Brittany Spears](https://www.youtube.com/watch?v=AXXUodk-pVo)  
\-[ Daft Punk: Face to Face](https://www.youtube.com/watch?v=etPs5ddm7j8)

I think these are absolutely crazy but Daft Punk is not the reason people are listening to ELO, I think the mix of obscurity and an ear for sound makes hip-hop more connective in that sense. There, apparently, was a sentiment that sampling is lazy but I think the internet made that up to be honest. And its not just limited to ""lyrical rap"" here's a song with a [Hatsune Miku](https://en.wikipedia.org/wiki/Hatsune_Miku) sample: [712PM by Future](https://www.whosampled.com/Future/712PM/) 

I was gonna list some of my favourite samples but this has gotten kinda long and my lunch break is over: Here's Tyler the Creator's sample of [Dream by Al Green](https://youtu.be/2T57PF55qoI?si=RLeq4JTytXlnxZag) : [Are We Still Friends?](https://www.youtube.com/watch?v=xGyRxamCmSI) off of IGOR.  
  
Also what are you guy's favourite samples that have lead you to discovering a new sound!?

**TLDR:**  
Hip-hop, whilst being so different from its influences, strongly retains the form within it - primarily through sampling; so much so that it's likely the easiest way to discover new sounds",64
1j50p9v,When bands won't play their classics,kylepo,1741281700.0,261,https://www.reddit.com/r/LetsTalkMusic/comments/1j50p9v/when_bands_wont_play_their_classics/,"Back in 2022, I went to see Animal Collective. They're one of my favorite bands, so I was obviously really excited to see them for the first time. Unfortunately, it ended up being the worst live show I've ever seen. It isn't like they were playing poorly or anything, it's just... the setlist they *chose* to play not-poorly was insanely disappointing.

Animal Collective is one of those bands that's near-universally considered to be past their prime, you know? Their most acclaimed albums - the ones nearly every fan considers their best by far - came out in the 2000s. Nothing they've released since has ever come close to their output during that period. Which is why it was so disappointing that it comprised only 2 of the ~20 songs they played. And one of those two was fairly mid when it comes to that point in the band's career.

I understand that bands get tired of playing the same music over and over again for more than a decade. They want to play their new stuff, I get that. But you've gotta strike a balance between the new and old stuff-- especially when the old stuff is what all the fans love most. It might be their hundredth time playing it live, but for myself and thousands of others in the audience, it's our first time seeing it in person. I was so excited that I got there early so I could stand in the very front. 

It's hard to overstate how low-energy the crowd was. There was this noticeable feeling of collective disappointment every single time the band started playing a new song and everyone realized ""oh, it's just another one off of Time Skiffs. I guess I've gotta wait another four minutes for the chance to hear one of the ones I actually came to see..."" Nobody was dancing or singing along, and applause was scattered and done mostly out of obligation. Everyone was just... bored.

The *very last song* - the encore - was The Purple Bottle, a fan favorite from the 2000s era, and the crowd got so hyped up. The difference in enthusiasm was night-and-day; All of that anticipation coalesced and people went wild. It was easily the highlight of the show. A great performance and great energy-- which made it all the more disappointing when they walked off stage immediately after finishing. 

A setlist like that feels almost... insulting, you know? You've got an audience full of people with a deep emotional connection to these songs, and you only play *one* of them? I don't want to come across as entitled or anything, but we all paid to be there and chose to dedicate an entire night to it. It's a rare occasion that you get to see one of your favorite bands live, and you want it to feel special. You spend weeks - months, even - getting hyped up for it. Then, the night finally comes, and the band chooses to do what they 100% know will disappoint you and everybody else. 

Again, I understand *why* artists do this. Nobody goes to a live show with the expectation that they'll only play the classics. But I don't think it's unreasonable to expect the classics to make up more than 5% of the setlist. 

Has anyone else here had a similar experience?



EDIT: I've had a few people say that I should have known Animal Collective were like this going in, so I wanna clarify: For me, one of the most magical parts of a live show is that rush of excitement right at the start of a song, when everybody realizes what the band is playing. A lot of artists play the same setlist every show with only minor variations, so I acticely avoid any discussion about setlists because I don't want to ""spoil"" that moment.

Usually, this works great. Unfortunately, in this one case, it made for a worse experience. I knew that AnCo mostly played new stuff, but I hadn't realized it was to this extent because of my refusal to investigate further. ",409
1j4skei,Young people and Janis Joplin,raphaelalexander,1741256978.0,45,https://www.reddit.com/r/LetsTalkMusic/comments/1j4skei/young_people_and_janis_joplin/,"Based purely on anecdotal experience with youngish (<30? Idk) music listeners/enjoyers/nerds...

I think boomers (and I really am talking about baby boomers, more or less) on the out-of-touch side of things would be surprised to hear the following: 

a) Young people appreciate and seek out many of the classic artists from when they came of age. Love it or hate it, we can thank the streaming era for a lot of this. More importantly, however...

b) This does not apply to Janis Joplin. Young audiences just straight up do not care about her. She gets plenty of streams, but there is very little discourse around her. She virtually never comes up in any meaningful way. I've never seen her on a t-shirt, and rarely on a topster. I don't know what to tell you. I mean, plenty of artists lose (and gain) cultural eminemce like this, but this might be more shocking given her status as something of a boomer icon.

Some explanations? I can think of three off the top of my head:

1) Perhaps her early death made the press and tastemakers ascribe greater legendary status to her career than she really deserved. If she were still alive, maybe she'd just be remembered as a psych rocker with a few hits in the late 60s.

2) She encapulates the indulgence of the Summer of Love era that perhaps hasn't aged well. An aesthetic that would soon be lambasted as privileged, phony, ineffective, sheltered, and corporate. I mean, these excesses are part of what punk ended up rebelling against.

3) Maybe this hard, bluesy psychadelic rock simply doesn't attract a large enough audience today in general. You could say the same thing about, say, early Deep Purple and Cream. Maybe not enough mass appeal for the casual listeners, while more adventurous audiences go for more transgressive and niche stuff. Meanwhile, these bluesy psych artists are still there and relatively popular, just nobody's ""thing."" 

But then this raises the question: How did Jimi Hendrix escape this fate? He still maintains an icon status, despite fitting the three above. Is he just that much more interesting and influential than his peers? Let me know what you think, and keep in mind that I'm painting in very broad strokes.",97
1j5r2vi,Most rock music made past 1976 isn’t true”Rock” Music?,HeadZebra274,1741361662.0,0,https://www.reddit.com/r/LetsTalkMusic/comments/1j5r2vi/most_rock_music_made_past_1976_isnt_truerock_music/,"
David Bowie's 1977 album ""Low"" is thought of as an ""intrsumental"" album in the development of both post-rock and post-punk genres, but after reading a review of the album, I wonder if both of those genres might be one in the same in some way. Simon Reynolds spoke of the album's influence on post-punk as such ""I think it's Low's inhibition and repression that Joy Division and others responded to. The fact that the music, while guitar-based and harsh and aggressive, never rocks out. It's imploded aggression."" 

I've noticed when I refer to post-punk / new wave / indie rock acts as just broadly ""Rock music"" some people do not consider it such. It seems like most people do not consider alot of alternative rock music made past 1976 to really be rock music (With the exception of grunge) perhaps due to the loss of the initial blues influence. Does anyone else consider genres like post-punk / shoegaze / emo / indie rock to still essentially be ""rock music""?",27
1j4yqsx,"General Discussion, Suggestion, & List Thread - Week of March 06, 2025",AutoModerator,1741276837.0,6,https://www.reddit.com/r/LetsTalkMusic/comments/1j4yqsx/general_discussion_suggestion_list_thread_week_of/,"Talk about whatever you want here, music related or not! Go ahead and ask for recommendations, make personal list (AOTY, Best [X] Albums of All Time, etc.)

Most of the usual subreddit rules for comments won't be enforced here, apart from two: No self-promotion and Don't be a dick.",14
1j4n131,Would You Consider Frank Zappa a Comedy Artist?,HotAssumption4750,1741234198.0,37,https://www.reddit.com/r/LetsTalkMusic/comments/1j4n131/would_you_consider_frank_zappa_a_comedy_artist/,"So I have been trying to get more into Frank Zappa's discography lately and I noticed that a lot of it could be argued are comedy records. There is a great deal of musicianship and genre exploration that are in it as well but I find that the bulk of his output revolve around absurdist and humorous lyrics on society. To be clear, I enjoy a good amount of his discography( not so much his 80's output). His humor and guitar playing can be pretty engaging. However, I am also wondering if he was perceived in a similar way as say Weird Al where there he could be seen as a comedian just as much as an artist. What are your thoughts?",64
1j4mg59,"Some bands such as Misfits, Oasis, The Smiths, RATM and more have a sound that is distinct and at the same time very recognizable",lagoreis,1741232242.0,20,https://www.reddit.com/r/LetsTalkMusic/comments/1j4mg59/some_bands_such_as_misfits_oasis_the_smiths_ratm/,"Listening to bands such as the ones mentioned above it's clear to notice that they have found their ""sound"" and milked the shit out of it

As a non musician but, nonetheless, a music lover what are the caracteristics that makes for such a landmark sound?

In Rage Against the Machine could we say that Tom Morello solos were one of the key elements?

Or maybe the voice (and accent) of Liam Gallagher in Oasis?

And in the Misfits, wouldn't the crude sound that they produced be similar from other punk/metal bands of their time, but at the same time so unique?

And in the Smiths, would their melancholly be derived from a more deep unreached and universal sorrow?

Let me know what you guys think ",16
1j5fuc9,Opinion on people who listen to soundtracks?,ShocksShocksShocks,1741323742.0,0,https://www.reddit.com/r/LetsTalkMusic/comments/1j5fuc9/opinion_on_people_who_listen_to_soundtracks/,"For years now I've often heard a distaste for soundtrack listeners. Recently somewhere else I saw someone claim that listening to video game soundtracks is ""cringe"" and it should be a hidden interest. I've heard these sentiments from multiple people for years, and this idea of it somehow not being socially acceptable music. What are your thoughts on this? If someone was into soundtracks (games, anime, movies, TV shows, plays, etc), would you see them in a negative light?

Personally I love soundtracks. I think soundtrack composers are really talented, working in many different genres, styles, and emotions, all whilst making sure it fits to whatever is happening on the screen. There's an emotional connection too, listening to music from media that I enjoyed brings up memories.",62
1j4ga1z,Let's talk about the band The Sound,AzoreanFish25,1741214331.0,35,https://www.reddit.com/r/LetsTalkMusic/comments/1j4ga1z/lets_talk_about_the_band_the_sound/,"Pretty self explanatory post.
I absolutely love this band,even owning their two first albums (From The Lions Mouth is amazing).
I never got to them (or any of the other projects Adrian Borland made) since I was born in 2007 and only got introduced to them by my dad.
I just wanted to see the general consensus about them outside the Post-Punk bubble since I never see them talked about in any of the big music subreddits,even though considering I them probably one of best to come out of that time period.",11
1j5fc22,Who would win?,Negative-Prior9376,1741321932.0,0,https://www.reddit.com/r/LetsTalkMusic/comments/1j5fc22/who_would_win/,"Who do you think has had a greater cultural impact: XXXTentacion and Juice WRLD, or Linkin Park? I’m asking this question in terms of a variety of factors that contribute to an artist’s influence, such as total album sales, units sold, and overall success in the music industry. Additionally, I want to take into account their live performance impact, how they shaped or influenced their respective generations, and their overall legacy as cultural icons. These artists have resonated with millions of people worldwide, so it’s important to look at not just their music but how their influence extends to fans, trends, and other aspects of popular culture.

I’m also considering digital impact, which is especially relevant in today’s music industry. How do they perform on platforms like YouTube and Spotify? What about their streaming numbers, music videos, social media presence, and online engagement? These are all key factors in measuring an artist’s cultural relevance in the modern age. Furthermore, what about their crossover into other media, collaborations with other artists, and the long-term influence they’ve had on other musicians or movements within the music industry?

I recently had a conversation—well, it was more of a debate—where the other person argued that XXXTentacion and Juice WRLD had a greater impact in all of these areas. They pointed to their popularity in the 2010s, their massive social media followings, and how both artists were able to influence a generation in ways that felt fresh and groundbreaking. On the other hand, I argued that Linkin Park had a much larger, more lasting cultural impact, especially in terms of how their music influenced multiple generations, how their sound crossed genres, and how their music resonated not just in the U.S. but globally. Linkin Park was not just a band—it was a movement that defined the nu-metal era, helped shape the alternative rock scene, and bridged gaps between rock, hip-hop, and electronic music, among other genres.

However, one thing I want to clarify is that I don’t want the fact that Linkin Park had a longer career to be the deciding factor. For the sake of comparison, let’s assume Linkin Park came onto the scene around 2017, the same time as Juice WRLD and XXXTentacion. Imagine their music, style, and influence in that same environment, with the rise of streaming platforms like Spotify and YouTube dominating the music industry at the time. How would their music and impact fare in an era dominated by digital consumption and social media? I want to know your opinion without factoring in their longer career history but rather focusing on their impact in this specific modern context.

So, when looking at all of these elements—album sales, live performance impact, influence on their generation, digital and streaming numbers, social media presence, and their overall legacy in both music and culture—who do you think made the bigger mark in shaping the music world and beyond? Who had the most significant impact on their fans, the culture at large, and the music industry as a whole, particularly if we place them side by side in a more recent context?",5
1j4ets8,Whatever happened to the ‘supergroup’ project Maximum Hedrum with N.A.S.A’s Sam Siegel?,AndreasDasos,1741210814.0,3,https://www.reddit.com/r/LetsTalkMusic/comments/1j4ets8/whatever_happened_to_the_supergroup_project/,"The rolled out a few songs in 2013 that were used in ads, and a music video that went semi-viral, etc. ‘Robosexual’ and ‘Keep in Touch’ (in collaboration with George Clinton… so these aren’t complete unknowns).

But now I can’t find their music anywhere - only a couple of articles referencing it from that year and a trace of old Spotify and SoundCloud pages that have also been scrubbed. Were they deleted and memory-holed for legal reasons due to the name, or what?",1
1j40x7d,Can you take a break during an album and still be able to fully appreciate it?,JeSuisLePain,1741173984.0,17,https://www.reddit.com/r/LetsTalkMusic/comments/1j40x7d/can_you_take_a_break_during_an_album_and_still_be/,"This is something I go back and forth on. The purist in me thinks that in order to truly absorb an album it must be listened to in one continuous sitting, but lately I've been wondering if it's sometimes okay to listen to an album in pieces. If an album tells a story or otherwise revolves around a concept then I think it definitely warrants commitment (e.g. The Glow Pt. 2), but if an album's more like a miscellaneous collection of songs then it feels to me like less is lost by taking it in pieces (e.g. Never Mind The Bollocks). Where is the line drawn though? There are tons of albums that aren't exactly conceptual, but the flow of the tracks is undeniably integral to the listening experience (Loveless, Madvillainy, Homogenic).

Interested to hear what other people's opinions on this are.",32
1j41cwv,"New music, concerts",richoldhatnewhat,1741175655.0,13,https://www.reddit.com/r/LetsTalkMusic/comments/1j41cwv/new_music_concerts/,"I read with great interest the post recently about people getting older but still having a passion for new music. Since none of my circle of family and friends are like this, I feel like I’m the only one wired like that. I’m 57 and everyone around me listens to classic rock or yacht rock. I get bored of music so quickly and am always looking for something fresh. Sometimes it’s a different genre or sometimes it’s a band. 

I really long to talk about new music I discovered like Truman Sinclair, Mammalarky, Arcy Drive, Riley!…with someone who shares my passion. 

The other struggle I have is that I love to see bands live. I’ve gotten way past going solo, but oftentimes it feels odd to be an old guy in a venue with a bunch of 20somethings. Anyone else do this?",5
1j3tl0c,"Oasis vs. Blur - there is no competition, right? (+ bonus Pete Doherty question)",morbidhack,1741144541.0,43,https://www.reddit.com/r/LetsTalkMusic/comments/1j3tl0c/oasis_vs_blur_there_is_no_competition_right_bonus/,"At age 11, I had my first experience with something in Blur's orbit: Gorillaz. It was their first album, which I got right when it came out. It absolutely blew my mind- I'd never heard such unique and inventive sounds. I guess it's a bit funny that this was my starting point, as Blur would've by then had nearly a decades career- but it wouldn't be for at least another 4-5 years that I'd start to get into them. Around the same time I got into Oasis (15-16).

Around that age (15/16) was when I started to form a very clear musical conscience, and at the time, Oasis' discography was a lot more accessible to my ears. Despite the Gallagher bros larger-than-life personas and antics, all that seemed a bit more put-on than what Blur came with, which was this more natural swagger; a badass, dangerous, edgy, mystique. Which I guess kind of equal frightened but intrigued an impressionable young me. Anyways, it wouldn't be another few years before I'd get more seriously into Blur, but once I did-- and I'm no mega fan by any means--, it became evident, especially as a musician myself, that they (Blur) were in fact significantly more interesting and certainly far more daring with their productions/output.

My title, what with the ""no competition, right?"" question refers to that; the uniqueness, inventiveness, and complexity of compositions, and I wonder, as a non-musical scholar (I'm entirely self-taught) layperson, would I be right in interpreting as such? To my ears, with 20+ years of being a musician (even if self-taught) accrued, Blur is quite objectively the far more interesting band. Of course they don't get by without showing their influences, but this isn't about that.

And my question(s) re: Pete Doherty... he, to my ears, then came along and veered into a different sub-genre of Britrock; some kind of a junkie/hooligan/punk-revival type sound which I \*really\* like the brashness and innocence of. I guess my question is, who were his influences (from Libertines to Babyshambles, and so on), and what are some acts that that sound maybe inspired?

Is the great common denominator among all these aforementioned names The Stone Roses?

Were any of the above influenced by The Smiths? If so, what are some tracks where said influence could plainly be heard?

Oh, and last random question- was Radiohead's rise to fame on another scale altogether, or were they relative commercial recluses at the time, with Oasis maybe dominating? Of course Radiohead would come to be by a landslide the most interesting (and best) band of all the above mentioned. Just curious whether at the time they were completely in their own sphere/lane, entirely unbothered by anytime anyone else was doing, or whether there was some competition? ",99
1j4qesy,Every time I hear about someone selling their entire catalogue…bob dylans sale sounds like an absolute bargain.,100daydream,1741247267.0,0,https://www.reddit.com/r/LetsTalkMusic/comments/1j4qesy/every_time_i_hear_about_someone_selling_their/,"I guess the numbers makes sense but getting the entirety of the most influential artist of all time…bar the Beatles I guess…songs that are so timeless and important that they WILL have there time again and again and again. 

Songs that mean a man who hasn’t been reviewed live well for 30 odd years continues to sell out endless tours…

Songs that are still being covered and hitting all time records [ Adele ] 

Versus…very timed things like Katy perrys music or justin Bieber or …no hate but most of these songs will sold well ten years ago, sell very decently now but are absolutely not gonna stand the test of time…

Katy Perry sold for 250 million…you’re telling me Katy Perrys music is worth half as much as…bob Dylan’s music? Haha 

Justin bieber sold for a similar amount…

So getting Bob Dylan’s catalogue of 55 albums and it’s bob Dylan sounds like a bargain to me. 500 million. 

Any knowledgeable input appreciate, I’m not dieing on this hill, I just keep thinking it every time I hear catalogue being sold.  

Long live music. ",17
1j3u85u,Homogenic vs Vespertine,rena-ryuguu,1741146631.0,15,https://www.reddit.com/r/LetsTalkMusic/comments/1j3u85u/homogenic_vs_vespertine/,"I listen to a lot of Björk but I can't figure out my favorite album. Vespertine and Homogenic are always switching the top 1 place. Vespertine feels more of an early winter feel when the snow is still lightly falling and it's not bitter cold yet, while Homogenic gives off an icy late winter feel leaking into the spring and summer weather. Usually Vespertine takes the cake but I really can't figure it out lately. Homogenic is just so good too. So, which album do you like better and why?",9
1j3i9qa,Why does Manu Chao re-use the same instrumentals on his 2007 album “La Radiolina”,None,1741114240.0,29,https://www.reddit.com/r/LetsTalkMusic/comments/1j3i9qa/why_does_manu_chao_reuse_the_same_instrumentals/,"When i was probably 5 years old, my family went on a roadtrip. This was late 00s, so we didn’t have spotify. The only music we could listen to was whatever CD my dad brought along. Long story short, i heard nothing but La Radiolina for a week straight and i feel in love with the album (and the rest of his music). For that reason i hold that album very close to my heart.

One thing always confused me about the album though. He keeps using the same instrumentals but with diffirent vocals. This happens constantly throughout the album. Does anybody know why he does this?

",11
1j4gcus,Why did the music industry unite against Drake and Ja Rule when they were at the top to try and eliminate them?,foxxgod,1741214515.0,0,https://www.reddit.com/r/LetsTalkMusic/comments/1j4gcus/why_did_the_music_industry_unite_against_drake/,"I saw a video of Ja speaking about the aftermath of the Drake and Kendrick beef. I immediately thought to myself, ""this dude is perhaps the single most qualified person in mankind history to speak on this topic"". I took in every word he said. The Drake elimination plan was already executed to success on Ja. Nothing new under the sun.

As for Drake, we're talking about a guy with 14 consecutive years at or near the top of the rap game. 5/4/2024 is precisely when Drake's historical reign at/near the top ended. Drake's fall from grace looks way worse than Ja Rule's but then again maybe that's just the recency bias talking.",7
1j2u2s1,Why is really 'old' music from the first half of the 1900s not talked about at all while the 60s-90s is still huge?,Commercial_Stuff_654,1741037547.0,198,https://www.reddit.com/r/LetsTalkMusic/comments/1j2u2s1/why_is_really_old_music_from_the_first_half_of/,"like i never ever EVER hear about Billy Murray. I have cool epic neurodivergence so i decided to go down this rabbit hole on my day off and it struck me how we discuss music before the invention of recordings far more than we discuss early recordings of music. Like ive heard the name tchaikovsky a few more times than ive heard the name Billy Murray in my life; i didnt even know Billy Murray existed until recently. But he apparently dominated the decade. Is it due to the *avilability* of the music? Like almost completely? Id imagine in 1905 or the late 1890s or even the 1920s id be harder to buy a physical copy of a record rather than just listen to a cover at a bar or listen to a cover of a piano, (which is my thinking as to why classical is more enduring than early music?)

but even then, 30s-50s music is barely discussed. unless its christmas music, or a few hits here and there. But its over the course of two entire fkn decades. Youd think there'd be more talk of it.

But then we get to Elvis and the Beatles and even today there are forums and disucssions regarding them and even on podcasts or from music critiques its like Beatles this and Beatles that. Which i get. They were revolutionary. But like... THAT revolutionary? To the point where from the mid 1800s to the mid 1900s ALL that shit is ignored by the wider mainstream audience? 

So im just assuming availability but also i guess digestibility? So after that huge shift where music was able to be sent through air people were enjoying that shit far more? Its gotta be a multitude of reasons in my head. Its just a bit unsettling to have such a long era very very rarely discussed by the average modern person

also, i might just be stupid. Let me know :3

asking chatgpt now ",268
1j2r944,Stereolab question,dinosaurposter,1741030519.0,36,https://www.reddit.com/r/LetsTalkMusic/comments/1j2r944/stereolab_question/,"Like how popular was Stereolab in the 90s? I thought they were kind of a big deal because I’ve come across them so many times on the interwebs but maybe there’s just a bunch overlap with my musical taste. I got excited that they were touring near me and was shocked they were playing a small venue. I brought it up to my wife and her sister who are both really into music and they said they had never heard of them. We’re from the US and jn our 30s. 

Edit: The consensus is….not that popular, BUT maybe quite popular in certain circles at different points in the 90s.
I enjoyed reading your comments and hearing about your different takes and experiences in different parts of the US and different parts of the world. Very interesting to me. If you keep replying, I’ll keep reading. Thanks!",51
1j24h6e,Why has indie rock become so much softer and poppy?,ArchaonTheEvergoat,1740957419.0,160,https://www.reddit.com/r/LetsTalkMusic/comments/1j24h6e/why_has_indie_rock_become_so_much_softer_and_poppy/,"In the 80s - 2000s, indie rock was very noticeably rock. You could at least hear guitars in the vast majority of songs, and it could be easily differentiated from the pop acts of the time (often hard to differentiate between indie and more mainstream rock, but at least they both sounded unique.)

In more recent years, a significant portion of indie rock acts really do not sound overly distinguishable from pop. Artists like Sam Fender, Beabadoobee, Phobe Bridgers etc are often perceived as indie rock but show far more similarity to modern pop acts than they do most forms of rock. There's nothing wrong with these artists in general, but why are they all grouped into and indie rock category? In what way are they close to the indie scenes of the 90s? Artists usually seen as pop (like Olivia Rodrigo) often times make music far more rocky than most of these artists songs, so why are they still given this indie rock label? The only reasoning I can think of is that some of them are on indie labels, but like, cmon, just call them indie pop then.",89
1j2lygz,"What Have You Been Listening To? - Week of March 03, 2025",AutoModerator,1741017650.0,6,https://www.reddit.com/r/LetsTalkMusic/comments/1j2lygz/what_have_you_been_listening_to_week_of_march_03/,"Each week a WHYBLT? thread will be posted, where we can talk about what music we’ve been listening to. The recommended format is as follows.

Band/Album Name: A description of the band/album and what you find enjoyable/interesting/terrible/whatever about them/it. Try to really show what they’re about, what their sound is like, what artists they are influenced by/have influenced or some other means of describing their music.

[Artist Name – Song Name](www.youtube.com/watch?v=PxLB70G-tRY) If you’d like to give a short description of the song then feel free

PLEASE INCLUDE YOUTUBE, SOUNDCLOUD, SPOTIFY, ETC LINKS! Recommendations for similar artists are preferable too.

This thread is meant to encourage sharing of music and promote discussion about artists. Any post that just puts up a youtube link or says “I've been listening to Radiohead; they are my favorite band.” will be removed. Make an effort to really talk about what you’ve been listening to. Self-promotion is also not allowed.",9
1j26zm0,"Can we stop romanticizing musicians going back to bad habits just to make ""good music"" like they used to?",PillowDestroyer9000,1740964760.0,74,https://www.reddit.com/r/LetsTalkMusic/comments/1j26zm0/can_we_stop_romanticizing_musicians_going_back_to/,"How many times do I have to defend musicians who are not are their best in the game but otherwise they keep doing music regardless of their reception?

I have seen a dozen users saying that Nine Inch Nails were doing great until Trent got sober. Or Nick Cave lost it's fun after he quit drugs.

The treatment Scott Weiland received in the STP reunion, Jesus Christ. It was like ""you should be happy that he got cleaned."" Instead, I remember reading that STP was better when he was a junkie like WTF!. I mean yes, drugs help creativity a lot, but you seriously want a musician to kill themselves slowly just to deliver good music?

Everyone misses Cobain, Layne, Cornell, Weiland, etc etc but no I heard no one saying ""I wish they could get the help they needed.""

And don't make me start with the Marilyn Manson fans defenders that said that Reznor was full of shit when he accused Manson of being a shitty person for staying in the habits he did in the 90's",59
1j1p2ds,"Are there people here who work 9-5s, have families and children who still discover new music and listen to albums?",ShaiTheWick,1740915823.0,194,https://www.reddit.com/r/LetsTalkMusic/comments/1j1p2ds/are_there_people_here_who_work_95s_have_families/,"Seriously. Where I'm from I barely know anybody over 21 who actively goes out of their way to listen to new music. Interestingly, I do know a lot of 25-27 year olds who have 9-5s and are into gaming a lot. I wanted to know if there were any middle-aged peeps or even people in their 30s who still listen to new music, do deep dives into artists, etc?  
Like say, listened to the latest Gary Clark Jr. album or the new IDLES album etc?  
",251
1j115vi,Where are all the protest songs?,000MIIX,1740840782.0,612,https://www.reddit.com/r/LetsTalkMusic/comments/1j115vi/where_are_all_the_protest_songs/,"I was wondering. In the 60s and seventies there was an insane amount of protest songs, rock n roll and punk went crazy with anti establishment songs and anti war songs. Now that we’re dealing with an even greater division between right and left, and more hate is being spewed to not-like-us’ people, where are the protest pop-punk anti songs? Any advice / leads would be amazing. 

The only one I can think of right now is Bad religion- the kids are alt-right, but that’s already from 2018..",605
1j0xbxl,reading the lyrics without the music in the background,ding000thefly,1740827967.0,17,https://www.reddit.com/r/LetsTalkMusic/comments/1j0xbxl/reading_the_lyrics_without_the_music_in_the/,"Does anyone do this like do people sometimes just read the lyrics of a song without the music playing and just try to analysis the song better because I sometimes do this. For example I was listening quite a bit of sing about me i'm dying of thirst by Kendrick lamar for a long time but it wasn't until recently were I just read the lyrics of the song without the music playing in the background were I got discovered more really poetic bars such as ""And I'm not sure why I'm infatuated with death My imagination is surely an aggravation of threats"" that just slip by me on my first few listens. Keep in my that I have adhd but loves to read  so having distractions in the background can make reading a bit difficult for me but i dunno if other people do this as well or if I have somewhat bad reading comprehension cause I would like to learn more about the song and what the artist  is  trying to say but sometimes lyrics just go over my head on first few listens",8
1j0sv0r,90's + early-2k's UK music scene... help me understand the alchemy.,morbidhack,1740809168.0,21,https://www.reddit.com/r/LetsTalkMusic/comments/1j0sv0r/90s_early2ks_uk_music_scene_help_me_understand/,"The UK has, imo, been THE preeminent force to be reckoned with, musically, going back more than six decades. 

For me, being a kid of the 90's and early-2000's, that era in particular interests me. 

Whether the more mainstream dance or the more 'underground' IDM, drum & bass, etc. electronic stuff, or mainstream or alternative rock, hip hop, or just top-40 pop, and so on, countless acts belonging to all these genres seemed to churning out endless magic. 

From Boards of Canada to Dido to Stereophonics to Radiohead to Tricky to Portis Head to Roots Manuva to Massive Attack to The Verve to Gorillaz to Aphex Twin to London Suede to Mogwai to Blur to  Travis to Robbie Williams to All Saints to Spice Girls ETC ETC ETC ETC ETC ETC and I know I'm missing infinite massive (but also not massive, but yet massively awesome) names... that's kind of my point... even the big studio 'product' artists... and some of the best one-hit wonders of all time. 

It was just all so bloody incredible, man. Sure, we had some great stuff brewing in North America at the time, as did the rest of the world, but come on, there was undeniable something in the water in the UK back then- it felt ALIVE; vibrant and bustling. More than most other places music at the time, the UK stuff simply felt most alive (to me)... 

WHY.",22
1j0uxtv,Doves new album,intensivetreats,1740817749.0,10,https://www.reddit.com/r/LetsTalkMusic/comments/1j0uxtv/doves_new_album/,"https://tidal.com/album/419320205?u

Woke up this Saturday morning after a great nights sleep to be greeted by this! Constellations For The Lonely is Doves’ first release since 2020’s Universal Want which  I had on repeat forever! This band rarely fail to disappoint. Ever since I heard Pounding for the first time back in the 90s I’ve been hooked. Three tracks into this and I’m already sold. Definitely an act to look out for in 2025. 
",3
1j0pr7j,Let’s talk about SNFU the rise of melodic hardcore punk and the struggles for musicians with mental health issues.,black_flag_4ever,1740798265.0,9,https://www.reddit.com/r/LetsTalkMusic/comments/1j0pr7j/lets_talk_about_snfu_the_rise_of_melodic_hardcore/,"All, I have spent most the day listening to SNFU, a Canadian punk band fronted by Ken Chinn (Mr. Chi Pig), which included twin brothers Brent and Marc Belke. For most of its turbulent career. 

This is a band I recall hearing back in their Epitaph Records heyday in the 90s but I didn’t know much about them at the time because in the pre-internet days that’s what it was like. You’d hear a punk band somehow from a friend or a compilation album, or if you went through a cool city you could grab a zine, or a magazine like Spin might randomly write a review, but learning about the people in a band was not that easy. If you got to go to any punk show, that was your best bet for actually learning about them.
Plus, in a world without social media, it wasn’t that important. You learned about their message from the music, the album art and liner notes.

Given this backdrop, SNFU was a band that I heard, but it wasn’t until the streaming era that the significance of this band became clear. This group, RKL, the Descendants (and ALL), Bad Religion and a few other groups  are important in developing melodic hardcore punk/skate punk. NOFX is hands down the most popular band of this genre and Fat Mike via Fat Wreck Chords helped popularize Propaghandi, No Use For A Name, Lagwagon, Strung Out and others. 

If you’ve ever wondered how punk went from the 77 era to the 90s revival it was because of bands like SNFU that bridged the gap in the 80s, an era where punk was in an odd place. It was not trendy or new anymore and bands were changing styles while punk was left to its own devices out of the spotlight. 

SNFU was a part of this era. Their second album, If You Swear, You’ll Catch No Fish, is a snapshot of that time and if you have half an hour, an awesome record. https://youtu.be/vOibV79vltA?si=bITJbwxMrY9jiKg7. It’s a bold, creative statement and a wild ride. Chinn gives the audience the best kind of punk lyrics, poetry with a nihilistic slant that shows you his perspective on things through storytelling and glimpses of his life. It’s not preachy, like some of the more annoying anarcho punk or message heavy hardcore. 

The album I remember most, or to be more accurate the tape I remember was 1995’s The One Voted Most Likely To Succeed. https://youtu.be/vpNva824Cps?si=TyJN2nDwE4Y-b4_9. Which is the kind of music that makes you want to move. My five year old son can’t sit still while I’m writing this. 

And now the tragedy. Despite their contribution to music and Chinn’s ability to write from the heart and intense stage presence, this was a band that never really got the benefit from its pioneering a sound. The curse of originality. Ramones, Motörhead, Screamers, Amebix and Death (both the proto punk and the metal band) are all examples of bands that brought new styles or twists to a genre but other groups that followed were way more successful. They did get to go no some big tours, especially during the hey day of the 90s punk revival, but it’s got to be weird opening for bands that your band inspired.

For SNFU inner turmoil is part of explanation. Their lineup is so complicated it has its own wiki page and Chinn had issues. He was the second youngest of twelve kids and hard childhood. For a time he wound up homeless even after putting out records. He was diagnosed with schizophrenia and other health conditions. Sadly, he died younger than he should have. Which brings up a bigger issue. We all love music, but what about the musicians? It’s a career with highs and lows, a reliable income is hard to figure out and as a society we often drop the ball. In the end, for Chinn, society was no fucking use. It wasn’t just a band name.",3
1j0zylp,What was Johnny Cash's reasoning behind performing at Folsom Prison and other facilities?,Matilda_Mother_67,1740837258.0,0,https://www.reddit.com/r/LetsTalkMusic/comments/1j0zylp/what_was_johnny_cashs_reasoning_behind_performing/,"Much as I like the At Folsom Prison album, I never understood why he would decide to perform at a place like that, where some of the worst of society are put. I understand that not necessarily everyone in the audience was a murderer and such; that there were probably people in there for relatively minor stuff like DUIs. But it stands that that place would've had some pretty nefarious characters there. So why did he go?",21
1izzgh1,Discussion: Disgusting/Gross Music,ShocksShocksShocks,1740716838.0,13,https://www.reddit.com/r/LetsTalkMusic/comments/1izzgh1/discussion_disgustinggross_music/,"Extreme musical fringes don't get enough discussion in this sub, so let's discuss!

Something that I feel a lot of people overlook is disgusting and gross music. There's a lot of music-heads who like to be ""challenged"" by music, and I've seen many people still get weirded out by gross music. A good example of this is Otto Von Schirach, although he tamed down his style over the years, his old material always had gross samples (like making an entire EP out of recordings of vomiting), gross lyrical themes (like beastiality), and so on. He did all of this in a relatively ""high-brow"" genre -- IDM. I remember having discussions many years ago with other IDM fans and the common consensus was ""Otto Von Schirach is just too gross"".

That's just one example, there's countless others, like the entire genres of vomitnoise (frequently samples puke porn) and coprogrind (frequently themed on scat porn), The Gerogerigegege doing an EP of defecation sounds, Hijokaidan's notorious live aktion, GG Allin's stage antics, and so on. This isn't even touching lyrics, and there's plenty of gross-out lyrics in stuff like metal.

So, where do you draw the line when it comes to gross music? Do you enjoy this extreme form of expression? What do you find gross in music (sound sources, lyrics, themes, something else?)?

Personally, I listen to a lot of gross music, I like extreme expressions and extreme content. Though there is a lot of very childish ""gross out"" music, like bands using fart sounds as ""vocals"" (Bum Sick), there's a lot of legitimate artistry in this field.",26
1izj47l,"General Discussion, Suggestion, & List Thread - Week of February 27, 2025",AutoModerator,1740672029.0,11,https://www.reddit.com/r/LetsTalkMusic/comments/1izj47l/general_discussion_suggestion_list_thread_week_of/,"Talk about whatever you want here, music related or not! Go ahead and ask for recommendations, make personal list (AOTY, Best [X] Albums of All Time, etc.)

Most of the usual subreddit rules for comments won't be enforced here, apart from two: No self-promotion and Don't be a dick.",7
1izc1lh,Steven Wilson - Hand.Cannot.Erase [Modern Prog Rock] (2015),Christian-Metal,1740649097.0,14,https://www.reddit.com/r/LetsTalkMusic/comments/1izc1lh/steven_wilson_handcannoterase_modern_prog_rock/,"10th Anniversary of Hand.Cannot.Erase.

Today is the 10th anniversary of this album, released on the 27th February 2015. 

It's hard to believe it is now 10 years. For many who have heard it, it is generally agreed across the board that this album is an absolute master piece. 

So, I thought I would write a post and hopefully introduce some new listeners to the world of H.C.E and even Steven Wilson himself. 

Hand.Cannot.Erase came into being when Wilson watched the documentary *Dreams of a Life* about the disappearance of Joyce Carol Vincent, a popular and well liked young women with a busy social life and loving family and friends in London who seemingly disappeared from the face of the earth. For whatever reason, it appears that *no one* reported her missing or noted that she had otherwise disappeared. Three years later, after local authorities forced entry into her flat, they found her body. Yet in the preceeding three years, seemingly no one raised any concerns and her neighbours were unaware of anything or had cause to raise concern regards her flat. In the 21st century society, how could this actually happen? It's a very haunting and profound case. 

This affected Wilson, to the point whereby he based the album on this idea which served as the central storyline for the album. It's not an album based on an exact  retelling of her story, morever it's a concept album focusing on themes such as isolation and ""how easy it is to go missing in plain sight"". The protagonist in the concept has a similar tale: she appears to have separated herself from friends and family, until she is in total isolation and seemingly of her own choosing, whilst living day to day in the hustle and bustle of the city; surrounded by thousands of people as she goes about her daily life, but absolutely and entirely alone. Her mental state thus fails. The ending for the album leaves her fate as somewhat open ended: does she perish or does she find hope? You may think this is pretty much a forgone conclusion but Wilson really leaves it up to the listener to decide. 

The music and performance itself is absolutely spellbinding throughout. Wilson's lyrics add to this, the album is achingly beautiful, an emotional tour de force. The mix and mastering (all done by SW) are absolutely perfect and on point. It's absolutely hard to single ""highlights"" but if I have to:  Perfect Life is an ambient delight featuring the vocals from the would be protagonist as she remiscses on a past teenage friendship with a girl who came to stay with her family, before she relocated to another home (foster care?). Routine is often regarded as an highly emotional song concerning the loss (death?) of a family and the mother serving and coping with grief. The video is something else, directed by Jess Cope. You can watch that here - it's one of the most moving music videos I have ever seen. Then you have what I consider one of the finest keyboard/guitar solos in Regret #9: Wilson's long serving keyboard player Adam Holzman lats down a superb organ/synth/whatever solo which is then followed immediately by guitarist Guthrie Govan's utterly spellbinding and emotional solo. The two combined makes for a incredibly emotional musical peice itself. You need to hear it. And these are just three small snapshots of makes up an incredibly emotional album. It's a perfect album in absolutely everyway.

The artwork and music films were mainly created by Laisse Hoile (among others) and featured the beautfile Polish model Carrie Grr representing the protoganist. She was also behind the  characters online blog that accompanied the album's release. 

Wikipedia states that it is regarded as a ""masterwork"" among albums, and I have to say that description is absolutely apt. 

If you have yet to have heard this album, I hope this description will encourage you to dive in. If you do already love the album, I'd love to hear your thoughts on this and your memories of when it was released, and the effect it has had one you. ",7
1iz0vr1,"Let's talk: The decline of ""eye dialect"" in lyrics transcription",None,1740610620.0,78,https://www.reddit.com/r/LetsTalkMusic/comments/1iz0vr1/lets_talk_the_decline_of_eye_dialect_in_lyrics/,"I noticed that the practice of transcribing **G-dropping** (""ing"" pronounced as ""in'"") is goin' by the wayside. 

This is a speech habit that, while chiefly southern, is also pretty common in California (""How's it goin'?""), the East Coast, and the UK. It's normal, natural, perhaps somethin' you might not notice unless you're tryin' to listen closely. It's even more common with singin'. 

Look up the lyrics of any pop song, or the title of a pop song where the singer is droppin' the g in the title. There's a silent G there. Billie Eilish sang:

""The internet's gone wild watching movie stars on trial  
While they're overturning Roe v. Wade""

with silent G's. 

Yet Barry Manilow sang ""Tryin' to get the Feeling""

with a nonstandard contraction.

Certain vulgarities are nowadays written with g's that were completely silent to the singer. 

Another thing I noticed is that ""**wanna**"" is increasingly transcribed as ""want to."" It's just how ""want to"" sounds if you use the relatively common speech habit of T-flapping (winner/winter merger) and ""to"" as ""tuh"". 

Perhaps these habits/mergers once associated with the uneducated are now just part of casual or semi-casual, or just conversational, English. And transcribing them is as futile as transcribing ""water"" as ""wader."" ",17
1iz1wby,What genres are influenced by 1960s pop?,chambrayrouge,1740613400.0,21,https://www.reddit.com/r/LetsTalkMusic/comments/1iz1wby/what_genres_are_influenced_by_1960s_pop/,"1970s: Power pop

1980s: Paisley Underground

1990s: Britpop

  
What am I missing?

  
I love the melodic sounds of The Beach Boys, The Ronettes, Curt Boettcher, etc. - sunshine pop, baroque pop, psychedelic pop, whatever. I want to trace the lineage of 1960s pop throughout the years to discover later artists who drew influence from it. Some of my favorite albums ever are influenced by the sounds of that era: *Skylarking* by XTC, *Spilt Milk* by Jellyfish, etc.

  
Help me discover more!",30
1iyzqwa,Will we have a music rating app as big as Letterboxd or Gooodreads?,One-Community7242,1740607652.0,20,https://www.reddit.com/r/LetsTalkMusic/comments/1iyzqwa/will_we_have_a_music_rating_app_as_big_as/,"I’ve been thinking a lot about this lately and wondering why we haven’t had an app as big as Letterboxd. Is it possible? I’m aware we have Discogs, AOTY, RYM and more but what’s holding them back from being as mainstream as a Letterboxd or Goodreads. It also seems like Letterboxd in some ways changed the way people think about movies, could this be the same with music? This might be a dumb question but I would love to hear any opinions on it.",26
1iyn6yj,What do you think this decade's music will be remembered for?,confident-win-119,1740575554.0,69,https://www.reddit.com/r/LetsTalkMusic/comments/1iyn6yj/what_do_you_think_this_decades_music_will_be/,"My observations so far:

 the simple unusual song structure that has no bridge, intro, outro, or third chorus/Breakdown 



Songs that are under 3 minutes long 




80's 90's etc music comeback (think Sabrina Carpenter Chappell Town etc) 




Sampling/interpolating old classics (think Ava Max) 





Heavy heavy autotune and vocoders 




Simple hooks due to TikTok and minimalist production 




 

Excessive cuss words in songs 






Album covers with no text on them







Revival of pop punk due to Olivia Rodrigo and Avril Lavigne MGK etc  



What similarities between today's music do you notice?

I'm studying decades. ",109
1iyljaj,"""Mental health"" rock - targeted manipulation or benign catharsis?",thegreatself,1740569848.0,43,https://www.reddit.com/r/LetsTalkMusic/comments/1iyljaj/mental_health_rock_targeted_manipulation_or/,"For whatever reason only It knows, youtube's algorithm blessed me with a short from a band called [Citizen Soldier](https://www.youtube.com/@CitizenSoldier).

Citizen Soldier seems at first glance like very formulaic radio-friendly rock, but they actually have a gimmick - their entire discography of the same 3 songs 108 different ways is very explicitly about mental health struggles - lyrics deal directly and bluntly with themes like PTSD, abuse, loneliness, anxiety, and suicidal thoughts - and always overcoming these things by the end of the song through inner-strength, struggle, perseverance, and a community - like a group of people at a Citizen Soldier concert.

The band themselves describe their purpose as:

>to fight stigma and provide a ""group therapy dynamic."" - Their Wikipedia Page

Now I'm sure you can tell I'm quite biased and obviously so, and until this point you might be thinking something like

>""So what? What's really so offensive about what they're doing? Seems like a good niche they've identified and made a career in music out of.""

and you wouldn't even be wrong, but something about this band - for example, the multiple youtube shorts of a lone, preening frontman with captions like ""If life sucks rn, I wrote a song for you:😤✊🧠🌪"", ""If no one helped u when you needed it most.. I wrote this for you: 😔✊🧠🌪"", ""POV: Someone hates u but it made u a better person 🖕💓😂"" [and other examples](https://imgur.com/a/83XMlsQ)"" are just hard to relate to and not look away awkwardly from if you aren't 12 years-old. 

Some of you might think I'm being unnecessarily mean, and again, you wouldn't even be wrong - obviously I'm not the target audience. There is a space for this kind of palatable anthemic rock that might actually genuinely help people cope or feel better, and the 'magical' quality of music can't be ignored. You don't 'choose' what songs will give you that tingling all-over feeling that we all search for when listening to music.

So I've concluded I am just a curmudgeon and a generally miserable person - a ""hater"", in the vernacular of the youths - Citizen Soldier is an important band using social media and DIY ethos to say a lot about the same four topics over and over again. It doesn't matter that it's all surface-level, hyper-targeted, kind of consumerist and commodified, neatly-packaged version of music that feels disconnected from any kind of actually meaningful artistic expression.

I'm sorry, I can't help it - my ""being a miserable asshole""-itis is terminal now, and I will surely perish soon, but before I go I would like try to answer the question - does any of this really matter?

Can we even measure authenticity? By what standard?

Because to me Citizen Soldier's music and methods of promoting it reek of ""inauthenticity"" (whatever that is) and of music driven by the need to make a living, not make a statement or any actual true expression of creativity - but again, how do we measure that except by our own intuition, and is there even anything wrong with writing and performing the musical equivalent of a Bell Let's Talk commercial?

I'll cut my rambling off here - what do you think - is Citizen Soldier's music genuine artistic expression or shallow, meaningless marketing?

Or maybe both simultaneously?

I think there's a number of very popular bands that follow this same kind of formula while being not quite as on-the-nose about it - what other examples of ""mental health"" rock (or other genres) do you have?",53
1izhugx,Why did they mention her eye color in Behind These Hazel Eyes?,confident-win-119,1740668784.0,0,https://www.reddit.com/r/LetsTalkMusic/comments/1izhugx/why_did_they_mention_her_eye_color_in_behind/,"I recently found the song again and learnt what it was about. I loved it as a kid but never knew. I found the hook cool as a kid but now I wonder why her eye color is important to the song. Is it for catchiness? Because the title of the song is catchy. I just find it adds no meaning to the song and is distracting from the raw emotion in the other lyrics. Can someone explain this to me? Max Martin probably wrote it so I know that guy knows what he's doing. 


https://youtu.be/yipoOY56MbM?feature=shared 
",13
1iyplaw,"Red Hot Chili Peppers, strictly musically...",yyz89,1740582389.0,18,https://www.reddit.com/r/LetsTalkMusic/comments/1iyplaw/red_hot_chili_peppers_strictly_musically/,"I've been a fan of RHCP for over 20 years, but admittedly never could get into Anthony's lyrics (save maybe a couple of exceptions) and especially his voice- it just never did it for me; always felt like he was faking it and trying too hard... though his vocal inadequacies extend much beyond that, staying on-key/pitch being his biggest issue.

Anyways, with my indifference/dislike for him out of the way (which runs beyond *just* his vocals... I'm sure everyone knows what I'm referencing), I have to say that musically, they really are one of my favourite bands when Frusciante is on board for how unique a direction he can tend to lead them in when he's not doing his more Hendrix-derivative thing. Also, there's a real rawness/innocence to his playing which appeals to me, especially when juxtaposed against more serious/complex musical execution. Being a guitarist myself, I'm constantly exposed to technically perfect players who border on being machines... but after so many years of listening to that kinda' stuff, it's refreshing to visit my old flame, the Peppers, where Frusciante's guitar work has a very vulnerable edge to it. I don't think he's anywhere near the best player when using guitar-centric metrics to judge, but the dude can undeniable write some extremely memorable and unique parts which I really haven't heard many parallels to- and his vocal/harmony work is also excellent, even if backing Kiedies.

I could go on ad nauseam about Frusciante, his solo work as well (which I love just as much), and while he is what makes up the majority of their sound we as listeners know (he is a control freak and leads most of their musical ideas), Chad and Flea's contributions are tantamount. Chad is this hard-hitting primal beast of a drummer, and Flea an eternal student of his instrument(s), their combined groove making for the perfect framework for John to do his thing within, though you'd also be surprised as to how many ""guitar parts"" are actually Flea- I myself am frequently still surprised by this...

As you can probably tell, I'm personally not so much into their earlier funk/rap-driven stuff, it's a bit too high octane for my tastes, but I love just about everything with Frusciante, and really did also enjoy the direction Navarro took them in, as well as the work with Klinghoffer. I actually find the two Klinghoffer albums much more interesting (at times) than the two they've released since John came back on board. People are also quick to forget that there was probably nobody else on earth as tailor-made to fit the gig as Klinghoffer, seeing as he was John's close musical collaborator on countless of his (John's) solo projects, and not to mention he (Josh) played live with the Peppers as an extra guitarist + keys on much of the Stadium Arcadium tour.

Anyways, just was curious this subs thoughts on them purely as a musical entity, not factoring in Anthony's vocals, which I really feel do them a disservice. To me, they have an incredibly unique and refreshing sound, but I'm also admittedly biased, with their sounds being deeply nostalgic for me. 

I think Alice in Chains, for example, had a vastly superior singer, and Jerry Cantrell is a much more polished player, and while I absolutely adore their music, I don't think it was so incredibly unique (talking just music, not counting Layne's vocals, which were an absolute FORCE, and imo what made them, them). Similarly, any of Chris Cornell's projects/bands- that guy is my all-time favourite rock vocalist, Kiedis at his ""best"" wasn't even a dingleberry on Chris' derriere, but the Chili's music was imo much more interesting than the stuff Chris was apart of. ",97
1izhi11,Do you guys ever thought that the first wave of pop music was probably considered avant-garde?,Affectionate-Exit48,1740667859.0,0,https://www.reddit.com/r/LetsTalkMusic/comments/1izhi11/do_you_guys_ever_thought_that_the_first_wave_of/,"If avant-garde is a genre that leads the field of Innovation and pushing boundaries, then that would mean that art before didn't follow a formula and was created for art instead of to sell.   
Now with the new found of Pop music's accessibility and easy formula, would that mean we'd consider pop music as avant-garde? or just a washed out--less ambitious classical jazz music? It's the same with minimalism -- It was considered an art movement back then. It was kinda punk in a way to reject traditional beauty in favor of finding beauty in plain canvases. Now that Minimalism is the norm, being ecletic, weird, and eccentric again is considered ""Avant-garde"".",21
1iz70oq,Another Stone Temple Pilots Thread. LOL. Thoughts in 2025.,None,1740628821.0,0,https://www.reddit.com/r/LetsTalkMusic/comments/1iz70oq/another_stone_temple_pilots_thread_lol_thoughts/,"What even is Grunge?

STP is a good band with a bad start.

STP then took a turn for the better with *Purple, Tiny Music, No. 4.,* *Shangi-LA DEE DA*

STP then had some troubles, then their music fell off.

So in conclusion they came in on the nose of Grunge. This led to a coat-tail sentiment from critics and purists; of which they never really recovered.  (even though their late-80s demo was already like Core) Link to interview by Rick Beato that talks about this: [https://www.youtube.com/watch?v=0\_pdW5IyRQ0](https://www.youtube.com/watch?v=0_pdW5IyRQ0)

Now people like them or hate them. I like them, but I want to see what fellow Redditors in 2025 think.

Robert is a talented bass player.

R.I.P. Scott, Fly High, Fly High. You were such a great voice.



",27
1ixxpr5,Any dead/dying/very unpopular electronic music genres?,1221just_adam,1740497542.0,74,https://www.reddit.com/r/LetsTalkMusic/comments/1ixxpr5/any_deaddyingvery_unpopular_electronic_music/,"Hello,
i'm currently searching for some very unpopular (or not popular anymore) genres of electronic music. Subgenres (microsubgenres too) incl.

Quick definition of what i marked ""dead"", ""dying"" and ""very unpopular"":

By dead i mean that nobody(or very, very few artists) is making tracks of this genre anymore. As example Chicago hard house.

By dying i mean that the amount of people listening and producing it is decreasing more and more. As example big room house or hardbass (subgenre of pumping house, tracks of which once had hundreds of thousands views/listens on platforms and now many of them barely get more than 3-5 thousands)

And by ""unpopular"" i just mean something currently unpopular :p. Just some music that hasnt got many (or had them earlier but not anymore ) listeners, but their amount isnt really decreasing nor increasing. As example, Detroit techno, speed garage (not bassline) or a recent experimental genre called Gribbleschnift (tracks of which are often described by their community as ""two or more tracks playing simultaneously"")

And just in case, forgive me my english.",175
1iy8uhi,Is SoundCloud better than Spotify when it comes to more obscure genres?,SeaConstruction4067,1740525177.0,9,https://www.reddit.com/r/LetsTalkMusic/comments/1iy8uhi/is_soundcloud_better_than_spotify_when_it_comes/,"I'm slowly starting to get into more obscure genres such as vaporwave/synthwave, ambient/atmospheric music, drone music, and other similar genres. While Spotify has a decent amount of artists under these genres, I'm starting to see a pattern. I'll see a long vaporwave playlist on YouTube, find an artist I like, only to see they're not on Spotify. I've been told SoundCloud is better place to look for these genres.



Last time I had a SoundCloud account was back when I was in 5th grade, I'm 20 now. I remember being disappointed when I used SoundCloud due to the lack of songs compared to YouTube and Spotify. I didn't even know it was still around until someone told. Has it changed since? Do any of you use SoundCloud. ",10
1iy5tvn,Could an artist be successful today without the use of social media?,cofi52,1740517547.0,12,https://www.reddit.com/r/LetsTalkMusic/comments/1iy5tvn/could_an_artist_be_successful_today_without_the/,"Nowadays, social media is a huge part of promoting music, and many musicians wouldn't be where they are without it. But could someone be successful without using it today?

If a band only released their music through streaming services, CDs, and vinyl and only released videos through DVDs, could they be successful?

They probably wouldn't have as much reach and even if they were a great band, their fanbase would grow really slow. Just some food for thought that I thought was interesting to think about

edit: I know success is a broad spectrum but as a reference point, be able to be a small band at a festival or something. This is just a simple food for thought thing don't take it too seriously ",18
1iy2rte,Let’s talk: Copenhagen music scene,Historical_Piglet,1740509979.0,11,https://www.reddit.com/r/LetsTalkMusic/comments/1iy2rte/lets_talk_copenhagen_music_scene/,"Artists such as ML Buch, Fine, (the band Fine is in “The Crying Nudes”), Astrid Sonne, Erika de Casier. Are these catered to American indie audiences? How would you characterize their music? To me, these artists are masters at creating layered dreamy atmospheres and they all dabble in general dream pop/experimental sounds that may very well becoming the “underground Copenhagen sound.” What do you think of these artists and are there any other Copenhagen artists/close collaborators to check out?",9
1ix8wva,"Why did The Cure never shed the alternative label despite massive commercial success while U2 is considered ""dad rock""?",Current_Strength_949,1740421220.0,269,https://www.reddit.com/r/LetsTalkMusic/comments/1ix8wva/why_did_the_cure_never_shed_the_alternative_label/,"I'm not the best at getting my words out so bear with me.

The Cure is one of the biggest bands of the 80s with millions of records sold and hundreds of millions of streams on streaming services. They have at least 5-6 songs that everyone knows. Your friend who only listens to the top 40 probably knows and loves Just Like Heaven. Despite this, they still have this alternative label attached to them that I don't see happening with U2. I know U2 sold a lot more records than The Cure, but in the grand scheme of things, they're both massively mainstream bands that emerged from the same music scene.

Gen Z loves The Cure. They, along with bands like The Smiths, and Joy Division, are part of the type of bands that you get ""alternative/indie cred"" for liking. Even with Friday I'm in Love having 830 million streams on Spotify I don't think I've ever noticed a disdain for the ""mainstreamness"" of The Cure, and I don't hear anyone say they sold out with the song. Hell, the single has a 4.01 rating on Rate Your Music, which is *notorious* for being insanely pretentious and hipsterish. This is an incredibly bubblegum pop lovesong that even your grandma knows.

Now, I'm not the biggest fan of U2 and I'll admit Bono's personality is probably a huge reason why U2 is not...well-liked, but objectively speaking, what is the difference between both bands' successes? The Cure can sell out MSG 3 nights in a row, have 17 million monthly listeners, have several songs that everybody knows, be part of mainstream culture (Robert Smith's appearance), and *still* be considered alternative while U2 is insultingly relegated to dad rock status. What gives?",469
1ixwtin,"""I giardini di marzo"" di Lucio Battisti: interpretazione personale",rbblhc,1740495240.0,3,https://www.reddit.com/r/LetsTalkMusic/comments/1ixwtin/i_giardini_di_marzo_di_lucio_battisti/,"Questa è la mia interpretazione di I giardini di marzo, una canzone che considero fantastica e che, a mio avviso, cela un significato più profondo di quanto si possa facilmente intuire.

**L'infanzia segnata dalla povertà e dal dolore**

*""Il carretto passava e quell'uomo gridava, 'Gelati'*""

Questa immagine ci riporta all'infanzia del protagonista. Un ricordo semplice, quasi nostalgico, che apre il brano con un tono malinconico.

*""Al ventuno del mese i nostri soldi erano già finiti""*

La famiglia del protagonista vive in difficoltà economiche. Il bambino si accorge della precarietà in casa e ne soffre. Crescere in un ambiente difficile lascia inevitabilmente un segno.

*""Io pensavo a mia madre e rivedevo i suoi vestiti*  
*Il più bello era nero, coi fiori non ancora appassiti""*

Qui emerge un dolore più profondo: la madre non c'è più. Il vestito nero è un chiaro riferimento al lutto, mentre i fiori ""non ancora appassiti"" suggeriscono che la sua perdita è recente. Il protagonista è ancora un bambino, ma già costretto a confrontarsi con la morte.

*""All'uscita di scuola i ragazzi vendevano i libri*  
*Io restavo a guardarli cercando il coraggio per imitarli*  
*Poi sconfitto tornavo a giocar con la mente e i suoi tarli""*

La timidezza e l'insicurezza lo frenano. Non riesce a fare nemmeno ciò che fanno gli altri ragazzi, e questo lo porta a chiudersi sempre più nei suoi pensieri, tormentato da problemi interiori.

*""E la sera al telefono tu mi chiedevi, 'Perché non parli?'""*

Crescendo, porta con sé le sue fragilità. Anche nel rapporto con la sua ragazza emerge il peso del passato: è introverso, a volte si blocca, forse nemmeno lui sa spiegare il motivo del suo silenzio.

**L'amore come rifugio**

*""Che anno è, che giorno è?*  
*Ma con te il tempo non conta*  
*Questo è il tempo di vivere con te""*

Qui il tono cambia: l’amore diventa un'ancora di salvezza. Con lei il tempo perde importanza, perché finalmente trova un senso di pace e appartenenza.

*""Le mie mani, come vedi, non tremano più""*

Lei lo fa sentire al sicuro, come se finalmente avesse trovato un equilibrio che gli era sempre mancato.

*""E ho nell'anima*  
*In fondo all'anima*  
*Cieli immensi e immenso amore*  
*E poi ancora, ancora amore, amor per te""*

L’amore lo riempie, lo fa sentire vivo, felice come non lo era mai stato.

*""Fiumi azzurri e colline e praterie*  
*Dove corrono dolcissime le mie malinconie*  
*L'universo trova spazio dentro me""*

Questa felicità è così grande da trasformare persino la sua malinconia in qualcosa di dolce, accettabile. Con lei si sente completo.

*""Ma il coraggio di vivere, quello, ancora non c'è""*

Nonostante tutto, nel profondo resta una fragilità. L'amore gli dà momenti di sollievo, ma non ha ancora trovato una vera forza interiore per affrontare la vita.

**La perdita e la disperazione**

*""I giardini di marzo si vestono di nuovi colori*  
*E le giovani donne in quel mese vivono nuovi amori""*

La primavera simboleggia il cambiamento, la rinascita. Ma per lui non è una rinascita felice: la sua amata ha trovato un altro amore.

*""Camminavi al mio fianco e ad un tratto dicesti, 'Tu muori'""*

Un colpo al cuore. Lei lo lascia e per lui è come una condanna a morte. Il dolore è insopportabile.

""Se mi aiuti son certa che io ne verrò fuori""

Lei sembra voler attenuare il colpo, quasi giustificarsi, ma in realtà non gli offre alcuna vera spiegazione.

*""Ma non una parola chiarì i miei pensieri*  
*Continuai a camminare lasciandoti attrice di ieri""*

Il senso di smarrimento è totale. Non riesce a comprendere, come spesso accade quando si viene lasciati. Eppure, non può accettarlo, non può lasciarla andare.

**Il finale**

*""Che anno è, che giorno è?*  
*Questo è il tempo di vivere con te*  
*Le mie mani, come vedi, non tremano più""*

Le stesse parole del ritornello precedente, ma ora assumono un significato diverso. Questa volta non c'è più speranza, solo un'illusione.

*""E ho nell'anima*  
*In fondo all'anima*  
*Cieli immensi, e immenso amore*  
*E poi ancora, ancora amore, amor per te""*

L’amore è rimasto, ma ormai è solo un ricordo.

*""Fiumi azzurri e colline e praterie*  
*Dove corrono dolcissime le mie malinconie*  
*L'universo trova spazio dentro me""*

Rimane il dolore, una malinconia profonda che lo avvolge.

*""Ma il coraggio di vivere, quello, ancora non c'è""*

Questa frase, ripetuta, ora assume un peso definitivo. Non è più solo un’insicurezza: è una resa. La canzone racconta il dolore della perdita, ma forse anche qualcosa di più tragico. Il protagonista potrebbe aver scelto di non andare avanti.

**Conclusione**

""I giardini di marzo"" è un viaggio emotivo intenso, che parte dall'infanzia segnata dal dolore e dalla povertà, trova un rifugio nell’amore, e infine precipita nella disperazione più profonda. È la storia di una persona che ha sempre lottato con se stessa, cercando nell’amore una salvezza che, alla fine, gli viene strappata via.

Lucio Battisti e Mogol hanno scritto un testo che può essere letto su più livelli, e questa è solo una possibile interpretazione. Forse non si tratta di un suicidio vero e proprio, ma di una morte interiore, una perdita totale del senso della vita. In ogni caso, resta una canzone struggente, capace di toccare corde profonde nell’animo di chiunque l’ascolti.",14
1ix7mzz,Let’s Talk: Roberta Flack R.I.P.,wildistherewind,1740418226.0,69,https://www.reddit.com/r/LetsTalkMusic/comments/1ix7mzz/lets_talk_roberta_flack_rip/,"Sad news today that Roberta Flack passed away. She has always been an artist whose skill went way beyond her hit singles. “Killing Me Softly With His Song” is a great song of course, but it doesn’t completely cover Flack’s raw talent as a singer and if that’s the only song you know her for, you are missing out on a lot of great music.

Her first album, *First Take*, is incredible and was recorded in a mind-boggling ten hours. It’s best known for her cover of “The First Time Ever I Saw Your Face” that is transformed in her hands. The album also features a cover of Leonard Cohen’s “Hey, That’s No Way To Say Goodbye” and a version of “Compared To What” that appeared on Les McCann’s 1966 album *Les McCann Plays The Hits* but became a revolutionary grenade when it was played Montreux the same year *First Take* was released (Les McCann helped Flack get a recording deal after seeing her perform in Washington D.C. and she also appeared on his 1970 album *Comment*).

Roberta Flack & Donny Hathaway recorded two collaborative albums and are best known for the fairly tame AOR ballad “Where Is The Love” (a top 10 single) but that single belies how good the 1972 album *Roberta Flack & Donny Hathaway* really is. “You’ve Got A Friend” appeared on Donny Hathaway’s essential 1972 live album *Live* and it reappears as a duet here, recorded around the same period. The album cut “Be Real Black For Me” is more than just a great sample to a great song, it’s exceptional in its own right.

Flack stayed relatively successful in the 80s, but it was on the back of quiet storm ballads that didn’t truly showcase her talent (“Tonight, I Celebrate My Love” in 1983, “Set The Night To Music” in 1991). Because of this, I think it’s easy to overlook just how great she was at the start of her career, how her music was intense and expressive.

Any thoughts on Roberta Flack, her music, and her career in the rearview mirror?",22
1iy1ha0,So I just heard the song No scrub by TLC. I heard it many times before since a child (born in 1999). But this time something just clicked.,Ok_Beautiful9580,1740506839.0,0,https://www.reddit.com/r/LetsTalkMusic/comments/1iy1ha0/so_i_just_heard_the_song_no_scrub_by_tlc_i_heard/,"So I just heard the song No scrub by TLC. I heard it many times of course. But this time something just clicked.

So the song states 
“If you have a shorty that you don't show love
Oh yes son, I'm talking to you”

So basically she’s saying she will talk to somebody man knowing he got a girl. Nobody called her a hoe once. 

Can I get opinions on this?

Personally in today’s day and age atleast it’s considered a BIG NO to talk to someone else’s man with those intentions. 

It says “that you don’t show love” so if he doesn’t show love to his shorty she’s talking to him? I don’t know I thought I heard “have shorty that don’t show love”. Which would make more sense. Like okay he’s being unloved in this relationship. But him not loving his girl she wants him?😂 I don’t know man. I guess I’m also confused there.

I get the song is old so. Way people talk was probably different then, I was just a newborn the year it came out. My opinion of course it’s wrong no matter what.

I just have to know others thoughts on this. If you feel comfortable enough could you share your age and gender when commenting your opinion. Example: I’m 25F",14
1ix5f7l,"What Have You Been Listening To? - Week of February 24, 2025",AutoModerator,1740412844.0,8,https://www.reddit.com/r/LetsTalkMusic/comments/1ix5f7l/what_have_you_been_listening_to_week_of_february/,"Each week a WHYBLT? thread will be posted, where we can talk about what music we’ve been listening to. The recommended format is as follows.

Band/Album Name: A description of the band/album and what you find enjoyable/interesting/terrible/whatever about them/it. Try to really show what they’re about, what their sound is like, what artists they are influenced by/have influenced or some other means of describing their music.

[Artist Name – Song Name](www.youtube.com/watch?v=PxLB70G-tRY) If you’d like to give a short description of the song then feel free

PLEASE INCLUDE YOUTUBE, SOUNDCLOUD, SPOTIFY, ETC LINKS! Recommendations for similar artists are preferable too.

This thread is meant to encourage sharing of music and promote discussion about artists. Any post that just puts up a youtube link or says “I've been listening to Radiohead; they are my favorite band.” will be removed. Make an effort to really talk about what you’ve been listening to. Self-promotion is also not allowed.",17
1ix6ggr,How do you guys engage in friendly music competitions online?,tawhidul10,1740415392.0,3,https://www.reddit.com/r/LetsTalkMusic/comments/1ix6ggr/how_do_you_guys_engage_in_friendly_music/,"I have been jamming with my friends virtually, and we've been experimenting with ways to make our sessions more competitive and fun.  
  
 For example, we've tried setting challenges like 'best 60-second riff' or 'most creative remix.' These mini competitions have been a great way to keep things fresh and engaging, especially since we are all in different time zones and can't always meet in person.

I am curious to hear how others approach friendly music battles or competitions online. What methods or formats have you tried? For instance:

Do you use specific platforms or apps to host these competitions?

How do you structure the rules or scoring system to keep things fair and fun?

Have you tried themed challenges (e.g., '80s synthwave only' or 'acoustic covers only')?

What worked well, and what didn't?

In my experience, setting a time limit (like 60 seconds) has been helpful to keep things concise, but I'd love to hear other creative approaches. Let's share ideas and experiences to make virtual music challenges even more exciting.",3
1iwawdx,Opinions on the legacy of The Sex Pistols.,PeteNile,1740319629.0,36,https://www.reddit.com/r/LetsTalkMusic/comments/1iwawdx/opinions_on_the_legacy_of_the_sex_pistols/,"Hi all. I was watching a YouTube documentary on Johnny Rotten and while scrolling through the comments and it was interesting the amount of strongly negative or positive comments that where left both about Johnny but also The Sex Pistols and their music.

I know that many people think of them as being the pioneers of punk, despite the existence of The Ramones and others. Conversely, other people see them as a manufacturered band that basically came about thanks to Malcolm Mclaren. McLaren also has stated that he orgistrated they career and I believe tried to retain rights to their brand. Many people (myself included) would also argue that most of the punk bands around at that time and shortly after were in fact superior to the sex pistols in every way. 

What's your opinion on The Sex Pistols and their single album Never Mind the Bullocks? Are they really worthy of so much praise?",120
1iwaj5v,Discogs vs Rate Your Music (RYM),dj_james98,1740318524.0,7,https://www.reddit.com/r/LetsTalkMusic/comments/1iwaj5v/discogs_vs_rate_your_music_rym/,"Both were launched in 2000

Both have a large catalog of music releases

Both have different ways for discovering music

If you had to pick the best music database overall for music discovery, learning info about a release, music ratings, adding/sorting your collection, etc. which one would it be and why? What are the pros and cons for each?

Btw, I personally use Discogs and not RYM; but I like some features on RYM as well.  ",39
1iv99kb,Let’s Talk: Q Lazzarus,wildistherewind,1740194250.0,54,https://www.reddit.com/r/LetsTalkMusic/comments/1iv99kb/lets_talk_q_lazzarus/,"I’ve been waiting for months for the release of the new retrospective *Goodbye Horses: The Many Lives Of Q Lazzarus* which came out today. It’s being released in conjunction with a documentary about Q Lazzarus.

For those who aren’t familiar with this artist, there is a reason: she released virtually no music. “Goodbye Horses” appeared in the movie *Silence Of The Lambs* and has built her a cult following. It was released as a single in 1991 and no other releases followed, Q Lazzarus disappeared from the music industry.

This new compilation collects music from what might have been a thrilling career. Record labels passed on her music because they didn’t know how to market her. The music industry of the late 80s and early 90s was still very conservative in many ways and there was no radio format to accommodate a Black woman making art rock. Though there are sonic signifiers that place the music on this release to that era, her approach and her vocals feel detached from the era, reaching back to gospel and blues music.

One of the early highlights of the album is her cover of “Heaven” by Talking Heads that appeared in the movie *Philadelphia*, but not on the movie’s soundtrack. The full version on this compilation is better than I could have imagined. “Goodbye Horses” appears in an alternate mix, luckily the more familiar version is a click away on another release. I was surprised by some of the NY house-centric songs on this album. It’s a curve ball but she makes it work.

I like thinking about “what if”s in music and Q Lazzarus has always been a huge “what if”. In another timeline she would be a major influential artist but in this timeline she was basically a ghost until now. Maybe this is where her music gets to influence new listeners?",12
1ivb6id,What even is phychedelic music?,Expensive-Box8916,1740200793.0,22,https://www.reddit.com/r/LetsTalkMusic/comments/1ivb6id/what_even_is_phychedelic_music/,"The only explanation I’ve found is that it’s inspired by the feeling of being under the influence of psychedelic drugs. The only problem is, I’ve never taken psychedelic drugs and don’t intend to, so how tf am I supposed to identify music that’s inspired by it? Like, is there a specific sound or production technique that characterizes it? I feel like I see it listed as a genre of some of the most random things, and I hope someone can help me identify some kind of reason. ",81
1iucvsj,Aerosmith being remembered for their 90's output instead of their 70's material is a tragedy I can't conceive,PillowDestroyer9000,1740094628.0,362,https://www.reddit.com/r/LetsTalkMusic/comments/1iucvsj/aerosmith_being_remembered_for_their_90s_output/,"I'm not the biggest Aerosmith fan, but I'm not that dumb to realize their 70's albums were more authentic that their plastic hard rock they made in the 90's.

It's a shame that they decided to change the dynamics and employ professional songwriters (the most anti-rock approach ever done) to help them writing. 

What was that bad about ""Done with Mirrors"" that were forced to changed their minds? I know the record label had some influence in their decision, but it's like the OG Aerosmith sound it's not there. Chiquita, Make it, Sweet emotion, all those songs have their signature sound. But as soon as they released Permanent Vacation is like they become full Bon Jovi just to appeal the chicks.  
  
They went for the same shitty decision as my favorite band which is Genesis. Everyone knows the story behind ""Follow You, Follow Me"". The members were annoyed of having men in their concerts so they attempted a love song to reach the female audience and when they knew it was working they left behind their prog rock roots for the rest of the 80's. 

Even today I can't stand ""Get a Grip."" I don't know what's so special about that album that makes it as great as Rocks or Toys in the Attic. For me that album it's all about the ballads rather than the punch in the stomach songs they were known in the early 70's.

Even professional reviews agree that their last albums sucked from Nine Lives onwards. Maybe Aerosmith ended up having a poser fanbase rather the authentic metalheads of the 70's?. It's admirable that they went relevant after a decade, that's for sure, but 90's Aerosmith is basically the band praying to stay relevant in the radio anyhow.",130
1iu8kad,What Do You Think About 'The Low End Theory' by A Tribe Called Quest?,SandmanAlcatraz,1740083532.0,42,https://www.reddit.com/r/LetsTalkMusic/comments/1iu8kad/what_do_you_think_about_the_low_end_theory_by_a/,"Released in 1991, *The Low End Theory* was praised for its innovative blend of hip hop and jazz, as well as the lyrical chemistry between Q-Tip and Phife Dawg. The album even features legendary bassist Ron Carter, who had previously played with jazz greats like Miles Davis.

Ranking albums is often seen as a fool's errand as any list will be formed by subjective taste. However, Rolling Stone magazine ranks *The Low End Theory* as #43 on their list of the 500 Greatest Albums of All-Time. Given the inherently flawed, subjective nature of this ranking, what do you think? Is #43 for *The Low End Theory* too high, too low, or just right?",43
1iuii9e,Let’s talk about John Lennon’s Milk and Honey album,Dismal_Brush5229,1740112306.0,8,https://www.reddit.com/r/LetsTalkMusic/comments/1iuii9e/lets_talk_about_john_lennons_milk_and_honey_album/,"Hello all 

I’m here to discuss Milk and Honey by John Lennon 

So I don’t see very much of people’s opinions on Milk and Honey which I can understand because it’s a posthumous album that sounds unfinished also Yoko is on it but Milk and Honey is a good record by any means 

Sure it’s not a great record like Double Fantasy but it’s still a heart play album with rocking John tunes and sure Yoko’s tracks aren’t the best cuts but they’re still good songs on par with her Double Fantasy tracks. The band is still great playing with John especially on Stepping Out,Nobody Told Me, and I Don’t Wanna Face It where it’s sounds like they’re having fun in the studio.

The centerpieces of Milk and Honey are Let Me Count the Ways and Grow Old with Me where it’s just John and Yoko on piano just telling each other that they love each other based around a Elizabeth and Robert Browning poem 

So now I want to ask what’s your take on Milk and Honey?",5
1iu11e6,"What's ""good taste"" when it comes to music?",AbroadAmbitious9372,1740065177.0,71,https://www.reddit.com/r/LetsTalkMusic/comments/1iu11e6/whats_good_taste_when_it_comes_to_music/,"I used air quotes because I think this is solely subjective, and I can't see it the other way.

Just had a heated conversation with my roommate about this. He's from Cali and I'm from ATL, he's trying to make a statement that Kendrick objectively makes better music than some people I like... I love Trap music, my favorite artists are people like Carti, Future, Gunna, Lucki, etc.. I've always gotten shit from people around me for having bad music taste. People say that I am immature for still listening to music like this at the age of 25. 

So I have been lowkey embarrassed about what I listen to. I try to branch out, yes, I do like other music. I enjoy Lana del ray, Japanese city pop, country, even some jazz. However, other genres just don't hit me as hard as Trap rap. 

I think music is about the emotions it brings you. I am not trying to analyze every word that the artist says and connect it to some deeper meaning in life. I appreciate different creative deliveries and the minimalist aspects of Trap music. 

So let's discuss, what do you think? ",141
1iu7ts4,How To Discuss Music With New People?,ShocksShocksShocks,1740081720.0,4,https://www.reddit.com/r/LetsTalkMusic/comments/1iu7ts4/how_to_discuss_music_with_new_people/,"First, let me say that I'm **not** a musical novice. I've been a musician since I was a kid (almost 30 now), have over 1000 items in my record collection, have written hundreds of music reviews, have a degree in music theory, work as a composer, and listen to more genres and artists than I can count. I'm very much into music, always have been, but yet I struggle greatly in trying to discuss music with new people.

I am easily able to discuss music and articulate my ideas and what makes a piece of music ""good"" to me in stuff like reviews and conversations with friends, but I've always had the issue of clamming up when it comes to new people and strangers. When asked about what kind of music I like, I always go blank and end up giving that all so infamous ""some of everything"" reply. I feel like my actual answer would just be way too long-winded for a casual small-talk conversation, and I don't know how to really share music that I like, or ask the right questions about the music tastes of others.

When you're sharing and learning about music tastes, how do you go about it? What kinds of questions do you typically ask, how do you answer? What about ""controversial""/""offensive"" music, how does one go about handling that sort of thing (especially in a work setting)? What are some real world examples you have of this, discussing music with new people?

Sorry if this is a weird set of questions, but I'm autistic and really struggle with social stuff, I'm trying to work on it though so I can better communicate with other people.",22
1ity7ud,Where do you find context for your music?,GloomyFollowing5180,1740057310.0,4,https://www.reddit.com/r/LetsTalkMusic/comments/1ity7ud/where_do_you_find_context_for_your_music/,"I am looking to find out what people use to find context around an album, song or artist.

My only example of this so far (and hesne why I am interested to find out more) is because by chance I saw a video on the context behind Tyler The Creator's ‘IGOR’ before I had ever heard it and so istened, and with the understanding of its intention, I enjoyed and appreciated it so much more. - Granted it is a good album IMO whether you know the context or not but yh.

I feel like my other music could benefit however, so would be gracious to hear what others do to find context/ find out more about a song, album, aritist or genre?!",10
1iu1umw,"General Discussion, Suggestion, & List Thread - Week of February 20, 2025",AutoModerator,1740067231.0,4,https://www.reddit.com/r/LetsTalkMusic/comments/1iu1umw/general_discussion_suggestion_list_thread_week_of/,"Talk about whatever you want here, music related or not! Go ahead and ask for recommendations, make personal list (AOTY, Best [X] Albums of All Time, etc.)

Most of the usual subreddit rules for comments won't be enforced here, apart from two: No self-promotion and Don't be a dick.",5
1iu1odg,Let's Talk Music - (L)MIRL by Deftones,VerySmolCheese,1740066804.0,2,https://www.reddit.com/r/LetsTalkMusic/comments/1iu1odg/lets_talk_music_lmirl_by_deftones/,"[(L)MIRL - Deftones](https://www.youtube.com/watch?v=wMYjyA4fLrg)

One of my favorite Deftones songs (And one that seems overlooked.) It's off of their 2016 record ""Gore."" It sounds very uneasy and haunting. I've always loved this song. It's both eerie and beautiful. I cant comprehend why the Deftones fanbase hates on it so much. It's probably the best off of Gore.

The title is most likely means ""Let's Meet In Real Life."" The lyrics have multiple references to suicidal ideation, hatred for former romantic partners, as well as themes of grief (most likely about the band's deceased bassist, Chi Cheng)

I'm interested in how everyone on this subreddit feels about this song. Like I mentioned earlier, the song seems to have a very negative view. I personally couldn't disagree more. I find the song extremely haunting. It sounds uneasy, and the lyrics stick with me every time I hear them. I like the variety of sounds that can be heard on the song. It's ambient, it's heavy, and it's beautiful.",1
1itogbj,"As someone who never listens to the genre that much, I never thought a country song would make me cry",Matilda_Mother_67,1740020458.0,22,https://www.reddit.com/r/LetsTalkMusic/comments/1itogbj/as_someone_who_never_listens_to_the_genre_that/,"But I also kind of liked the song, weirdly enough. 

I was on the way home and flipping through XM stations when I came across a country channel that was playing a song called ""Forever and Ever, Amen"" by Randy Travis. And my firs thought was that I only remember his name because my grandma liked him and had a few records of his. But I hadn't really ever listened to him. I caught the last minute or so of the song and jotted it down. And when I got home, I decided to give it a full listen. 

And I'll admit I was impressed by it. I listened to it a few times in a row, even. But at some point, as I was doing other stuff, my depression started to creep up on me and the weight I normally deal with came back. And in particular I felt an overwhelming sense of loneliness and, even though I found this song beautiful, I kept thinking how, because of my life situation, I'll never get the chance to sing this to a girl because I just won't find anyone willing to be with me, even if I could sing my heart out. And this stream of thoughts caused me to put my head in my hands and start crying like Matthew McConaughey in Dallas Buyers Club. 

I admit upon writing this that this may be off track/off topic for this sub, talking about depression. But all I'll say is that I do genuinely think the song is very good and I probably will look into more songs by him. He has a great baritone voice that really just ""sounds country"".",22
1itcdl0,Why isnt there anything else like Since I Left You by The Avalanches?,tilliie,1739989034.0,75,https://www.reddit.com/r/LetsTalkMusic/comments/1itcdl0/why_isnt_there_anything_else_like_since_i_left/,"ive been getting into plunderphonics alot recently its a rlly interesting and unique art form and my love for it started with this album but since listening to this album ive been trying to find stuff like it and i just. cant!! all the plunderphonics stuff i find is either too ambient (sound collage, vaporwave, some of the earlier plunderphonics stuff) or too hyper and irony poisoned (mash up and pisscore type stuff) and i dont know if im just not looking in the right place or what im looking for is actually alot more specific than i think, but at least to me it feels like an album that is so widely successful and as good as it is shouldve at least had like. a few bad copycats or something but i cant find anything like it anywhere!! why does it feel like no one has tried to do something like it since?? (other than the avalanches themselves but even they have moved away from only using samples)

i get that sample clearances make it tough to get your music on places where people can actually see it but even then is there really nothing??

if this doesnt fit the subreddit or if i am just wrong and there is stuff like it or whatever i can delete the post but i just want to know your thoughts because, at least to me, its kinda surprising the album didnt like. start something yk like people talk about this album in extremely high regard (which it definitely deserves) but i feel like it would be something that inspires alot more people to make things like it (speaking as someone who has been inspired by it jfksjdjs) ",64
1itkqru,How to properly consume music?,GloomyFollowing5180,1740009719.0,18,https://www.reddit.com/r/LetsTalkMusic/comments/1itkqru/how_to_properly_consume_music/,"I recently have wiped both my spotify and apple music listening taste history, bought an ipod, and hugley upgraded my home sound system all for the urpose of more intentionally listening to music - however want to gather opinions from 'audiophiles' and those who are not on how best to 'properly listen' to music, whether that be only the albums you like within you collection over and over, or by finding new albums online (i listen by album not song normally).

I want to make my music more tangible so have been thinking of having a 'listening journal' however I am intrested in how others listen with intention and how new music can still be found among listening to the same albums you like.

Also how does one create a playlist if they only listen to albums of many different generes, just know the music? ",47
1it2619,Yankee Hotel Foxtrot by Wilco feels a bit underwhelming.,Brinocte,1739959900.0,33,https://www.reddit.com/r/LetsTalkMusic/comments/1it2619/yankee_hotel_foxtrot_by_wilco_feels_a_bit/,"I was recommended this album, stating that it was a masterpiece and an equally important album for Wilco. Admittely, I know nothing about Wilco or their story but I just wanted to listen to the album based on its own merits. I am always keen to explore something new that I haven't heard of yet with a seemingly large history attached to it.

Despite really enjoying a wide variety of music and appreciating even more obtuse and unapproachable stuff, *Yankee Hotel Foxtrot* just felt entirely flat and drab. My first listen was pretty rough and I wanted the album to end. Since then, I listened to it several times as there are many elements present which I would usually enjoy. The instrumentation seems very deliberate with interesting arrangements and I get a feeling that this could potentially be a grower.

Yet, I couldn't help but to feel very bored most of the time. I feel there are a lot of cool ideas thrown into this pot. There is a sort of slacker atmosphere that is very well channeled with the vocals. Still, it's just a bit to monotonous and most of the tracks here feel uninspired and unfinished. Some really feel like they overstay there welcome.

I think that *I am Trying to Break* is a really great track. Especially with the percussion and some of the quirky elements such as the dissonant piano. The outro is a bit long but I generally enjoy the vocal delivery here as well. Probably my favorite on this album and I had it on repeat for quite a while.

Heavy Metal Drummer is also really good as it really shakes up the otherwise repetitive tempo that seems prominent in most songs. It's got some nice and carefree lyrics and an easy going vibe. I like the electronic elements. *I'm the Man Who Loves* has a great chorus and I love the brass instrumentation.

Otherwise there isn't much that stuck with me. Even if some tracks are inherently more ambiant in nature, they just particularly conjure any feelings up, they feel forced at best. There are some neat details in the tracks but they are simply not engaging enough to feel particularly invested in.

The album just drags on and feels underwhelming, it might even feel a bit pretentious to me at times but it's difficult to discern without knowing the artist.

I was a bit surprised by the high reviews of this album and how important it was. I think the cover art is so cool and evocative which is a shame because the content itself does ring a bell for me.",136
1isv35l,Let’s Talk: Electricity and how it affects the broader concept of “dynamics.”,None,1739933531.0,7,https://www.reddit.com/r/LetsTalkMusic/comments/1isv35l/lets_talk_electricity_and_how_it_affects_the/,"Perhaps the ultimate contribution that electrical engineering brought to music is the line. The line takes what would otherwise spread throughout the environment and puts it in a channel. Instead of all instruments in the room needing to share acoustic space, each can have its own line out, or perhaps several, which can be mixed separately. Essentially, volume is no longer a pure matter of intensity of muscle movement, nor of the limitations of acoustics.

A single guitarist with a loud amp could now overpower a stadium full of drums and horns. And those horns on a recording can be turned down relative to a quiet Rhodes keyboard.

I often think about the fact that when playing an acoustic instrument, there is little separation of the concepts of velocity (how hard you physically play a note), amplitude (how loud the note is, in absolute dBA SPL at a given distance), dynamics (how loud the note is, relative to other notes), and brightness (the overtone content of different dynamics). 

I thought about this when I was playing on my grandma’s piano and was told to “play softer.” Notice that it wasn’t “quieter…” because to play quietly at all, you can’t just turn down the volume. You have to adjust your muscle movements, depressing the keys more slowly. This not only requires a bit of practice (especially considering it is harder to play quickly or with a firm rhythm), but completely alters the *tone* of the instrument, resulting in less “ting.” 

Compare this to a keyboard or a MIDI controller, where you could (if you want to) set the velocity sensitivity flat and vary loudness through other means – you could use an expression pedal, a knob or fader to adjust relative loudness, or the volume control on your output to reduce absolute loudness. You could even set up a soft synth so pressing the keys softly results in a louder AND brighter sound. Serum will let you do this. 

And then there’s compression… a boon or a bane?

Solid bodied instruments have enabled more of a disconnect as well, since some effects (like distortion) also technically compress the dynamics a lot, and (contrary to popular belief) you don’t have to rock out loud, even if you rock hard. The instruments on their own (especially basses) are pretty quiet. It’s almost like how walking 4mph on a house with floorboards sounds like stomping, while doing so in a slab house produces very little extra noise. You could get away with a little extra aggression without the neighbors knowing. 

Of course, the listener can also adjust the volume up or down. Recordings aren’t even generally meant to be literal records of live performances. They have long been their own media, which may or may not have one or more performances used in their production, released in a way where you control the volume. 

Would you say that electricity has completely upended the more orthodox understanding of dynamics as a natural, absolute property pertinent to an absolute volume produced by instruments in a room, correlated with both motion and tone? ",7
1isjuyy,Thoughts on Dire Straits' debut Album?,TheUn-Nottened,1739903655.0,22,https://www.reddit.com/r/LetsTalkMusic/comments/1isjuyy/thoughts_on_dire_straits_debut_album/,"I listened to it yesterday. Here are some thoughts:

* The first half is astronomically mid, but the last 5 songs are genuinely amazing. I was really dissapointed with the album when i was listening to it, but then i hit Southbound Again. Every song after Southbound again is amazing. The first few songs arent offensively bad, but they aren't very special.
* This album is groovy as hell. Mark Knopfler is a master of making catchy and danceable rhythms.
* The solos are great. More praise to mark Knopfler.
* Sultans of Swing is clearly the standout song, but I loved Wild West End.",37
1is5q86,Natalie Merchant,bigtownhero,1739857804.0,75,https://www.reddit.com/r/LetsTalkMusic/comments/1is5q86/natalie_merchant/,"Took some time today to just relax and listen to some music that I grew up listening to as a child.

The theme for today happened to become 90s female bands/singers. Shout-out  to Shawn Colvin and her breakthrough album (at the age of forty no less) ""A Few Small Repairs"" by the way. Sunny came home is dark af lol.

Anyway, 10,000 maniacs comes on, and whenever I hear Natalie Merchant, it's going to be a while before I change from anything else. 

I realized her catalog is ridiculously impressive from her work with 10,000 maniacs and then as a solo act.

Her MTV unplugged album is one of the best (imo), and that's saying a lot considering my favorite genre is grunge and well... check out what some grunge bands did on mtv unplugged. 

The song because the night from that album (originally the boss) is taken to new heights with the arrangements and Natalie's rich and powerful voice. Trouble me is also really well done live on this album. I mean, the whole album is just great.

Her debut album as a solo act was Tigerlily, which is probably my favorite album she's on. Carnival (Aileen Wuornos serial killer's favorite song fun fact) Wonder and Jealousy were all singles that charted.

She just has so many hits in the 80s and 90s and has a very unique voice and is a great songwriter. 

I'd have to say she's probably my favorite female vocalist and songwriter overall. Florence would be a close second, maybe 1a, 1b. 

It's also worth mentioning that she has some pretty cool, high content music videos like kind and generous and wonder. ",38
1is4rx2,"What makes a city a ""music city""?",None,1739854370.0,47,https://www.reddit.com/r/LetsTalkMusic/comments/1is4rx2/what_makes_a_city_a_music_city/,"Every city appreciates music but not every city has a society built on the creating, performing, recording, and distributing of music. 

I visited my hometown in South Florida, north of Miami, and I'm impressed how limited a lot of the folks here are. It's definitely a place with interesting people but idk, they all just seen kind of sheltered. 

The nightlife exists but it's very mundane and stale. I would even argue that here in Florida, little old St Augustine has been a cooler city to perform than some of the southern cities. 

In Canada, many of those landlocked cities are quite plain jane. However, cities like Toronto, Vancouver, and even Montreal on the St Lawrence river, have a keen appreciation for music. 

In Germany, Berlin and Hamburg are well known for being fabulous music cities with cool venues and strong recording studios. 

We can even see this in the ancient world honestly; the city of Alexandria was a major music capital in the ancient Greek world. 

Bruges, Ghent, Antwerp, etc... were major music cities in the early renaissance. 

So how does this all happen? What makes a music city a music city?",36
1isah4f,kendrick lamar’s DAMN album,AdHefty1884,1739877729.0,13,https://www.reddit.com/r/LetsTalkMusic/comments/1isah4f/kendrick_lamars_damn_album/,"alright so. i'm a 20 college girly (about to be 21) and i have a brother who's like 13 years older than me, and ever since i was little, i always got my music taste from him right. (he listens to all the legends from james brown, mj, prince, to mase, tupac, DMX, B.I.G, etc)

i remember when i was little, he played one of the songs off of GKMC (i wanna say it was poetic justice but it was so long ago). and then i do remember when DAMN came out in 2017, but i was in 7th grade without the mental capacity that i have now at 20. and i've always listened to kendrick but it was more so just his more popular songs (like singles).

in going back and actually sitting down and listening to GKMC and DAMN...i am blown away. like actually.
i also just finished reading the two album theory on the kendrick lamar subreddit that was posted about 7 yrs ago.

got blown away some more.

listening to it forward tells one story, and then the collectors edition in reverse tells a completely different one?!?!

this man has God given talent to be able to tell stories like this through music. i just really wish that i was this age when his past albums dropped, because my mind and my thinking has developed so much obviously as you get older and go through some things in life.

but YO.

i see why that album got a Pulitzer Prize like this shi is ART.

i will be thinking about this in class later.

thank you for coming to my TED talk😌
(also tell me if yall agree with the two album in one theory!!)",16
1iseg2u,How to avoid hearing fatigue with repetitive music?,Benjilator,1739890431.0,2,https://www.reddit.com/r/LetsTalkMusic/comments/1iseg2u/how_to_avoid_hearing_fatigue_with_repetitive_music/,"I have a large collection of music with very few repetitive elements (Hitech, Psycore, Experimental) and usually create my own mixes to avoid repetition even further, due to this I’ve gotten even more sensitive to hearing fatigue than I already was before. 

Since I have to be very evolved with the scene around this music and not many similar genres or DJs go for this, hearing fatigue becomes a serious issue. 

At some events there wasn’t much change in bass and rhythm for hours on end, leading to horrible discomfort. 

Earplugs aren’t an option most of the time as they will leave you with the repetitive drums.  
Going for a walk helps but if the temperature is below freezing point being outside will drain a lot of energy, which is precious considering these events last until late in the morning.  
Taking place in industrial areas or far outside town, there’s no public spaces to warm up besides the club. 

Is there anything one can do to help with hearing fatigue? It sets in after an hour or two, I become emotionless, it’s difficult to think straight and my body is heavy and tired. ",11
1is3n3l,Living Colour - Leave It Alone | What's the consensus on the meaning of this song?,Its_Me_SpecialK,1739850630.0,6,https://www.reddit.com/r/LetsTalkMusic/comments/1is3n3l/living_colour_leave_it_alone_whats_the_consensus/,"I’m curious how others interpret this song. I read it as a critique of individuals who share oppressive ideologies but distance themselves from being labeled by the groups they align with, using this separation to feel better about their misguided opinions and behavior, all while claiming they’re “not like them.”

But, a black and white reading of the lyrics could allow the listener to read it as a statement on individualism, emphasizing the choice not to conform to any group or ideology unless one genuinely wants to, rejecting the pressure to belong.

What’s interesting is Corey Glover said during an interview that the inspiration of the song was “The same sort of issue where, I don't belong and will never belong. I am my own person. I'm only part of a group because I chose to. I don't automatically follow the trend, I don't follow the crowd. That's what that was about.”

But that seems rather shallow and out of step with Living Colour’s frequent critiques of social and inequality issues. 

I’m curious to hear others opinions! 

Lyrics below:

We must never take these words too seriously.  
Words are very important but then if we take them too seriously.  
We destroy every thing...

I'm not one of those joiners.  
I'm not down with the club.  
There's no place I'm going to.  
You see, it's the hole I dug. 

I just leave it alone.  
I just leave it alone.  
I just leave it alone. 

I'm not down with this one.  
Their motives are much too severe.  
And that one, they're much too serious.  
I don't plan to make this a career. 

I just leave it alone.  
I just leave it alone.  
I just leave it alone.  

We're always talking about peace.  
But it's pieces that we find.  
What's with all this tension?  
What is on your mind? 

Why are we always talking about peace?  
But it's pieces that we find.  
Tell me what's with all this tension.  
Tell me what is on your mind.  

I wouldn't get into that one.  
Naw, don't go for all their hype.  
And you know I'll never be like that one.  
Come on, I'm just not the type. 

Well I gotta leave it alone.  
Just gotta leave it alone.  
Gonna just leave it alone.  
Just gotta leave it alone.  

No, no, no.  

Leave it alone.  
Leave it alone.  
Leave it alone.",2
1irn5ii,"What Have You Been Listening To? - Week of February 17, 2025",AutoModerator,1739808043.0,8,https://www.reddit.com/r/LetsTalkMusic/comments/1irn5ii/what_have_you_been_listening_to_week_of_february/,"Each week a WHYBLT? thread will be posted, where we can talk about what music we’ve been listening to. The recommended format is as follows.

Band/Album Name: A description of the band/album and what you find enjoyable/interesting/terrible/whatever about them/it. Try to really show what they’re about, what their sound is like, what artists they are influenced by/have influenced or some other means of describing their music.

[Artist Name – Song Name](www.youtube.com/watch?v=PxLB70G-tRY) If you’d like to give a short description of the song then feel free

PLEASE INCLUDE YOUTUBE, SOUNDCLOUD, SPOTIFY, ETC LINKS! Recommendations for similar artists are preferable too.

This thread is meant to encourage sharing of music and promote discussion about artists. Any post that just puts up a youtube link or says “I've been listening to Radiohead; they are my favorite band.” will be removed. Make an effort to really talk about what you’ve been listening to. Self-promotion is also not allowed.",27
1iqr6t4,When did 'selling out' stop being a thing artists were accused of?,HandwrittenHysteria,1739708910.0,663,https://www.reddit.com/r/LetsTalkMusic/comments/1iqr6t4/when_did_selling_out_stop_being_a_thing_artists/,"The 'sell out' accusation predominantly seemed to be unique to the punk movement. I'm old enough to remember Henry Rollins getting flack in the 90s for advertising Gap (a brand he wore), John Lydon getting flack for a butter advert (even though it bankrolled a PiL tour), and Green Day for moving toward a more mainstream sound in the 2000s.

My reason for asking is I just drove past an advertisement for 'The Stormzy' - a McDonald's meal consisting of  9 Chicken McNuggets, crispy Fries, Sprite Zero, and an Oreo McFlurry - and it was just about the lamest fucking thing I've ever seen an artist do.",352
1ir9md7,Mid 60’s to early 70’s - The Golden Age Of Creativity.,dnbtim,1739760019.0,25,https://www.reddit.com/r/LetsTalkMusic/comments/1ir9md7/mid_60s_to_early_70s_the_golden_age_of_creativity/,"About a year ago, I was feeling pretty bored with music, but discovering the 1001 Album Generator completely reignited my love for music. It pushed me to explore different eras I had never spent much time with before. Diving into ’60s psychedelic music opened up an entire world I wasn’t even aware of, which then led me to baroque pop, prog rock, folk, and beyond.

One thing that really stood out to me was how much music was being released back then. Artists were putting out full length albums twice in the same year, and most of them were solid from start to finish. But moving into the ’70s, the release cycles slowed down, with artists taking a couple of years between albums, and that’s also where consistency started to slip.

It makes me wonder, what was it about that era that fueled such nonstop creativity?",50
1is49m2,Blonde at 5 on Apple Music’s Top 100 is ridiculous right?,Shintavios_Dingle24,1739852619.0,0,https://www.reddit.com/r/LetsTalkMusic/comments/1is49m2/blonde_at_5_on_apple_musics_top_100_is_ridiculous/,"I took a look at Apples Top 100 albums after seeing AM was on it through Apple Music (fantastic album I might add) and this whole list just seems crazy to me. I should say I’m not a really big like music bro in general, and I do understand that music is subjective.But I feel like this album just didn’t deserve the top 5 spot. I mean it beat out GKMC,Illmatic,The Chronic,Ready to Die,and All Eyez on Me which were all on the same list. Just seemed like such an odd pick for number 5. And I’m mostly a hip hop listener but I’m sure there’s tons of other genre albums that could’ve been at number 5 as well. This just seemed crazy to me I was curious on what the consensus was about it ",11
1iqytmf,How did your taste change throughout the years?,WoodpeckerNo1,1739730516.0,22,https://www.reddit.com/r/LetsTalkMusic/comments/1iqytmf/how_did_your_taste_change_throughout_the_years/,"As a kid, I never really intentionally listened to music, it was more of a thing I just happened to hear in passing at random (like when I played games I heard the soundtrack, when my parents had the radio on I heard music coming from there, etc), though I did always like the soundtracks from the games I played and I also thought the O-Zone song was a banger, lol.

When I got somewhat older I also heard random j-pop and j-rock songs (typically anime OPs and EDs) and old vgm reused in flash games I played online, which likely planted a seed for what followed.

Somewhere in the early 2010s when I was in my early 10s I started consciously seeking out music, and I ended up getting massively into EDM. Big room house, brostep, complextro, festival progressive house, etc, huge fan. I also started making my own EDM type stuff around that time (though that still hasn't really gone anywhere).

2014 was a watershed moment for me for better or worse; it's when I learned about and joined RYM. At first I mostly tried to use it to find new EDM, though that didn't really work out all that well at the time. I got curious about the stuff they rate on highly there (Radiohead, Neutral Milk Hotel, John Coltrane, Bob Dylan, Pink Floyd, etc), though that sort of music isn't my thing. 

Sadly though, I got into this phase where I was convinced by RYM users that there's objectively good and bad music, so I got swept up in the whole RYM drone thing where I only listened to stuff RYM rates highly, as I was convinced that there was something wrong with the EDM I listened to. This went on for years, and it both broadened my musical knowledge tremendously (went all over the place, from IDM to vaporwave to free jazz to afrobeat and beyond) and also killed off a lot of my enjoyment.

Nowadays I don't follow the aforementioned mindset any longer since I found it out it's bs, but I'm still waiting for the spark to reignite again like it did before. On good days though I'm still very much into what initially got me into music; j-pop, j-rock, soundtracks from games and anime, and some EDM too (though I do strongly prefer the early 2010s stuff over anything else). I also enjoy some metal nowadays (probably my late dad's influence as he always loved heavy music), though I'm very picky and don't typically go for whole albums.

So yeah, I guess I basically went on a very long and elaborate journey only to arrive back home again at the end, lol. And now I'd like to stay and not stray off too far anymore for the most part..

And what about you?",30
1iqj7b5,Let's Talk about Vanishing Point by Primal Scream,ADiscipleOfYeezus,1739676612.0,17,https://www.reddit.com/r/LetsTalkMusic/comments/1iqj7b5/lets_talk_about_vanishing_point_by_primal_scream/,"Primal Scream's 1997 [Vanishing Point](https://youtu.be/PmEwQUvNo-A?si=hn_43mB6Wz51Gm3u), inspired by the 1971 countercultural biker film [Vanishing Point](https://en.wikipedia.org/wiki/Vanishing_Point_(1971_film)), has been finding itself in my rotation more often in the last year. I truly don't think I've heard an album like it before — dub basslines and production meet loud, danceable drums while Bobbie Gillespie puts on career-best vocal performances. Songs like ""[Burning Wheel](https://youtu.be/PmEwQUvNo-A?si=hn_43mB6Wz51Gm3u)"" take surprising left turns while paranoia and anxiety hang suspended in the air. An ode to liberation (""[Star](https://youtu.be/JuO0ROdX9es?si=A1EjnnRlt4NKS1Uu)"") contrasts with the bleakness of ""[Out of This Void](https://youtu.be/mQRA31OentA?si=1xu9EsPD30LtJbcS)"" and the hopelessness of ""[Medication](https://youtu.be/EcidHtH8QZE?si=UzB0-W8YCG4mCcTE).""

Most surprising for me is the final song, ""[Long Life](https://youtu.be/qPjhdMeAQg8?si=KPr68NEjRJ2u7cK_)."" Spoiler alert: in the film, the anti-hero biker we follow, rather than surrendering to the police forces that are hot on his tail, [elects to run directly into their barricade and dies](https://youtu.be/H8n7mCSLfxQ?si=B0l-HKVhMm8x_a04). Yet, the Primal Scream rendition is a celebration of life, albeit a haunting one. Gillespie reassures us over and over how good it is to be alive and feel the softness of human connection. How should we read this contradiction? Maybe it's a wishful dream for the protagonist, or a plea for us to not meet the same untimely fate, or just a meditation on life in general. Regardless, the whole album really deserves more discussion in music circles.

What are your thoughts on Vanishing Point? Have you given it a listen?",12
1iqqq0t,Good Luck Babe by Chappell Roan is the Greatest Song Ever Created,MaleficentActive4168,1739707093.0,0,https://www.reddit.com/r/LetsTalkMusic/comments/1iqqq0t/good_luck_babe_by_chappell_roan_is_the_greatest/,"I can honestly tell you that I have never in my life enjoyed listening to any song more then Good Luck Babe by Chappell Roan. I could go on about how perfect the lyrics and melodic choices are but for me it's all about the super powerful way she says ""stop"" in the first half of each chorus, the subtle vibrato in her falsettos, and the gasps in between her lyrics in the chorus make me feel like I'm hyperventilating. Every time I listen to that song I feel like I'm listening to the greatest top tire vocal performance captured on a recording. It's tastfully over the top in the most perfect way possible. Dan who produced this record really captured lightning in a bottle and poured it into this song.",43
1iqmldb,Do people still make alternative/indie music?,Zealousideal_Sky4896,1739689183.0,0,https://www.reddit.com/r/LetsTalkMusic/comments/1iqmldb/do_people_still_make_alternativeindie_music/,I checked the Grammy’s list of best alternative music album winners and noticed that most of the nominees are artists who broke into the scene from the 90s to the early 2010’s. Ido if it is more difficult now to get signed as alternative artist or the meaning of what ‘alternative’ is supposed to mean has changed over the years but it does seem that most new artists are fairly mainstream. Do you have any thoughts on this?,18
1iphtdc,The scope and legacy of Pino Palladino’s influence in the 80s and fretless bass,waxmuseums,1739558989.0,21,https://www.reddit.com/r/LetsTalkMusic/comments/1iphtdc/the_scope_and_legacy_of_pino_palladinos_influence/,"There's a particular type of sophistipop-adjacent pop-rock that was very chic on adult contemporary radio and VH1 maybe 35-40 years ago where Pino Palladino's bass is possibly the finest ingredient one could include in achieving the sound, in a similar way to what Michael McDonald's background vocals were to that realm of music a few years prior. With Michael McDonald, his presence is generally something people are aware of, and they know him by name, they know what he looks like, they can do an impression. 


But the truth you find out when you read enough credits on dollar bin albums is that Michael McDonald wasn’t the only one doing Michael McDonald vocals. Apparently there was such demand for that kind of background vocal - a lower register with a rich timbre, contrary to the higher-pitched Beach-Boys-influenced style of harmony vocals that were the standard earlier - that session musicians could get a good amount of work essentially doing a McDonald impression. Steve George and Richard Page of Pages/Mr. Mister are probably credited with the most of these, (and these are in fact the background vocals on ""Heart To Heart"" by Kenny Loggins rather than MM himself,) though they aren't the only ones. McDonald’s vocals carried prestige, having the gold seal of Steely Dan and seeming like a magical elixir for chart success and sales during the Carter administration, but also probably helped to redefine the sound and arrangements of AOR into something richer and smoother than what it had been earlier in the 70s. 


So likewise, I wonder if there was consciousness of a ""Pino Palladino sound"" back in the 80s and early 90s that other musicians tried to do when they couldn't get Pino in for a session? To be sure, he did a lot of session work just like Michael McDonald had done, and I often hear bass sounds in that era that seem as if they are trying to get his tone or have a fretless sound, even if they generally couldn't come close to his sense and feel. And you can name other bassists who were his contemporaries using fretless bass or having a similar musicality: Eberhard Weber, Mick Karn, Mark Egan, of course Sting… I’m sure looking at art rock or jazz fusion there are plenty more examples similar in this or that way, and sophistipop bassists occasionally did upright bass when they weren’t doing the Mark E King kinda shredding slappy stuff, so I’m not saying Pino Palladino invented fretless bass or melodic basslines or bass chords or anything like that. But he was clearly a definitive bassist of the era (and of course he still is,) and I feel like his work and influence in that era is actually a bit underappreciated simply because, A: he has remained relevant and continued to be an inventive player, and B: people don’t respect slick AC as much as they respect some of the genres he became more associated with since the 80s. I hear echoes of his 80s playing and sound maybe as late as 94, and I think it was certainly still very influential in 91/92. 


So, what was the deal with Pino Palladino and his influence from the 80s through the early 90s? Who else was playing fretless and writing basslines with similar components to his style and sound? How do you even describe his bass-playing? In that weirdly sultry era of AC with fabulous fancy workstation/wavetable synths and angsty middle-aged singers that seemed like they wanted to express being horny in some complicated way, were there any other bassists doing something different that worked so well in the arrangement to evoke whatever that mood was? And when did the influence of that particular stage of his playing end?


Some definitive examples of his 80s work:

[Paul Young – Every Time You Go Away](https://youtu.be/nfk6sCzRTbM?si=q0u60OUcmXJ0chU4)

[Don Henley – Sunset Grill](https://youtu.be/JRIKNINTFls?si=0hMgU8TQsHQWCoLU)

[Oleta Adams – Get Here](https://youtu.be/YYNOViWScsw?si=KQRd19uFE00UC4L-)

[Chris de Burgh – Lady In Red](https://youtu.be/T9Jcs45GhxU?si=dVQvqVnuKYXaGXwE)

[Gary Numan – Music For Chameleons](https://youtu.be/9ICfktt7Ugc?si=dcCWq9HXlMa2_rNQ)

[Go West – Call Me](https://youtu.be/utBrIVhXLJM?si=KdlHZA9YRvXGHy1A)

[Elton John – The One](https://youtu.be/85B_REWeNcM?si=sTk0vRsvuwWJHdsG)

[Phil Collins – I Wish It Would Rain Down](https://youtu.be/YcY3FH208l8?si=YKsBbjDfn-9S6VfJ)
",9
1ipgelx,LetsTalk: The notion that music education is supposed to be an objective arbiter of musicality,None,1739555422.0,25,https://www.reddit.com/r/LetsTalkMusic/comments/1ipgelx/letstalk_the_notion_that_music_education_is/,"You'll often see...

\- a perceived lack of quality in mainstream music 

\- a perceived lack of work ethic in electronic musicians who automate any aspect of the creative process

\- a perceived abundance of what people may believe to be unoriginality or even unethical plagiarism

\- a preference for ""ugly"" sounds

... attributed to a lack of music education. 

Some also attribute their preference for more ""orthodox"" artists to their music education. 

Clearly, the notion is that elementary school music class, band class, orchestra, or choir is supposed to set people straight on what is and isn't musical. Perhaps playing the violin by classical rules has such a huge learning curve that you may grow to resent musicians who think are getting too much recognition for too little effort – the ""work ethic gambit"". Perhaps knowing that more people can pick up block chords on the piano than complex Beethoven music makes you resent the ""mediocre"" keyboardists in pop. 

Or perhaps some people think the fact that California State Law likely stamped and sealed many particulars for music makes their preferences more objective.

Yet many of the concepts familiar to K-12 education are thrown out in more niche classes in college. Take a production class that focuses on Logic Pro, and you'll spend more time in the piano roll than you ever would in the score editor. You'll also use a ton of loops, both loops you made and loops Apple made. 

***I also personally do not understand why a ""good education"" is supposed to make you enjoy certain stimuli less.*** I also don't get why being a ""trained"" person shall force you to focus on certain aspects (melody, tuning, live performance, etc.) over others (sound design, using automation to your advantage, being able to entertain a crowd, etc.). ",72
1ioyrh9,Female folk revival artists are criminally overlooked,rosswylde,1739495190.0,65,https://www.reddit.com/r/LetsTalkMusic/comments/1ioyrh9/female_folk_revival_artists_are_criminally/,"I recently met this lady named Ellen Stekert by chance. She is a veteran of the 1950s folk revival scene and knew Bob Dylan, Dave Van Ronk, etc. She released a few albums in the 1950s then became an academic.

I’ve had the pleasure of working with her to digitize and release home recordings she’s made from the 1950s-70s.

Talking with her and learning about the rich, undeniable, yet under-appreciated contributions of female folksingers and folklorists have both interested and saddened me.  

The main players were Ellen Stekert, Jean Ritchie, Elizabeth Cotten, Karen Dalton, and Connie Converse (though she didn’t get much attention in her day). If anyone can think of any others, please let me know.

Jean Ritchie composed the melody to Dylan's
""Masters of War"" (uncredited, as Dylan does). Ellen Stekert collected a vast amount of folk songs from rural America and brought them to the hands of Pete Seeger, Dylan, etc. Connie Converse was a brilliant singer-songwriter who preceded Dylan by a decade.

Queer artists are a whole other topic. Ellen herself is gay, and her good friend, Paul Clayton (another unknown artist who literally composed the melody of “Don’t Think Twice”) was queer as well. Ellen believes that the folk scene attracted people who considered themselves outcasts, which is interesting to consider, especially when reconciling this fact with the reality that the people who became famous were largely straight men (Pete Seeger, Woodie Guthrie, Simon & Garfunkel, Bob Dylan). Judy Collins and Joan Baez are exceptions. 

I think this is just the reality of 1950s and 60s culture, but I wanted to see if anyone else knew of these folksingers, had any thoughts, or knew of any other underrated minority folksingers who have yet to see there time in the limelight.",14
1ioweqb,[List] What was the absolute most laughably wrong music-related statement you have ever heard?,Ok-Impress-2222,1739488266.0,78,https://www.reddit.com/r/LetsTalkMusic/comments/1ioweqb/list_what_was_the_absolute_most_laughably_wrong/,"We've had an abundance of ""serious"" posts on this subreddit for too long, so maybe it might be a good idea to make one just for laughs.

I have already made a post with this title on a different subbreddit, but it seems to me like this subreddit would provide a goldmine of answers.

I was gonna say that answering with comments from [thetoptens.com](http://thetoptens.com) would be cheating, but sure, I will certainly allow it as well.

The inspiration for this post was the same as the first time - some comment on YouTube saying ""10 minutes for a song is crazy. OnLy TaYlOr sWiFt CoUlD dO tHaT."" Yes, that (supposedly) really happened.

And I know that you have encountered plenty of bollocks yourself. So, please, entertain me and the rest of this subreddit.",402
1ip3g5u,"Kendrick Lamar & The Super Bowl: On Being a Longtime, White Guy Fan, an essay -- also, lets talk about the Halftime show!",CormacCamus,1739510652.0,0,https://www.reddit.com/r/LetsTalkMusic/comments/1ip3g5u/kendrick_lamar_the_super_bowl_on_being_a_longtime/,"I'm a die hard fan of Kendrick Lamar and I have been since 2011. His music has grown up with me, and watching him soar to the heights of influence and respect that he's at now has been such a fun ride to witness. I wrote the following essay to explore my admiration for him as an influential artist in my life. When he was announced for the Super Bowl, I knew he'd deliver a stunning show. I think he did...do you? 

If you didn't enjoy the show, why not? Is it because you're largely not into Hip Hop/Rap? Do you not like ""music numbers/routines""? I'm genuinely curious about what people who didn't enjoy the show particularly *didn't* enjoy about it. 

But also, has anyone else been a long time, devoted fan of K.dot's?? How good was 2024???

Let's talk!

\_\_\_\_\_\_\_\_\_\_\_\_\_\_\_\_\_\_\_\_\_\_\_\_\_\_\_\_\_\_\_\_\_\_\_\_\_\_\_\_\_\_\_\_\_\_\_\_\_\_\_\_\_\_\_\_\_\_\_\_\_\_\_\_\_\_\_\_\_\_\_\_\_\_\_\_\_\_\_\_\_\_\_\_\_\_\_\_\_\_\_\_\_\_\_\_\_\_\_\_\_\_\_\_\_\_\_\_\_\_\_\_\_\_

But first, here's my essay, I hope you enjoy reading. 

# Kendrick Lamar & The Super Bowl: On Being a Longtime, White Guy Fan



Alright, let me get my [K.dot](http://K.dot) bonafides in order immediately: the first Kendrick track I ever heard was “HiiiPower.” The lead single off his first studio album with TDE — *Section.80 —* from my birthday month of July, all the way back in 2011. I was *transfixed* by that song. It flew open my eyes to the history of Black revolutionaries like Fred Hampton and reignited my interest in Malcom X’s politics and in him as a man. It powerfully pronounced the social, historical, and world altering attitude of a bold new artist. And the J. Cole produced beat and Kendrick’s flow are still *so good*. I fell in love on first listen while driving home from Clemson University’s library late at night, listening on Shade 45 while I had a 90-day free trial of satellite radio. The song shook me — I was an *instant* fan.

When I got home, I went to my room, got on my laptop and looked up “Kendrick Lamar HiiiPower” on YouTube. I watched this [video](https://youtu.be/-PXIbVNfj3s?si=aPFpnOF2bTLU76DR). I’ll say this looking back, Kendrick has come a long way with his visuals. This video looks slightly dated now, a little rougher than his current [PgLang output](https://youtu.be/D7liwdjvhWc?si=hJPtzbv6qr8JI0Z4), surely, but it is also incredibly provocative. The video ends with Kendrick calling back to Tupac, repeating “Thug Life” as he pours gasoline all over himself, lights a match, and drops it. The image goes to static and then zooms out of a static filled TV set that two children are watching. That was my introduction to TDE and Kendrick Lamar proper. I was immediately hooked by Kendrick’s bold, even challenging lyricism, his sheer lyrical ability, and his stunning imagery. No one, not even Kanye back before he lost his grip, was doing what Kendrick was doing. You’ll probably roll your eyes at my saying it now, now that it’s *obvious* — but I always knew that kid was gonna be a superstar.

Before getting into Kendrick’s Super Bowl show, [and the bizarre and hilarious reaction some idiots and talking heads have had to it](https://www.huffpost.com/entry/maga-super-bowl-kendrick-lamar_n_67a9a880e4b0d2bb0b1f7f21), I want to go a little further back. I used to be that kid in high school who only listened to classic rock. You know the stuff. Led Zeppelin. Jimi Hendrix. The Doors. The Beatles. Credence Clearwater Revival. I was that guy, with the long, past my shoulders, hair, wearing skinny bootcut jeans (I really did do it before Kenny, but he made it look better) and a Pink Floyd “Wish You Were Here” t-shirt. Basically, I was listening to mostly old White dude rock bands, or even older Black R&B artists like Son House, BB King, or James Brown, artists my dad would show me. It was an interesting mix, listening to the Blues that both informed, influenced, and was stolen by the White rockers who proceeded them. But then Hip Hop came into my life through the words of one of the greatest: Mos Def (now known as Yasiin Bey, which I will refer to him by).

*Black on Both Sides* is the first rap album I truly listened to, start to finish. As a seventeen year old, I was already starting to lean away from my prior interests. I was less interested in drawing, and more interested in writing, playing with words, playing with rhythm and meaning and metaphor. Poetry was starting to interest me more. I was starting to listen to a little T.I., a little Jay-Z, but not super often yet, usually with friends. At some point, after starting to get curious about earlier Hip Hop, 90’s Hip Hop, I came across the track, “[Mathematics](https://youtu.be/8Ir-zFC9nFE?si=AalUwMiEb0R10QEm).” That was the first time rap truly grabbed me. Electrified me. Raised goosebumps up and down my arms. It was the first time I ever truly heard in rap a voice that had a perspective that *demanded* attention, demanded it with a fierce and knowing conviction. And could deliver truth with such incredible flow and rhythm and rhyme:

>

If you call yourself a fan of Hip Hop and you’re a grown up like me and you’ve somehow never heard this track, it makes me want to shove you a little.

Go listen, [really](https://youtu.be/8Ir-zFC9nFE?si=AalUwMiEb0R10QEm) — the man is *virtuosic*.

Yasiin Bey is a rapper that is willing to tell you the most important kind of truths: ones you *don’t* want to hear. Especially as an American. Especially as a white American. Especially especially, a straight, white young American *man*.

>

From “Mathematics” on — my bar for Hip Hop had been raised. I started to appreciate more dynamic wordplay, slang, and ad libs, the playfulness and the humor of rap, as well as the serious and complex ideas that this agile, nimble artform can tackle. Yasiin Bey got me, perhaps for the first real time in my life, to consider the everyday position of Black people in this particular time and place, saddled with all the centuries of history that our country is in such a hurry to *never* talk about. Yasiin Bey challenged me, in much the same way that later reading James Baldwin would also push me, to think *differently* about my country, my home, my skin, and my position in this world. Rap can *do* that, it can open eyes.

I say all this about Yasiin Bey to say, that I didn’t again feel this wowed or this strongly about anyone in Hip Hop until Kendrick came along. Kendrick Lamar is 37 years old. I am 35. He’s like big bro, but not too much older, just enough to show you how to be cool. Watching Kendrick’s journey has been one of the most inspiring and captivating experiences of my life. I’ve been a sincere fan of Lamar’s for fourteen years now. Watching him grow as an artist, while remaining steadfastly private and close to the vest, has led me to not only highly regard his work and his expression, but to admire him as a person, as a man who puts human life, that of him and his family and friends, first. He doesn’t revel in fame. He is normally pretty quiet. That’s what longtime fans really know. He takes his time with every album, every project — it was five long years between *DAMN* and *Mr. Morale*. He lets his music, his art, do all the talking for him. He doesn’t lead with press releases and interviews, he just drops. New shit. Bam. *Pivot, walk*.

The world knows now, but Kendrick fans already knew how Kendrick was. He’ll surprise the shit out of you. No announcement. *Untitled, Unmastered.* Bam. (Speaking of *Untitled, Unmastered*, if you’ve never heard “Untitled 07"" then *levitate, levitate, levitate, levitate* your ass over to this [link](https://youtu.be/kSWZJDBkN98?si=KhxG0-OkodfMTUwH).) Kendrick does what Kendrick *does*. His own way, his own style. And no fluffy lead up, he just hits you with it and leaves you to think about it. Much like David Lynch’s reply to his interviewer's question of “can you elaborate on that?” Kendrick is likely gonna say “No” when you ask if he can explain the meaning of his music. He ain’t that kinda guy. You get the art, handed to you, delivered to your eyes and ears, and then he leaves the interpretation and the tools to do that interpretation in your own hands as a listener. It’s demanding. It’s difficult sometimes. But he always gives a piercingly honest expression of himself, his worldview, and his cultural point of view. It has become a uniquely powerful force in American culture, one that you should not dismiss.

Ifyou weren’t in the know, over the last year Kendrick has been in an extremely public beef with Canadian rapper, Drake, that essentially concluded with Kendrick’s Pop Out show with the Super Bowl being an elaborate, bombastic victory lap. If you didn’t get it — Kendrick won that battle. *Decisively*. Easily, really. Something that I never doubted would be the case. But Kendrick’s songs in the beef became both more aggressive and way, way *funnier* than anything Drake could achieve. I’ve always thought that was K.dot’s secret weapon: he’s brilliant, serious…and *hilarious!* Not just his wordplay, but his delivery, his sneaky jokes and turns of phrase. The man had the whole nation singing a punchline in unison at Drake’s expense. Kendrick’s vocal range, emphasis, and variety on “Euphoria” alone make Drake look yawn-worthy by comparison.

After putting Drake’s inauthenticity and dead-beat lifestyle on full cannon *blast* in the epistolary song “Meet the Grahams” and *then* dropping the chantable pop culture earthquake that is “Not Like Us”, Drake pretty much admitted defeat, or at least limped away giving the finger on “THE HEART PART 6.” It was a war about authenticity, and Kendrick is a far more honest man than Drake, and for that reason alone he was a difficult opponent to get dirt on, and an impossible opponent to out-observe. I think Kendrick is just a smarter guy. More thoughtful. He moves with a more clever, more intense kind of focus.

(If you feel totally lost and clueless about *all* of this — well, I’m surprised you’ve read this far — but I highly suggest this Josh Johnson video, very useful for a lot of us gringos, [enjoy it](https://youtu.be/K3uWj2MpydI?si=0CmLhQGxwUpUSA_W).)

But for my fellow longtime Kendrick fans, we were **all** looking forward to the Super Bowl once it was announced that Kendrick would be headlining the halftime show. I haven’t cared about pro-football in years, I grew up a Carolina Panthers fan — can you really blame me for not giving a shit anymore? But I was definitely tuning in for the Kendrick show. I *had* to know what he would do.

He’d already surprised us all again with *GNX*. No lead up. *Bam:* “Fuck everybody, that’s on my *body*.” Kendrick knows how to make a statement, make it strong, and leave you with its reverberating echo. *GNX* is more attitude than any of his previous albums. It’s loud and proud and sure of itself. Confident. Arrived. It feels like Kendrick embraced a healthy masculinity and truly entered adulthood on *Mr. Morale*, on *GNX* Kendrick is wearing a grown man’s kind of hard earned, wisdom heavy swagger. It is him putting his city, Compton, on his back with pride.

He wears and pronounces his influences proudly and “sends it up to Pac”. He puts the culture of Black Americans, the culture of LA, and of Hip Hop on his back, and he carries them like the important touchstones of human culture that they are, and he wears *his* culture, his experience, his reality on his sleeve. He does it with integrity and with unapologetic Black pride. It is manly. It is *strong*. He looks mightier than any rockstar when the camera whirls around him in that Super Bowl arena of sparkling lights looking down on a heroically American spectacle of an artist fully arriving on the cultural stage at the height of his creative powers and influence. Kendrick Lamar understood that in this moment, this particular Sunday night, he represented *all* of Hip Hop as an artform, and it was on him to carry the torch high and proud. This was not just entertainment to help you forget, this was a statement to help you *remember*.

So, did I *like* the halftime show?

Yes!

I enjoyed the hell out of it as a Kendrick fan, as a fan of rap, as a fan of bold artists — I thought he captured an attitude, a style, a way of performing his art and a way of performing his masculinity that is radical and defiant and fascinating. The way Kendrick is framed as he squats on the hood of the Grand National Experimental, the namesake of his album, a car made the same year he was born in only one color — **Black**. As he stands up under the spotlight rapping an as of yet unrevealed song — *“20 years in I still got that pen dedicated to bear our truth”* — he looks like a conflicted, but confident titan. A towering rapper who articulated his pain and sorrow, his pride and his ego, his vision and his questions into one of the clearest, most arresting American oeuvres of the past fifty years.

It’s hard for me to single out a favorite moment — “say Drake” as Kenny smiles into the camera definitely made me laugh the hardest. But I think the power of the performance comes more from its tenacious energy than any one particular statement it’s making or “meaning” it’s giving. It was a layered performance, its symbolism and production elements all being rightly analyzed and scrutinized for meaning. But I think the real point of it all is that Kendrick got America looking, talking, and thinking about Hip Hop. He got your mom and pop, whether they liked it or *not*, to listen to some of the sharpest, catchiest, boldest music of our day. As well as all your aunts, uncles, and noisy cousins. I also think rapping “Turn this TV off” at over 100 million people, live, during your televised performance is one of the cheekiest, funniest moments in live television history.

For Kendrick personally, I think the Halftime show was a victory lap for his spiritual and lyrical battle with Drake, and on a broader level, it was a moment of cultural victory for Hip Hop as an artform — and Kenny was well aware of both these truths. This was absolutely a moment for Hip Hop, for rap, for Black people, for America and *all* Americans. Rap, which is a *solidly* American rooted poetic artform, has existed for over fifty years now, and *finally* has a solo artist headlining the Super Bowl. That Kendrick gets to do that first and figuratively wear the crown of Rap King, or God, or GOAT feels like it somehow became more literal at Super Bowl LIX. Like, Kendrick literally took the biggest stage in all of America, the place with the most eyes on Earth watching at the same time, to show off the power of Hip Hop and coronate himself in the same moment. The fact that it was [viewed live by 133 million people ](https://www.billboard.com/music/rb-hip-hop/kendrick-lamar-2025-super-bowl-halftime-show-most-watched-all-time-1235899552/)only solidifies the magnitude of the moment, making it the most watched halftime show of **all** time (that’s more people than who watched the Moon landing live).

For me, I’ve been rooting for this guy for the better part of my life, telling friends about *good kid, m.A.A.d city* back before anyone I knew, knew Kendrick. So to watch him go from a 23 year old kid with his debut studio album, to being legit accepted as a rapper, to being celebrated, to being acclaimed, to being hailed as the GOAT…it has been incredible to be a fan of Lamar’s for as long as I have been. The journey has been unreal to just watch, I can’t imagine the dizzying power Kendrick must feel at the tip of his pen. To watch Kendrick take the Super Bowl show with his own style and flair, is to watch us be reminded of the power of one of the true American artforms of our day and it is to witness one of its greatest practitioners at the very pinnacle of his form. It is to see the sheer force of will and tenacity behind Hip Hop, to see the Black Americans pushing it forward into greater and greater artistic heights. Rap has been here for fifty years — Kendrick just cemented that it is here to *stay*. And, that if no one else will, he will pick up the artform and carry it like an Olympian, to victory.

\[All this to say: this White dude *loved* Kendrick’s halftime show. [Somebody tell those Fox News hosts](https://www.youtube.com/watch?v=_e0ZANeYeY4) that the reason they couldn’t “understand” what Kendrick was saying is because *they never actually listen to Black people when they speak*. That’s their default, and those liars know it. So sit down, shut up, and be humble. Somebody tell these White people that not everything has to be **just** for them.\]

Here’s to an ascendant 2025 for Kendrick Lamar!

\_\_\_\_\_\_\_\_\_\_\_\_\_\_\_\_\_\_\_\_\_\_\_\_\_\_\_\_\_\_\_\_\_\_\_\_\_\_\_\_\_\_\_\_\_\_\_\_\_\_\_\_\_\_\_\_\_\_\_\_\_\_\_\_\_\_\_\_\_\_\_\_\_\_\_\_\_\_\_\_\_\_\_\_\_\_\_\_\_\_\_\_\_\_\_\_\_\_\_\_\_\_\_\_\_\_\_\_\_\_\_\_\_\_

  
Thanks for reading this far! What do ya'll think? I got any other hiphopheads around?",25
1iomasx,"General Discussion, Suggestion, & List Thread - Week of February 13, 2025",AutoModerator,1739462434.0,5,https://www.reddit.com/r/LetsTalkMusic/comments/1iomasx/general_discussion_suggestion_list_thread_week_of/,"Talk about whatever you want here, music related or not! Go ahead and ask for recommendations, make personal list (AOTY, Best [X] Albums of All Time, etc.)

Most of the usual subreddit rules for comments won't be enforced here, apart from two: No self-promotion and Don't be a dick.",2
1ioa8pc,Is music getting sadder?,None,1739418223.0,32,https://www.reddit.com/r/LetsTalkMusic/comments/1ioa8pc/is_music_getting_sadder/,"Kyle Gordon is a Youtuber who makes parody videos of different genres of music - country, eurovision, Irish drinking songs and most recently - a parody of the indie pop genre of the late 2000s and early 2010s. Your Mumford and Sons, Monsters and Men, OneRepublic and the likes. The vibes, the clothing, the videography and the lyrics (especially the lyrics) were accurate to the T. Overall, it was a vibe of millennial optimism - singing about wanting to 'live forever' / 'rock the night away' / 'have the greatest night ever' / 'we are young' / 'we will leave our mark behind' / 'we will make history' and so on. 

Which got me thinking - where is all this optimism in current music? It is not like a lot of time has passed since 2011. There are a lot more Gen Z artists in the industry now and more than the quality of music, it is the content of joyfulness in the music that has deteriorated. A lot of current pop music is based on anger, unrequited love, self-love, depression and indifference, more complex topics like the ones explored by Hozier and Chapelle Roan (I know I am probably mixing genres up but hear me out). Even the happier music is sort of *muted* or *just for the vibes* like Espresso OR just lack effort (like APT, don't come at me).

The world has gone through a lot over the past decade. Also, millennials and Gen Z are much more informed about what the world is going through than anybody was in the previous decade. Is this macro-awareness about everything that is going on everywhere in this world a reason why we aren't so optimistic anymore and hence make sadder music?

A lot of global pop stems from America, which (according to media and the web), is a hot mess right now and not in a fun way. Is that a factor why American musicians are making songs along more nuanced and sadder lines?

Is the condition of the world (what with the pandemic, multiple wars, political chaos, geopolitical anxieties etc) only to blame global music getting quieter and more inward-turning than louder, open-er and outward-turning? Or is our generation as a whole pre-disposed towards some kind of inherent sadness? 

Let me know your thoughts.",61
1iobxpf,Travelin’ To Leon: Blues Traveler and Kings of Leon - Bedmates in Monoculture Popstar Bedlam - An Inquiry into Values,splitopenandmelt11,1739424094.0,2,https://www.reddit.com/r/LetsTalkMusic/comments/1iobxpf/travelin_to_leon_blues_traveler_and_kings_of_leon/,"Travelin’ to Leon
Blues Traveler and Kings of Leon: Bedmates In Monoculture Popstar Bedlam
An Inquiry Into Values
Feb 2025

Abstract: Separated by 15 years, indie darlings turned pop stars turned cultural artifacts Blues Traveler and Kings of Leon’s shared trajectories are an anomaly unthinkable in the post-streaming era.

Prefame:

Early 1990s, Blues Traveler is the R.E.M of Manhattan. Jangly, buzzed about band that hits the road heavily and wins fans city by city building a sizable but not giant fan base. Not popstats by any stretch: A critics band. A fan’s band. 3 records, each  better than the one before. 

Early 2000s, Kings of Leon are The Strokes of the south. Jangly, buzzed about band that hits the road heavily and wins fans city by city building a sizable but not giant fan base.  Critical darlings. 3 records, each better than the one before

Early Fame:

Both bands were caught in that rare moment that used to happen a lot more in the monoculture where the prevailing general taste tilted just enough to meet their music.

Their material didn’t fundamentally change, they just wrote a few really good songs that met an appreciative public. 

Blues Traveler had major hits with “Run Around” and “Hook” in ‘94/95. You could argue forerunners who led the way to their radio success were Soul Asylum, Spin Doctors Etc.

Kings of Leon had major hits with “Sex on Fire” and “Use Somebody” in ‘08/‘09. You could argue forerunners who led the way to their radio success were The Killers and The White Stripes.

Suddenly, they’re major pop stars - not just rock radio, the top 40 station in your small town is playing them. Your mom, who doesn’t know any music, knows their hits. 

They’re inescapable. They’re overplayed. Early fans feel the need to say “No, if you like this, you need to check out the old stuff. I really liked the early stuff better.”

Waning fame:

For both groups, critical consensus shifted for the next few follow up albums. They lose the “cool crowd,” at least temporarily. What was unique about the band before now sounds like pandering to radio because radio now sounds more like the band. Both Blues Traveler and Kings of Leon had minor radio hits on their follow-ups to their breakthroughs.

Each band toured to amphitheaters and became major festival draws, often as headliners.

Post fame:

Both bands continued to tour fifteen years past that brush with pop culture fame. They still draw crowds but 75% are there to hear those few hits, there is about 25% of the crowd that were early fans of the band and/or can appreciate their new material.

They become almost immediate nostalgia acts. The kinds of bands that play those “take a picnic” summer concert series. The kind of band that pops up on tv/youtube every once in awhile to promote their new album by playing their hit from 15 years ago. They still play festivals, but usually they’re second or third line on the poster. 

They’ll retain those 25% of their fans for as long as they tour. They’ll forever be successful. They might drop down in stature. There might be a day when they only can sell 1,000 seaters, but they’ll always draw just because of the hardcore fans and the folks that want to hear those few hits that make them nostalgic.

In summation:

I am of the belief that this career arc, while shared by these two groups, really can’t happen in the music industry anymore. Pop culture is too fractured and fast to support this kind of growth. 

I would love discussion about bands that have shared the arc. I’d also love if you could point out how a career like this could happen in today’s landscape.
",7
1inlmax,"“God Only Knows”, at least from an auditory perspective, should’ve been the closer to Pet Sounds.",Aggressive_Cherry_81,1739345366.0,47,https://www.reddit.com/r/LetsTalkMusic/comments/1inlmax/god_only_knows_at_least_from_an_auditory/,"
Now, before the Beach Boys fans get offended:

I do not think, in any way, that “Caroline, No” is an inappropriate ending to the album. But, what if it was “God Only Knows” instead? That coda ending the album would’ve been absolutely perfect, as opposed to the “Caroline, No” ending, which feels kinda… undercooked, you know what I mean? At least as an album closer. 

I think that, at least from an auditory standpoint, swapping the places of “God Only Knows” and “Caroline, No”, such that “Caroline, No” would come after “Sloop John B”, would do Pet Sounds good. Ofc, the original track listing is more than satisfactory, and the closest thing to musical perfection we have yet, I still do think that that little change could make it that much better.

Thoughts?",15
1iojydc,The rap in Blondie's rapture is terrible - white people really didn't take the craft of rap seriously in the early 80s,Motor-Category5066,1739456110.0,0,https://www.reddit.com/r/LetsTalkMusic/comments/1iojydc/the_rap_in_blondies_rapture_is_terrible_white/,"Another point of comparison is Adam Ant's  Ant Rap. Let's look at Rapture first though, this particular excerpt 

""And out comes a man from Mars
And you try to run but he's got a gun
And he shoots you dead and he eats your head
And then you're in the man from Mars
You go out at night, eatin' cars
You eat Cadillacs, Lincolns too
Mercuries and Subaru
And you don't stop, you keep on eatin' cars
Then, when there's no more cars
You go out at night and eat up bars where the people meet
Face to face, dance cheek to cheek
One to one, man to man
Dance toe to toe
Don't move too slow, 'cause the man from Mars
Is through with cars, he's eatin' bars""

A whole bunch of chin stroking music critics will overlook just how lamentably awful these lyrics are. It's just word salad - man from Mars eating bars? It's like Monkey with type writer poetry. Don't get me wrong, I really like Blondie but this rap was cringe level and I don't care how many people will clamour on to says it's ""innovative"" or ""groundbreaking"" because a white band did it. 


But it's not just Blondie, here is Ant Rap

""Marco, Merrick, Terry Lee, Gary Tibbs and yours truly
In the naughty North and in the sexy South
We're all singing, (I have the mouth)
In the naughty North and in the sexy South
We're all singing, (I have the mouth)
I have the mouth""

It's just nonsense. Now compare that to actual rappers like Grandmaster Flash and the Furious Five or Ice T who had to hone their craft and had actual things to say with their lyrics. So the whole innovation argument seems racially based if anything, oh here's kudos for white people rapping, who cares? And the raps were shit. And that's all that matters, not skin colour or background but the quality of the lyrics. And Rapture just doesn't cut it. They could have written a decent rap but they didn't for whatever reason and write something not even absurdist but just random words that rhymed and supposedly that's a rap. Also the argument that rap wasn't as refined back then, hence the quality of the lyrics is bollocks given that there were plenty of rappers who COULD put together thought provoking social commentary at the time!


",41
1ind1in,Thoughts on Counting Crows,bigtownhero,1739317208.0,31,https://www.reddit.com/r/LetsTalkMusic/comments/1ind1in/thoughts_on_counting_crows/,"Where would you rank Counting Crows? 

Underrated 

Appropriately  rated 

Overrated 

I think Counting Crows (this is obviously going to depend on if you like the genre) are underrated. 

A lot of that I believe comes down to timing (this couldn't be avoided as they couldn't just wait a decade to debut lol)

August and Everything After (Awesome album and a top album of the 90s fight me over it) came out in 1993. You know what else came out in 1993? In Utero, Siamese Dream, (that would have been huge competition) Everybody Else Is Doing It, So Why Can't We?, Pablo Honey (direct competition), Vs, debut (bjork) etc.

I bring up timing because I can only imagine how big Counting Crows would have been if they came out in the early 2000s.. Would Coldplay have even be known lol?

But anyway. The Counting Crows to me are very much underrated. I know everyone thinks of ""Mr Jones"" when they think of them (probably) and I mean it's a banger song lol. I mean who didn't just vision Adam singing in his living room wearing that fringe western jacket with those ridiculous extensions in? 

Live version below which shows Adam holds up, and you can argue this version is better. Included for your listening pleasure.


https://youtu.be/Bg1OrOsaJfE?si=l3Enklxy_zMBUSpQ


They also had the hit ""Accidentally in Love"" which was for Shrek 2. You could say this hurts them (as a serious act) but I don't see it that way. It is however impossible for me to not think of an ogre the second I hear the song. 

""Mr. Jones"", ""A Long December"", ""Hanginaround"", ""Round Here"", ""Accidentally in Love"", ""Rain King"", ""Big Yellow Tax"", and my favorite song but them ""ColorBlind"". These are some of the songs most people would know. 


It's obviously worth nothing their lead singer (adam duritz) had the most ridiculous list of ex girlfriends I've ever seen.. Like dude, this guy won in life lol.

You can call them ""dad rock"" at this stage, but I don't feel embarrassed listening to them if someone caught me lol. Not like I would if I was listening to Coldplay or The Fray (not hating if that's your thing) and someone walked in the room..

Idk, I think they are underrated and broke into the music scene at a really hard time to do so as far as competition goes and they have a strong catalog for the amount of albums they put out. 


",85
1indnmq,Is the Unfinished Music by John and Yoko really that bad ❓,Dismal_Brush5229,1739318902.0,7,https://www.reddit.com/r/LetsTalkMusic/comments/1indnmq/is_the_unfinished_music_by_john_and_yoko_really/,"So yes that Unfinished Music Trilogy by John and Yoko is what I will be talking about today 

It contains three albums from John and Yoko which consists of mostly noise and loops with some classic Yoko’s screams that can be interesting for a bit but it’s really just nonsense 

But the trilogy isn’t all bad and it’s saving grace is the second side of Life with the Lions because it’s a nice side that doesn’t have any screeching plus also I recommend the Ryko disc reissues because they include bonus tracks which definitely help at times 

The Unfinished Trilogy is still bad for many reasons and definitely can be unlistenable especially with Two Virgins but it’s not all bad 
 
So what’s your opinion on the Unfinished Music Trilogy ❓",9
1in0kta,What Do You Think About 'Sticky Fingers' by the Rolling Stones?,SandmanAlcatraz,1739286208.0,35,https://www.reddit.com/r/LetsTalkMusic/comments/1in0kta/what_do_you_think_about_sticky_fingers_by_the/,"Released in 1971, *Sticky Fingers* was the Stones' first album recorded after the death of Brian Jones and the incident at Altamont, and it was the first album on the group's own record label. The band also needed the album to be a hit as most of their money was tied up in various legal battles and tax issues. It spawned a #1 hit (""Brown Sugar"") and re-launched the band for another 50+ years of success.

Ranking albums is often seen as a fool's errand as any list will be formed by subjective taste. However, Rolling Stone magazine ranks *Sticky Fingers* as #104 on their list of the 500 Greatest Albums of All-Time. Given the inherently flawed, subjective nature of this ranking, what do you think? Is #104 for *Sticky Fingers* too high, too low, or just right?",64
1in3g3p,"Peter, Bjorn and John - Writers Block",TechnicalTrash95,1739293431.0,15,https://www.reddit.com/r/LetsTalkMusic/comments/1in3g3p/peter_bjorn_and_john_writers_block/,"I can't believe it's almost twenty years since this album was released. I recently had a relisten to it and had forgotten how many good tracks are on this one. I've listened to all their albums and this and Darker Days are probably my favourite two but good tracks can be found on all their records. The album has so much variety and that's one of the best things about it. Young folks bugs me now because it's simply been overplayed but I can remember seeing it on some music channel during the day before it went mental and remember thinking what a great track that is. But just as good are Let's call it off, objects of my affection and Amsterdam. ",5
1imr5r1,R.E.M,bigtownhero,1739250799.0,119,https://www.reddit.com/r/LetsTalkMusic/comments/1imr5r1/rem/,"So of course this is just my opinion and also antidotal so I could be way off but here are my thoughts.

I've always been a huge fan of grunge and alt rock, and as a result of going back down that rabbit hole of genres I came across R.E.M.

This isn't my first time hearing them. I grew up in GA and went to UGA (Athens) so everyone around me kind of knew of them. I also had many of their albums and really enjoyed their music. 

Anyway

After hearing Man on the moon on a YouTube playlist I remembered R.E.M existed and have listed to them for hours again. 

This brought to my attention, how did I forget they existed in the first place? I then realized I can't recall the last time I heard one of their songs in a tik tok, a movie, a YouTube short, anything. It's like they stopped existing lol.

Now I'm sure people can say ""I hear them all the time what are you talking about"" but this is just my personal experience. 

I also came to the conclusion after looking over their catalog, there is an argument to be made that they are the greatest band of all time. Yet I've never heard anyone mention them as such, and as well R.E.M seems to have almost no cultural relevance. 

I guess the cultural relevance thing is the oddest to me. People still say the Beatles are the best, the stones are always talked about, Led Zepplin, Fleetwood Mac, Nirvana, you'll hear Journey songs everywhere, but not R.E.M. 

It's just strange idk. 
",175
1im29nb,Continuously and utterly impressed by PJ Harvey,Brinocte,1739179729.0,107,https://www.reddit.com/r/LetsTalkMusic/comments/1im29nb/continuously_and_utterly_impressed_by_pj_harvey/,"I cannot fathom how an artist is able to conjure up such unique and evocative creative visions. I am genuinely baffled on how a person can be so creative and reinvent their artistry in such an authentic way. If I had to describe PJ Harvey, her craft is absolutely authentic. Her body of work is marked by constant musical evolution which is full of soul, strength and fragility. Honestly, I have a deep respect for musicians who are so consistent in their creative drive.

I discovered her after her collaboration with the Palm Desert collective *Desert Sessions,* notably her suave performance of ""I want to make it with chu"" on the Jools Holland show. That said, I admit that I don't have a fully grasp on her discography or the themes she portrays, including her persona and frequent aesthetic changes. I mostly listen to 3 albums in an isolated fashion and haven't even touch some of her other albums at all.  *Stories from the City, Stories from the Sea* is a complete masterpiece to me and feels timeless, it's probably my favorite album thus far closely followed by *Is This Desire?* which just has such an incredible atmosphere. *To Bring You My Love* is equally as impressive and there are some tracks on there that are absolutely haunting. Otherwise, I haven't listened to anything else because these 3 albums kept me so satisfied over the years.

As mentioned, the way that PJ Harvey fashions so vastly different songs that feature sorrow, depression and uncertainty keeps me coming back. Yet, there are some incredibly powerful tracks which feel empowering, optimistic or even utterly sexy. There is a pervasive feeling of femininity that lingers through the tracks which feel respectful but equally breaks norms as it's evident that she doesn't cater to any social norms and utterly follows her vision. This is all what I can gleam from looking at the album covers or the instrumentation itself, including her voice which has just such an incredible range. My point is that I didn't dabble to much into the lyricisms or what any material that is supplementary to her work. So please correct me if I am wrong. Often, I am more drawn to music sonically than purely listening to lyrics in order to derive some meaning (which should not discredit the lyrics of her in any way).

The music is just so evocative and I have to say that her vocals are absolutely insane. Unfortunately, I am not well versed with vocals in terms of theory but the range that she covers is incredible. One of the most addictive aspects is how she oscillates between these low and high ranges effortlessly. *Big Exit* is a somewhat unseemingly opener but the vocal delivery in the chorus always gives me a feeling of warmth. The way that she holds the ""float"" line in *We Float* is hauntingly beautiful in addition to the accompanying piano. Her vocals perfectly accompany the moods she generates with the instrumentals. The dark and grungy tracks with a deep and guttural vocal delivery are as striking as the ones where she almost sounds like an angelic being exuding optimism.

The best part for me is that all these songs share a wealth of moods and unusual arrangements which keep me guessing at times. S*tories from the City, Stories from the Sea* is probably a far more approachable album but I'm still surprised how tracks and feelings shift so smoothly.

I vividly remember listening *Is This Desire?* for the first time. The first track *Angelene* felt already bitter sweet with a serene attitude. *The Sky Lit Up* was a rough and energetic with the incredible finale where her voice seems impossible high. Suddenly, the *The Wind* starts and I felt like transported in a completely different setting. The jazzy lounge piano plays a curious chord, a dark and subdued guitar starts riffing in the background. Suddenly a lounge-esque drum kicks in with brass instruments. In this moment, I could as well walking down an urban landscape while the tasteful wah guitar further flourishes the song. Strings are added and the whole experience feels entirely transformative.

My point is that it's just so refreshingly unique and I can quickly immerse myself in other places or environments. As an amateur musician myself, I like to create my own work and struggle with conveying moods at times. I spend a lot of time trying to arrange music or playing instruments to transpose my ideas into concrete music but it's a daunting task. In this regard, I feel always amazed by the production quality of her work and the way that the instrumentation is so effective in creating these sonic landscapes. Some of her songs are really elaborate with many elements but others are really minimal and subdued, both of these style work so well. I particularly enjoy discerning individual elements to see how it fits in the bigger picture.

There is probably far more under the hood that I haven't touched yet but I just wanted to express my appreciation for this artist. I'd love to hear your feedback.",21
1in5boy,"plunderphonics a legitimate art form that requires skill and creativity, or is it simply theft disguised as music?",Least_Counter_7984,1739297996.0,0,https://www.reddit.com/r/LetsTalkMusic/comments/1in5boy/plunderphonics_a_legitimate_art_form_that/,"Plunderphonics is a pretty controversial musical approach that challenges traditional ideas of originality and authorship. By manipulating, layering, and recontextualizing existing recordings, artists create new works from old sounds. Some argue that this technique requires deep creativity, technical skill, and a unique artistic vision, much like collage in visual art. Others, stealing someone else’s work and passing it off as something new. So, what do you think? is it a valid musical expression, or just theft with extra steps?",38
1imiktx,What separates the Porter Robinsons from the AJRs?,PizzaCrescent2070,1739225212.0,6,https://www.reddit.com/r/LetsTalkMusic/comments/1imiktx/what_separates_the_porter_robinsons_from_the_ajrs/,"I want to clarify that I'm a fan of both of these artists and I'm not trying to complain about the hate AJR gets.

This is a thought I've been having because Porter Robinson and the Met brothers both make music from the heart, but one is mostly beloved by the music community but the other is widely hated. As shown in the meme below, they've both made songs about facing self-doubt and I enjoy both of these songs, but the reason I used this format is due to how I see the perception of these two artists from the wider music enjoyers (Not a dig at people, they're entitled to their opinions).

I want to know what people think is the difference between the two and why they think that's the case. Mostly because I'm inspired by these two artists for being themselves but I feel a bit self-conscious and fear that I might get the infamy AJR gets for their work (Thanks Brad Taste).

I wonder what exactly I can gather from these two that I can use for my own art one day and I want to get a second opinion on how to approach making art from the heart. I also want to know how people would approach writing from the heart if they ever decide to create something.

Does it have to do something with the song composition or the deepness of the lyrics through metaphors? How does one avoid the pitfalls that people rag on AJR for? Should it really matter?",5
1ilz2dn,"Is it just me, or does the current vinyl record boom not make much sense?",BazExcel,1739166008.0,91,https://www.reddit.com/r/LetsTalkMusic/comments/1ilz2dn/is_it_just_me_or_does_the_current_vinyl_record/,"To preface I would like to say that I am NOT against vinyl records. I think they're a good way of finding weird, cool, old stuff at thrift stores. However, something that completely boggles my mind is how mainstream the idea of buying and collecting vinyl records is, especially right now. When you actually think about it, CDs are superior in almost every way to records. They take up less space, they're cheaper, they're typically higher quality, they're less fragile, they're repairable in ways that records aren't, you can shuffle/skip songs, and you can stack jewel cases/digipaks. This is why I am completely baffled by how many people are currently buying records, and especially new records. The only reasons I can think of to buy records over CDs from a listener's standpoint is that some audiophiles belief in an ""analog warmth"" that cannot otherwise be replicated. However, these clearly aren't audiophiles buying records in such large amounts, as it's really common for people to just buy cheap suitcase players that sound like shit and are unhealthy for the disc. Hell, most of these people are young, and too young to be feeling any nostalgia for records, which according to my parents were practically dead by the 90s, outside of DJ and certain punk scenes. I pass the discussion to you. Do any of you collect records? What reason do you have? Do you listen to them, or do you just buy them? (I've seen people who do this.)",223
1in35gd,Are Billie Eilish lyrics authentic?,AngryPotato2708,1739292726.0,0,https://www.reddit.com/r/LetsTalkMusic/comments/1in35gd/are_billie_eilish_lyrics_authentic/,"I recently listened to all of Billie Eilish songs and after listening to them multiple times during the last few days, the feeling that i got is that while she is extremely talented with her voice the lyrics she sings dont feel authentic, like they come straight from the soul of the singer and that those are things the artist actually feels. they felt mostly like lyrics they put there to fill space and to make sad/heartbroken people relate to. am i the only one with this impression or is there someone else who feels the same as me? let me know your opinion bout the artist",17
1im9ghy,"What Have You Been Listening To? - Week of February 10, 2025",AutoModerator,1739203246.0,9,https://www.reddit.com/r/LetsTalkMusic/comments/1im9ghy/what_have_you_been_listening_to_week_of_february/,"Each week a WHYBLT? thread will be posted, where we can talk about what music we’ve been listening to. The recommended format is as follows.

Band/Album Name: A description of the band/album and what you find enjoyable/interesting/terrible/whatever about them/it. Try to really show what they’re about, what their sound is like, what artists they are influenced by/have influenced or some other means of describing their music.

[Artist Name – Song Name](www.youtube.com/watch?v=PxLB70G-tRY) If you’d like to give a short description of the song then feel free

PLEASE INCLUDE YOUTUBE, SOUNDCLOUD, SPOTIFY, ETC LINKS! Recommendations for similar artists are preferable too.

This thread is meant to encourage sharing of music and promote discussion about artists. Any post that just puts up a youtube link or says “I've been listening to Radiohead; they are my favorite band.” will be removed. Make an effort to really talk about what you’ve been listening to. Self-promotion is also not allowed.",22
1ilq5r1,Critic scores vs user scores on sites like aoty.org,murrerojo,1739137587.0,1,https://www.reddit.com/r/LetsTalkMusic/comments/1ilq5r1/critic_scores_vs_user_scores_on_sites_like_aotyorg/,"How come critics tend to give so much more range in their opinions on albums specifically on a site like aoty.org? It seems to me like critics are more honest with their scores. 

I'll often listen to an album that near enough 98% of users have given a positive score to and I'll find it unlistenable. Maybe not even always that extreme, sometimes I'll just find it doesn't sound great. This variety of response seems to show up in critic scores but very rarely in user scores unless the album is a very divisive one. 

Do you think it could be that users are more likely to seek out albums that are exactly within specific genres they love and that in itself is much more likely to create a consistent response? ",7
1il5xil,How do you all feel about short songs? Like 1:30.,whatever33333444,1739072910.0,25,https://www.reddit.com/r/LetsTalkMusic/comments/1il5xil/how_do_you_all_feel_about_short_songs_like_130/,"I love a big variety of song lengths. anywhere from a second to about 9 or 10 minutes (I know, there are longer songs than that, but I’m not really into a bunch of those). But like a minute and a half to two minutes is like perfect. for me, it’s hard to pay attention for longer amounts of time until I’ve gotten into an album, so 1 or 2 minute songs and overall short albums are like PERFECT. like minutemen albums are exactly perfect. it’s easy to write songs like that. what do you guys think?",72
1ikvbor,How noticeable was the sixties nostalgia element in early eighties music/culture?,podslapper,1739042707.0,50,https://www.reddit.com/r/LetsTalkMusic/comments/1ikvbor/how_noticeable_was_the_sixties_nostalgia_element/,"I've been taking a really close look at US culture in the eighties, and noticed that around 1982/1983 a certain retro-sixties element seems to pop up here and there. First, in 1982 there was this big nuclear freeze campaign, which was basically a national grassroots effort to try to diffuse the Cold War that was starting to amp up again under Reagan. It was organized by some of the people involved with the sixties protest movement, and had a kind of sixties revival element about it. [Like this rally at Berkely from 1982 looks like a time warp from 1967](https://www.youtube.com/watch?v=CjHSLtj4Am8) (minus the Reagan masks). Folk singers like Joan Baez would perform at these sometimes as well. The campaign gained a lot of traction in CA and a handful of other states, where local initiatives were passed.

Meanwhile listening to a lot of the punk and alternative music that was coming out at the time, there also seems to be more sixties nostalgia elements than you usually would have heard from punk-related styles in prior years IMO. Like there was the Paisley underground neo-psychedelic movement in LA with bands like Dream Syndicate, Rain Parade and Three O'Clock; Husker Du started doing covers by sixties acts on their albums over the next couple years, like 'Sunshine Superman' and 'Eight Miles High;' Lords of the New Church covered 'Lets Live For Today,' by the Grass Roots in 1983; there were multiple covers of 'Eve of Destruction,' by PF Sloan; and the psychedelic punk/alternative band Flaming Lips started around this time, as well as some garage-rock revival acts like the Fuzztones and the Lyres.

Then there was [this 1983 interview with Michael Stipe from REM](https://www.youtube.com/watch?v=IYN_U-QBogc), where is says because some of the sixties/seventies singer-songwriters (he mentions Bob Dylan and Linda Ronstadt) were gaining popularity again, people started mistaking REM for some kind of retro-sixties act. It's also worth noting that in the years immediately following John Lennon's death in 1980, there was a bunch of Beatles/Lennon tribute songs by artists like Queen, Paul McCartney, Klaatu, etc., which also strongly evoked the sixties. I also found an [interesting video](https://www.youtube.com/watch?v=wDDoPSlWgOc) of the band the Meat Puppets playing in LA from 1982 with the drummer dressed up in full hippie gear for some reason--not sure if this is related or not. And in the video the members are also all sporting long hair, which you start seeing a lot more often in punk and punk adjacent bands around this time, which is prior years had been pretty anathema (as punk had traditionally been anti-hippie for the most part).

I'd never really heard about this before. Everything I've read about the eighties indicates more of a fifties nostalgia vibe. For people who were there at the time, do you remember an overt sixties-nostalgia movement/mood going on in the music/culture, or would you say these were likely all more diffuse and largely unrelated events?",37
1il6ivw,"A search for a taste in music, or, how a trans girl realized you CAN like Rihanna and Led Zeppelin at the same time",ShowNeverStops,1739074921.0,0,https://www.reddit.com/r/LetsTalkMusic/comments/1il6ivw/a_search_for_a_taste_in_music_or_how_a_trans_girl/,"Lately I've been trying out a lot of music after several years of only listening to Final Fantasy music and covers of anime songs. While doing so, it's made me reflect on my childhood. Growing up, I pretty much listened to all the music my dad listened to, and it was always most of the big classic rock bands you can think of: Led Zeppelin, AC/DC, The Who, Black Sabbath, and most of the other big rock bands of the 60s and 70s. I even went to several concerts with my dad (some of my favorite childhood memories are going to see bands like KISS, The Who, and Pearl Jam live). However, as I have grown up, I've begun to reflect and wonder if that was truly my taste in music, or simply my attempt to connect with and be like my dad. While obviously it was probably a mix of both, it nonetheless made me realize that I never set out to find bands I liked of my own volition, or to try out other genres besides rock.

One reason why I think that I was always so adamant about listening to nearly exclusively rock is because I associated it with masculinity, and refused to listen to anything I deemed ""feminine"", and nowadays I realize that was probably because I was deeply in the closet as a trans girl and felt I needed to perform masculinity to hide that fact. So in addition to making myself solely listen to classic rock, I also bashed other forms of music like pop and R&B as ""not real music"" because I didn't see them as ""music for guys"" (yes, I am ashamed to say I was one of those annoying middle schoolers who constantly bashed on Justin Bieber far more than he deserved). Now that I've been out I've let myself shed those preconceptions and biases and allowed myself to listen to whatever I want, which has led me to realize that in addition to rock music, I really like Rihanna. Whereas in my childhood I wouldn't let myself even listen to Rihanna as I would've deemed her too ""pop"" and ""girly"", now I'm perfectly fine letting myself discover acts that I like, regardless of their music style.

I guess the main point of my post is that it's interesting to see how arbitrary gender norms can limit us even in what music we decide to listen to in our free time. It's a shame I never let myself truly explore music and develop my own music taste just because I felt a need to relate as much to my dad as possible as well as perform masculinity as much as possible. To be honest, I think this is why boys who were my age in middle school bashed and hated on Justin Bieber so much; he was an artist who's fanbase was mostly young girls, and the way he sung and danced wasn't what a lot of them considered ""masculine"", so I think I and a lot of others felt the need to perform masculinity by making fun of him when all he was doing was making music.

As an addendum, funnily enough I realized that my taste in music really is still mostly that classic hard rock sound I listened to as a kid, but I don't think that means I haven't matured and developed my own taste. Firstly, as I said, I've let myself listen to non-rock artists like Rihanna. In addition, I've also been listening less to the main ""dad rock"" bands I listened to as a kid. I still like all those bands, but I've also been getting into more modern rock bands like Halestorm, The Warning, DOROTHY, and Rival Sons (I've also discovered that I specifically like blues rock music and \*hate\* post-grunge).",21
1ijwtws,The Human League: Dare,ZealousidealLack299,1738940210.0,43,https://www.reddit.com/r/LetsTalkMusic/comments/1ijwtws/the_human_league_dare/,"Recently started making my way through the Human League's work and I've been blown away. I had always kind of dismissed them as just a cliche, one-note 80s act because of the ominpresence of ""Don't You Want Me"" in TV, movies, and 80s music compilation infomercials. But then I read an interview with indie synth band Nation of Language, one of my favorite current artists, where they admitted to being massively influenced by the Human League. This motivated me to go deeper.

Dare is insanely good: dance-y, full of clever lyrics, and just straight-up synthastic. New Wave par excellence. 

Top tracks: ""Love Action (I Believe in Love),"" ""Seconds,"" ""The Sound of the Crowd,"" and ""The Things Dreams Are Made Of."" If you aren't familiar with it, do yourself a favor and check it out!",56
1ijevyo,Let's Talk about German Metal.,black_flag_4ever,1738879508.0,11,https://www.reddit.com/r/LetsTalkMusic/comments/1ijevyo/lets_talk_about_german_metal/,"I'm a bit of a novice with metal as I was so focused on punk and hardcore in my youth that I just didn't care what was going on in metal. Then I got into indie stuff and honestly didn't have any interest in metal until listening to bands like Mastodon and Gojira. 

We now live in the age of streaming and  seem to be in a golden era for metal so why not dig in? 

Before recently, I don't know if I've ever heard a German metal band other than The Scorpions, a band infused with the power to control the weather and tear down walls. Despite these feats, they never held my interest. 

But now, I've been exposed to Kreator. Holy shit.  https://www.youtube.com/watch?v=mUv8GxrqXPk - Satan is Real / https://www.youtube.com/watch?v=Ge24NJ7Ukus - When the Sun Burns Red. I've listened to rock radio throughout my life, including ""metal"" stations and had never heard one Kreator song, which seems crazy given how popular they are and how amazing they are. 

It got me wanting more, so I've gone through a few albums by other German thrashers including Destruction, Tankard and Sodom. The thing that stands out with these bands is that German thrash has more black metal and death metal influences. Plus, there's an undercurrent of Motorhead's influence that isn't as prevalent with their American counterparts. 

One of my favorite things about German thrash is that there is a lot of anti-fascist and anti-war lyrics, hell Kreator has covered Bad Religion. https://www.youtube.com/watch?v=FPuFcYmU3ig. 

Tankard is also funny and instead of dwelling on demons or whatever, they have songs about stuff in their life and well, drinking. One track that stood out is their take on the Covid lockdown, which is a reminder of what we all lived through. https://www.youtube.com/watch?v=eNJQ4Hnjp0I

From there I've been diving into German Power Metal, which is really interesting. Check out Helloween's - Halloween. https://www.youtube.com/watch?v=VAVeG4KS0JM. 

Yes, some of this is really nerdy. But it's great. Mirror Mirror by Blind Guardian is an example. https://www.youtube.com/watch?v=1AfNOKQdY-U. These guys are putting out songs about the Lord of The Rings before the movies. And sure, maybe it's a little Ren Fest-y, but it's too well made to not nerd out on it. How can someone hear something like The Bard's Song and not be at least a little impressed.  https://www.youtube.com/watch?v=n63UbX5kzAc

I did also check out Rammstein, but it's not for me. To me every Rammstein track sounds like it was engineered in a lab, which is probably exactly why some people love it. Their live shows depend on precision timing and their style of music is perfect for that. https://www.youtube.com/watch?v=Uq41Fmw5CGI. It seems like a band I'd go see, but not necessarily listen to. 

Anyway, share your thoughts. What do you like or dislike about German Metal?",30
1ij851a,Róisín Murphy – Hairless Toys: A Cult Classic?,starlitsky84,1738863072.0,8,https://www.reddit.com/r/LetsTalkMusic/comments/1ij851a/róisín_murphy_hairless_toys_a_cult_classic/,"I feel like it’s time we acknowledge that *Hairless Toys* has quietly become a **cult classic**. At the time of release, it was met with critical acclaim but didn’t quite break through commercially or even among many of her fans who expected something more immediate. Even for myself it was a grower. But looking back nearly a decade later, it’s clear this album has aged *beautifully*—maybe even better than some of her more celebrated work.

This is **Murphy at her most enigmatic and experimental**, but also at her most emotionally nuanced. It’s *weird*, *sophisticated*, and *deeply immersive*, balancing sleek, minimal electronic production with jazz flourishes, avant-garde textures, and surreal storytelling. Tracks like *Exploitation* and *Evil Eyes* might be the closest thing to club-ready, but the real magic is in the slower, moodier pieces like *Uninvited Guest, Unputdownable* and *House of Glass*, which feel almost Lynchian in their eerie elegance.

In terms of *cult classics*, *Hairless Toys* sits comfortably next to something like kraut-influenced **Portishead’s** ***Third***—an album that was divisive at first, maybe even misunderstood but has become a treasure for anyone willing to dig a little deeper. Like those records, *Hairless Toys* rewards repeat listens and unpacks a new layer of complexity with each pass. It's a strange record, and it feels *alive* in a way that a lot of more polished radio-friendly pop music like Taylor Swift and Beyonce just doesn't—there's *vulnerability* there, even in its perfectionist production, and that's a trait that connects it to the same line of albums that have since gained legendary status for their uniqueness and visionary risks. This is the kind of album that doesn’t scream “pop star,” but *redefines* what it means to be an artist. It's an album that *rejects trends* in favor of creating something that stands on its own—just like the best cult albums of the past.

In hindsight, it was a bold pivot that set the stage for *Take Her Up to Monto* and her later reinventions. It might not have had the instant bangers of *Overpowered* or her self-titled album from 2020, but its influence and reputation have only grown. You see more artists today working in this space—this sort of artful, genre-blurring electronic pop with an eerie sophistication—and I can’t help but think *Hairless Toys* was ahead of its time.

For those who dismissed it back then or just never gave it a full listen, I highly recommend revisiting it. If you love Róisín’s more theatrical, shape-shifting side, this is where she really *leans into it*.

What do you think—has this album aged like wine, or is it still a little too “out there” for some to appreciate? Does it deserve its place alongside other cult classics, or is it still too underappreciated?",27
1ijqcr1,"Is ""i like every music genre"" even a real thing?",Electronic-Tap-6346,1738916826.0,0,https://www.reddit.com/r/LetsTalkMusic/comments/1ijqcr1/is_i_like_every_music_genre_even_a_real_thing/,"I always doubt when people say stuffs like ""i listen to every genre"" or ""i like every genre"" like are you being honest? I don't hate/annoyed by these type of people because everyone has diverse taste, (and if you like every genre then that's good for you) maybe the reason they said that because they don't know what genre they listen to or they really liked every genre but i think there's no way a person could liked every genre of music also there's so many music genres like 1000+ genres maybe some of them are the genre that you never heard before and some of them are weird (pigfuck, gorecore, industrial, extratone, etc.) 
 
It's same with food for example a person saying stuffs like""i can eat every type of food"" but keep in mind there's 10000+ types of food some foods are disgusting or known for its bad taste/smell or dangerous to eat (Surströmming, vegemite, bat soup, etc.)
(but if you have allergies then that's an exception)

Also ""i listen/liked to every genre but i don't listen to rap because it's too fast or i liked every genre but i dont listen to metal because it's too loud"" that's not considered as ""i listen/liked every genre""",106
1ij5w99,"General Discussion, Suggestion, & List Thread - Week of February 06, 2025",AutoModerator,1738857649.0,7,https://www.reddit.com/r/LetsTalkMusic/comments/1ij5w99/general_discussion_suggestion_list_thread_week_of/,"Talk about whatever you want here, music related or not! Go ahead and ask for recommendations, make personal list (AOTY, Best [X] Albums of All Time, etc.)

Most of the usual subreddit rules for comments won't be enforced here, apart from two: No self-promotion and Don't be a dick.",9
1iihxmd,"Can we discuss the ""key member leaving the band almost killed them"" phenomenon?",PillowDestroyer9000,1738782432.0,129,https://www.reddit.com/r/LetsTalkMusic/comments/1iihxmd/can_we_discuss_the_key_member_leaving_the_band/,"Is there such a thing of a member making the ""magic"" to make the band interesting/successful? I have a few examples, all of them makes me hallucinating of how the quality of a band can change without a member.

\- Michael Schenker leaving UFO

\- Alan Wilder leaving Depeche Mode

\- Lemmy leaving Hawkwind

\- Jon Anderson leaving Yes (Travor Horn being the only exception of a good replacement)

\- Mike Portnoy leaving Dream Theater

\- Wes Borland leaving Limp Bizkit

\- Damo Suzuki leaving Can.

\- Steve Hackett leaving Genesis

I observed the quality of the albums of all members leaving the band and while some of them are ""great"" like DM's Ultra most of them fell appart like a Shakespeare's ending. 

Maybe that member was key in influencing the road the band took while writing songs? Maybe they were the reason a band never became a authoritarian regime (Most agree that in Genesis' case, for instance, it was Tony Banks' band because his decisions were more powerful than the rest of the band members' opinions)",341
1iirp2u,Would it be more fair to rate eras of an artist’s work rather than their whole career?,wildistherewind,1738807980.0,15,https://www.reddit.com/r/LetsTalkMusic/comments/1iirp2u/would_it_be_more_fair_to_rate_eras_of_an_artists/,"I have been thinking about this topic for a while. I think there are a few acts whose key works get overlooked because they’ve had a long, middling career and over time, their work has been diminished.

The prime example is U2. If we were to compartmentalize their work into eras, there would be eras worth celebrating. However if we look at the entire discography as one huge and boring book, no part of it feels revelatory because it’s bogged down by so much crap. Wouldn’t it be more fair to view eras of an artist’s work as defined segments?

It makes me wonder if some acts are more prone to being celebrated for an era of their work whereas others aren’t. The Foo Fighters have made pretty much the same five songs for decades but it hasn’t seemed to diminish their 90s run of songs (the same could be said about AC/DC). There is an unending list of once great hip-hop acts who have released banal albums, but those albums don’t tarnish their careers as a whole. Like, could Nas release an album so bad that people would stop revering *Illmatic*? Could he realistically release an album worse than *Nastradamus*?

This brings me to my last thought: what is it about U2 that forces us to view their career in its totality? My guess is that it comes down to an unshakable consistency to their music, whether they change styles or not. Bono always sounds like Bono and will always sound like Bono, this will not change. I get the same vibe from Coldplay: it doesn’t matter what style of music they are cringely attempting to make, it invariably sounds like Coldplay and it feels impossible to unwind their current music from their past work. There are no compartments, it’s one run-on continuum.",54
1iib3d0,What is radio edit and remastered?,Electronic-Tap-6346,1738765496.0,4,https://www.reddit.com/r/LetsTalkMusic/comments/1iib3d0/what_is_radio_edit_and_remastered/,"When i find some old songs to listen like 50 cent, skee lo, fleetwood mac, radiohead, the beatles type of stuffs i always find something like radio edit or remastered (insert year here) what does it mean and does it have to do with music? Or the old one is not good enough so they have to remastered it but i think no? Because i listen to them and nothing changes from before? Also radio edit, does it have like static stuff from the radio so they have to remove it off? Does anyone know?",35
1ih2v63,How to find new music regularly?,StoneAxe23,1738623796.0,66,https://www.reddit.com/r/LetsTalkMusic/comments/1ih2v63/how_to_find_new_music_regularly/,"Howdy Y’all, I come asking a bit of a strange question. Before the TikTok ban went into effect, I’d add songs I find from trends and listen to the full song, and if I liked the song I’d listen to the album, and if I liked it I’d check out the artist’s other work. But since I assumed TikTok wouldn’t get unbanned I uninstalled the app preemptively and my discography is suffering.

I use Apple Music as my streaming service and while it sometimes recommends good songs similar to what I’m listening to, it isn’t providing the wide variety that TikTok was offering. What’s the best way to find new songs/artists regularly?

p.s. and by new I don’t mean just recent releases, I mean different artists and bands in general.",121
1ihux1r,Will Drake bounce back?,BattleHappy1303,1738709202.0,0,https://www.reddit.com/r/LetsTalkMusic/comments/1ihux1r/will_drake_bounce_back/,"Well it's been almost a year since the Drake vs Kendrick feud started, like about a month or so into it kendrick obviously came out victorious especially with the smash hit ""Not Like Us""  and ever since it's basically been a victory lap all throughout the summer and latter half of 2024 going right into 2025 with Kendrick's 5 grammy award sweep for one song. And man I gotta say watching all those big successful artists all chanting a song basically tearing down one of their peers got me wondering, is this the end of Drake? Drake has been close to radio silent on it since Kendrick was confirmed winner aside from a humiliating lawsuit attempt and a some sneak disses on streamers lives. But could Drake really return from this? You gotta remember literally at the near end of 2023 with Drake's release of for all the dogs he was put into the conversation of being almost as big as Michael Jackson and literally his career was put into the shitter the very next year. I love a lot of Drake's music and i wouldnt want him to fall off. Im just wondering if thats even possible. Drake's been one of the biggest names in music for the last nearly 20 years now and I can't see all that going away over one rap beef but who knows, again as i said seeing all those big celebrities basically dance on his grave was really surreal to see and we are about to get part 2 with Kendrick's superbowl halftime show. What do you guys think?

https://preview.redd.it/z9d0rnaja7he1.jpg?width=942&format=pjpg&auto=webp&s=ec994af2c74fabf92566e938d11e332dc4b3c9d4",44
1igr8mv,Mr. Bungle appreciation post - an unhinged journey with almost endless replay value,Brinocte,1738595485.0,107,https://www.reddit.com/r/LetsTalkMusic/comments/1igr8mv/mr_bungle_appreciation_post_an_unhinged_journey/,"I have never heard much discourse regarding this music project which was created back in 1985 by some seriously talented musicians, including the infamous Mike Patton. Although I don't want to discredit the other band members as these guys know their work.

As an anecdote, during road trips with my older brother, he always showed me new artists that I never knew about. As an impressionable young teen, it really defined a lot my music taste. However, during one particular trip, he asked me to pop in **California** by Mr Bungle which had already such an evocative album art that intrigued me. Needless to say, the next 44 minutes had me absolutely speechless due to the ridiculous compositions that this band conjured up. It really hit me like a truck as I couldn't stop thinking about what I just listened. I knew some of the projects that Patton was involved in but this one was completely new to me. Truthfully, the entire album felt completely unique and fresh to me. A chaotic amalgamation that seemed incoherent and ridiculous for the sake of it. I didn't fully comprehend what I listened to nor could I summarize it well but it left a deep impression. Doo-wop and dramatic ballads intertwined with surf music, metal and folk, it's futile to count all the genres that are meshed up together. In my bewilderment, my brother just asked me to put in the self-titled album of Mr Bungle which featured a hideous cover of a clown.

My mind melted as I devoured this cacophony and seemingly wild music. The self-titled album felt even more unhinged and became an instant favorite of mine. I cannot emphasize how confused but elated I felt as I have never heard anything like it. I remember coming back home and telling all  of my friends about this insane group and we sat together listening to it. This was 15 years ago and since then, I have not yet found anything that resonated so much with me and kept me hooked.

Needless to say, there are many virtuoso bands out there which meld together genres in the most creative ways, creating new idiosyncratic styles or purposefully create pastiches of genres as a parody or for the sheer sake of creativity. Personally, I've never held much regard for bands that were doing parodies or obviously meshing up genres that felt purposefully conflicting to create a shock value. 

Yet, Mr Bungles felt sincere and eclectic in the way that it crafted its own unique brand of music. Yes, some of it is pretty self-indulgent but the self-titled album and California always felt like it came from a genuine desire to create something unique where each musician mastered their craft, creating something obscene. There was shock value in it for sure but the cohesion and love for individual genres or styles of music just seeps through these tracks.

Over the years, these 2 albums had such tremendous replay value for me where each listen felt unique and kept me on the hook, like a horse with a carrot. There were always new details in each song that I did not yet uncovered. References to Lynch movies or the countless samples that were used. Sometimes I heard new small melodies or instruments in the background. Then, I pondered the wacky lyrics and wondered which ones are my favorite. Some lyrics that are eternally engrained in my mind and part of vocabulary. These tracks are so dense and it takes many listens to extract all the information.

What really gets me are the sudden shifts in dynamics, the seemingly random lyrics that are so fitting but also the unhinged shouting and screaming. We go from funky bass to Ska, with metal thrown in-between, only to come back to some ballad-esque ambient pieces with a sense of catharsis that I seldom witness. It's simply surreal, honestly I lack the vocabulary to really elaborate on what I like so much about it. The entire body of work has such a mixture of emotions that range from deranged, smooth, sexy, happy, mysterious, threatening and seemingly innocence. The delivery can feel utterly eloquent only to turn into an abrasive melt-down that keeps you on the edge. It's classy and trashy at the same time. It's truly a rollercoaster and a musical journey that doesn't feel pretentious (at least to me). 

The density and replayability of these albums never got old. Even if my taste of music shifted dramatically and don't have encountered a lot of super peculiar artists. Mr Bungle remains one of a kind, I keep coming back to it.

Obviously, I have left out **Disco Volante** which I didn't listen to much because the CD was hard to come by and after listening it years later, it felt very much like a proof of concept. Truthfully, I just felt so satisfied sticking with California and the self-titled album for years. After the reunion, I admit that I didn't care much about **The Ringing of the Easter Bunny** because it's a departure from their earlier work and the trash metal and hardcore punk setting is something I'm not entirely into these days.

That said, I just want to express my gratitude for these blokes which have created some of the most unique, crazy and wonderful music that I ever heard. Despite it's chaos, there is a plan to the madness which I always admired.

Here are some of my favorite songs:

**Squeeze me Macaroni** for it's insane speed and lyrics combined with the unhinged bridge where Patton seems to completely lose his mind only for the song to turn this utterly smooth groove. But in the end it just feels like you're at a house warming party destroying the furniture with your friends.

**Egg** is honestly so deranged that I just want to wallow in it's madness. What a piece of music! 

The utterly funky groove of **The Girls of Porn** is addictive and the use of audio clips from porn is honestly hilarious. This song has such good vibes and it's ridiculous, this is a classic.

**None of Them Knew They Were Robots** is chaotic but danceable and has probably some of my favorite instrumentation.

**Ars Moriendi**, what is there much to say? Absolute masterpiece and so creative.

**Pink Cigarette** has such an uneasy ending that it leaves me with a bad taste, such a beautiful kitschy and dramatic song.

**Goodbye Sober Day** is just unfathomable. 

  
Thanks for reading folks

",34
1igxg0q,Would it be fair to say there's two types of music interviews? One that is focused on personal narratives and others that focus on musical craftsmanship?,Marcel_7000,1738610595.0,17,https://www.reddit.com/r/LetsTalkMusic/comments/1igxg0q/would_it_be_fair_to_say_theres_two_types_of_music/,"
Hey guys,

One thing I've noticed lately is that in Guitar Magazine and Drum Magazine, the interviews tend to delve much more into the technical details of music making. I notice I tend to enjoy these interviews more since they talk about topics I have always wondered about. For instance, how a song was composed, which chords were played, or which pedals the musician used.

Meanwhile, it seems other interviews mostly focused on personal narratives or how a musician is feeling or their favorite sports, foods, and hobbies besides music.",4
1igse1z,"What Have You Been Listening To? - Week of February 03, 2025",AutoModerator,1738598450.0,14,https://www.reddit.com/r/LetsTalkMusic/comments/1igse1z/what_have_you_been_listening_to_week_of_february/,"Each week a WHYBLT? thread will be posted, where we can talk about what music we’ve been listening to. The recommended format is as follows.

Band/Album Name: A description of the band/album and what you find enjoyable/interesting/terrible/whatever about them/it. Try to really show what they’re about, what their sound is like, what artists they are influenced by/have influenced or some other means of describing their music.

[Artist Name – Song Name](www.youtube.com/watch?v=PxLB70G-tRY) If you’d like to give a short description of the song then feel free

PLEASE INCLUDE YOUTUBE, SOUNDCLOUD, SPOTIFY, ETC LINKS! Recommendations for similar artists are preferable too.

This thread is meant to encourage sharing of music and promote discussion about artists. Any post that just puts up a youtube link or says “I've been listening to Radiohead; they are my favorite band.” will be removed. Make an effort to really talk about what you’ve been listening to. Self-promotion is also not allowed.",27
1igdvf7,Will there be a mainstream resurgence in music that is recorded and produced more traditionally?,5ft2AlbinoChoir,1738547359.0,81,https://www.reddit.com/r/LetsTalkMusic/comments/1igdvf7/will_there_be_a_mainstream_resurgence_in_music/,"Wasn’t that sure how to word the title as I just had this thought so I’m thinking it out as I write. Also this isn’t a “when’s rock music going to popular again man” type of post, at least that’s not what I’m going for.

The last few years, especially with the rise of 
AI technology starting to be incorporated into making music, I’ve been wondering where mainstream music is going to be the next few years. Will there be a counterculture revival of music that is stripped down with minimal digital processing? 


When I look at the global top 50 on Spotify I don’t see many, if any, bands. It makes me wonder if any of the gen z kids who happen to listen to all sorts of genres will recognise the stark difference between the feel of mainstream music of say the 70s that a majority of was recorded live with multiple  instruments in the moment (with sheets of course but open to the musicians to improvise over) to the mainstream music of today that is from what I can tell mostly completely overdubbed and built upon brick by brick.

I want to clarify this isn’t old music better post. My question is do you think there will be some sort of kick back to the locked to the grid aspect of todays pop music with the abundant access to all of recorded music kids today have. ",81
1ig1iyk,Post-Rock? (And the live Scene?),sgtcampsalot,1738515070.0,15,https://www.reddit.com/r/LetsTalkMusic/comments/1ig1iyk/postrock_and_the_live_scene/,"I discovered Post-Rock existed about 10 years ago, and I've recently started exploring live music in my 30s.

I'm seeing that Post-Rock seems EXTREMELY uncommon in my city's live scene. And many ppl online say post-rock is DEAD?!

(I consider Post-Rock to have no vocals; that's why it's my favorite, and why I need it)

I am American, in a medium-to-large, mid-sized city. So, there's LOTS going on, but very little I'm interested in.

95% of what I listen to is ambient, or super heavy, Post-Rock. I want to find live music so I can dance and get lost. Have a somatic experience like I do when I'm alone in my car/home with music.

Vocals make it VERY difficult for me to get into new music. Having no vocals helps me connect. 

But all the live rock music here seems like punk/metal, then everything else.

What is everyone's insights on the genre? I'm looking for direction, and insights.

Thanks!",33
1ieyfua,"I want to discover bands by songwriting style, NOT genre…",chazTCC,1738384182.0,188,https://www.reddit.com/r/LetsTalkMusic/comments/1ieyfua/i_want_to_discover_bands_by_songwriting_style_not/,"I love Nirvana and Kate Bush for similar reasons. They use chord progressions that use a lot of modal mixture (eg switching between minor and major modes), borrowing major chords a lot from parallel modes, and accenting these borrowed chromatic notes in the melodies. The problem is, i dont know how to categorise this, as not all grunge bands do this (and not all art pop artists).
How would I go about finding songwriters like this?",48
1iets8g,"We've never had such a great access to music in human history, I think we are living in a great era for music. Agree or disagree?",Accomplished-Comb294,1738369407.0,218,https://www.reddit.com/r/LetsTalkMusic/comments/1iets8g/weve_never_had_such_a_great_access_to_music_in/,"So I'll expand. 

We have never before had such a great access to music. You can literally go on a variety of apps and get music from every genre anywhere else in the world.

Yes you can argue we have a lot of bad music. Perhaps. (Even though bad is subjective)

We also have a lot of good and enjoyable music.

Never before in human history have we had such a diverse genre of music to choose from. This is a golden age for music in my opinion.

Thoughts?",189
1iejjqb,How Do You Add Albums to Your Library? (Standard vs. Deluxe Editions Debate),Artin_Blaq,1738343069.0,18,https://www.reddit.com/r/LetsTalkMusic/comments/1iejjqb/how_do_you_add_albums_to_your_library_standard_vs/,"Lately, I’ve been thinking a lot about how to organize my music library, and I wanted to hear how others handle this. Specifically, when adding an album to your library, do you go with the standard edition, the deluxe edition, or some mix of both?

For a long time, I used to just add the deluxe version of every album since it technically has all the songs. But recently, I’ve started separating them—adding the standard edition first and then only picking the extra tracks from the deluxe version. My reasoning is that the standard edition is the “original experience” the artist intended at release, while the deluxe version often just tacks on bonus tracks that don’t always fit the flow of the album.

One thing that confuses me is how Apple Music selects the 100 greatest albums of all time—they almost always go with the deluxe edition rather than the standard. This kind of throws me off because sometimes, I only want the standard version of an album and don’t really care about the extra tracks from the deluxe. But seeing the deluxe edition being treated as the “definitive” version makes me wonder if I should be adding that instead.

There’s also the issue of album covers. Sometimes, I prefer the artwork of the standard edition (like Call Me If You Get Lost by Tyler, the Creator), so I’d rather have that version in my library even if the deluxe is more “complete.”

And then there are albums with multiple versions—like when there’s a super deluxe edition with tons of live tracks and remixes I don’t really care about. In those cases, I definitely don’t want to add the whole thing, just the main songs I actually listen to.

So my question is: How do you handle this? Do you always go for the deluxe version, or do you prefer to keep the standard edition and just pick the extras separately?

Let me know how you organize your library!",15
1idv82l,"R.I.P. to Marianne Faithful, the Sad-Angsty Girl Prototype",Koraxtheghoul,1738265363.0,178,https://www.reddit.com/r/LetsTalkMusic/comments/1idv82l/rip_to_marianne_faithful_the_sadangsty_girl/,"Today I read that singer-songwriter and femme fatal, Marianne Faithful, passed away. With this death, I think it's time we think about what her musical legacy ended up being.

The average Amercian hasn't heard of her.  Her earliest releases might remind you of Nico's first albums, the whimsical sort of feminine-faced folk-pop that feels very much a part of the late 60's, and like there's a melancholia hanging over her. Her biggest hit of the time is ""As Tears Go By"", famously also done by the Rolling Stones, though she was pretty deeply mixed in with the swinging London crowd. I recall reading that she won an award for prettiest girl at an early Pink Floyd gig, but in her beauty, she was always gloomy. In a way, this gloom and depression that hung over her songwriting reminds me very much of our contemporary Lana Del Ray.

And she wouldn't necessarily get any less gloomy as she aged. Her music grew much more confessional, sometimes rather raw and angry in punk like sneer, and her voice raspy enough that she could cover Tom Waits. She even went on to play the devil in the London premiere of Waits's and Burrough's *The Black Rider*.  

But I think I'm rambling, and I need to make this post actually contribute something to the discussion, so here's the thing. I don't particularly like her work, but what I see in her is one of the blueprints for the confessional sad girl that really is a big deal in music. We see it in indie sing-songwriters, we see it in Lana Del Ray, and it's at least something Swift dances around. She doesn't get the credit she deserves for being an early model in this being viable and for some her connection --- and messy breakup -- with Jagger is what people see as important. She's an early victim of the ""too many song's are about her exs"" trope. If you haven't heard her, you should at least check out her discography... something early and something later because she had a wild ride.",27
1iewen5,The Weeknd's Latest Album Was His Worse One Yet,echoscripts,1738377394.0,0,https://www.reddit.com/r/LetsTalkMusic/comments/1iewen5/the_weeknds_latest_album_was_his_worse_one_yet/,"I've been listening to the weeknd since 2018. I decided to post this today because I'm a hardcore the weeknd fan and I stayed up all night to hear the most disappointing album from him, especially considering that it's his last album before his retirement. I went to school and relistened to the whole album and still felt the same way.

I'm tired of seeing the weeknd fans in his subreddit glaze the album. If any other artist other than the weeknd posted that album, nobody would glaze like this. That's what makes a track stand out, that it's good no matter who posted it. 

There's no melodic vocals like how he does it in his other albums. At some parts where it seems like the songs would enter a chorus into a memorable part, the vocals aren't quite able to grasp it and falls back to a dull melody. Even the mixed versions of his unreleased tracks from Before the Balloons like ""Superhero"" sounded so much more catchy. None of the tracks on the album stood out. The closest was ""Timeless"" and maybe ""Baptized in Fear"".",13
1idq71f,"General Discussion, Suggestion, & List Thread - Week of January 30, 2025",AutoModerator,1738252830.0,7,https://www.reddit.com/r/LetsTalkMusic/comments/1idq71f/general_discussion_suggestion_list_thread_week_of/,"Talk about whatever you want here, music related or not! Go ahead and ask for recommendations, make personal list (AOTY, Best [X] Albums of All Time, etc.)

Most of the usual subreddit rules for comments won't be enforced here, apart from two: No self-promotion and Don't be a dick.",9
1ide2ba,Why did it take so long for synthesizers to become commonplace in pop music?,cerrathegreat,1738210247.0,45,https://www.reddit.com/r/LetsTalkMusic/comments/1ide2ba/why_did_it_take_so_long_for_synthesizers_to/,"Polyphonic synthesizers have existed since the late 1930s, and as we can hear in [We'll Meet Again](https://www.youtube.com/watch?v=h1xrofiEa4w), were already versatile enough by the end of the decade to create interesting and revolutionary sounds while still meeting people's expectations of what pop music should be. You can see a clearer demonstration of the versatility of the *Novachord* (the instrument *We'll Meet Again* was recorded on) [here](https://www.youtube.com/watch?v=YhyeYd8c5og). The song was a massive hit and well-received at the time. 

In most cases, when a new sound technology like this becomes accessible to artists, and once it becomes clear that it can be useful for pop music, it becomes a massive trend in the industry within the next few years. Probably the most famous example was [Believe](https://www.youtube.com/watch?v=DundeXWAfIA) by Cher - the first pop song to use Autotune, which within just a few years lead to a decade-long trend of deliberately computerized Autotune in music.

In the case of the synthesizer, though, it took literal decades before they actually became commonplace in pop music. In the immediate few years following *We'll Meet Again,* this is understandable, since World War 2 stopped the production of the *Novachord* and other polyphonic synthesizers and stripped them for parts. Even after World War 2, though, it was incredibly rare to hear songs on the radio that used synthesizers.

While there are a few notable exceptions like [Telstar](https://www.youtube.com/watch?v=ZxyN3b1bs-w) by The Tornados in 1962, it wasn't until [Good Vibrations](https://www.youtube.com/watch?v=rQ-UFKxDq5o) in 1966 that the trend *actually* seemed to begin, with synthesizers being used more and more heavily in pop music for the latter half of the 60s before becoming ubiquitous in the 70s.

My question is, why did it take almost 3 decades from the first successful pop song using a synthesizer for the instrument to take off more broadly across pop music? Did audiences become more resistant to electronic instruments after World War 2, was it just an issue of artists not being interested or not being able to acquire synthesizers until the mid-60s, or were there other factors at play?",45
1iebjz0,What's with non-debut self-titled albums?,Ok-Impress-2222,1738317968.0,0,https://www.reddit.com/r/LetsTalkMusic/comments/1iebjz0/whats_with_nondebut_selftitled_albums/,"**(Disclaimer: This is NOT a commentary on the quality of those albums.)**

Naming your debut album exactly after your band is a sensible choice. Van Halen, Led Zeppelin, White Stripes, Stone Roses, Christina Aguilera, House of Pain, etc. have done exactly that.

Such a choice means that your debut album is supposed to be representative of who you essentially are.

Of course, you're free to name any of your albums whatever you will.

But then, there are numerous artists whose debut album isn't self-titled, but once halfway through their career, decided to name an album of theirs self-titled. Deep Purple, Blur, The Band, Commodores, Elton John, Pearl Jam, etc.

My question is: What sense does that make?!

Like, are you seriously telling me that, after *Leisure, Modern Life Is Rubbish, Parklife,* and *The Great Escape,* Blur really had no better idea for the title of their 5th album than just Blur? Like, is that their way of saying ""Yeah, I know we made a few really big albums throughout our careers, but this album right here is who we really are""? 'Cuz that's how it seems to me.

And don't get me started on bands whose debuts *are* self-titled, but *also* named another album of theirs self-titled, which there are also plenty of - Killing Joke, Duran Duran, Ricky Martin, etc.

This is not a ""problem"" with these albums, it's just kinda ridiculous to me.",30
1id681n,What makes an album blow up or become successful?,Either_Struggle8650,1738188781.0,21,https://www.reddit.com/r/LetsTalkMusic/comments/1id681n/what_makes_an_album_blow_up_or_become_successful/,"I know it's a combination of factors including timing, unique sound, good and interesting production, strong branding image, luck, etc...I think these matter a lot in the beginning when the artists are first debuting their first one. Ive noticed from commercially successful albums and artists, the sound is supposed to be fresh, new but not too different that it isolates the audience (Adele's 19, Taylor's 1989, Katy Perry's One of the Boys, Dua Lipa's debut album, etc...) with relatable lyrics and catchy melody. But obviously albums with experimented sounds and strong aesthetics also blow up (Billie EIlish's when we fall asleep where do we go, Lady Gaga's The Fame, Lana Del Rey's Born To Die, etc...) but don't necessarily follow the trend of what's popular. Successful singles are what put artists on the map, just that only results in a one-hit wonder (unless they can continuously follow up with more hits), albums are what actually catapults them to stardom and solidifies their legacy. I wonder how much timing and market is really a factor vs the actual quality of music? Is it better to ride the wave of a trend or bring something new/experimental and setting trends?",35
1idmgoa,Dave Matthews Band aren't really that remarkable in the industry.,Glittering-Ad5648,1738242177.0,0,https://www.reddit.com/r/LetsTalkMusic/comments/1idmgoa/dave_matthews_band_arent_really_that_remarkable/,"I know I'm gonna get a lot of crazy feedback (like I really give a f**k), although there's gotta be times where objectivity takes place. So here I go.

Don't get me wrong, DMB are a good band with lots of musicianship & songwriting. Heck I somewhat dig their songs from time to time, yet what they accomplished during their career isn't even memorable & worth noting. 

They have something along the lines of seven consecutive albums debuted at #1 on the pop charts & multiple touring numbers in their 30+ years of activity, however that right there doesn't make them the end all be all of everything. In fact, it only indicates popularity nothing more. 

There's other bands/solo artists before & after who despite how much sales they made had broke new ground & created trends that would impact the entire music business while revolutionized pop culture entirely. DMB isn't one of them unfortunately as their music lacked historic significance. 

Like I said, nothing against them it's just they haven't done anything that's considered a game changing experience. That's all I got to say. 

",22
1icftiu,Thoughts On Older Songs Going Viral on TikTok,Astounding_Movements,1738107292.0,40,https://www.reddit.com/r/LetsTalkMusic/comments/1icftiu/thoughts_on_older_songs_going_viral_on_tiktok/,"As of writing this right now, Imogen Heap's ""Headlock"" is spending its second week on the Billboard Hot 100. I was a bit surprised to see that since I knew this was an old 2000's indie pop classic. Then I remembered, oh right, it's trending on TikTok. Now off the bat, I don't use TikTok at all. I only know this because the ""Just Dance"" video-game community loves TikTok songs, and someone from the subreddit mentioned this song in particular.

My overall stance on TikTok and music is mixed. I'm all for up-and-coming musicians gaining exposure but on the other hand, songs that are tailor-made for the platform aren't all that great either (abcdefu, Twinkle Twinkle Little Bitch, etc). It's very much a case-by-case basis for me.

However, I strictly wanna focus on older songs trending on the platform: Songs like ""Running Up that Hill"", ""Master of Puppets"", or ""Murder On the Dancefloor"". My negative criticism from before vanishes when you consider that these songs weren't made with TikTok in mind. These are ""cult classic"" songs that many people already know & love today that blew up on the app by some means. It makes me happy that these good songs are reaching the mass audience they deserve and making the artists successful with more people discovering them.

I can't think of any downside to this, except for longtime-fan backlash to underground artists making it to the mainstream (Lil Nas X, as an example). What are y'all's thoughts on this? Any other specific examples you want to share?

",76
1ib9ecx,Can we just take a moment to talk about how good Urban Hymns by The Verve is?,MnkySpnk,1737985480.0,62,https://www.reddit.com/r/LetsTalkMusic/comments/1ib9ecx/can_we_just_take_a_moment_to_talk_about_how_good/,"Seriously. As someone who gre up listening to Brit-pop and alternative rock but started getting more and more into all different types of metal, this is one album i always come back to and fall in love with over and over again. The bands history of drugs and in-fighting is no secret, but i think that leads to making an album like this even more of a landmark, even if the follow up, Fourth, was subpar buly comparison and a seemingly final breakup shortly after. 

The Verve started out very shoegazy and even their rockier songs had the spacy, druggy vibe to them which made for excellent chill music, or in my case, the soundtrack for many hours of Mario Kart. A Northern Soul was a more garage band sounding album, but still kept their sound intact, albeit a little more ballady.

Urban Hyms came out and they were even more ballad heavy, probably due to band tensions or the tensions came because of the songwriting direction. Not to mention the drugs. But this album is damn near perfect. Every song is an earworm and every song went to another lever that their earlier work only hinted at. Nick McCabes guitar work was dirty, spacey and layered in such a beautiful way, id say it took those songs to another level. 

Growing up in America, i dont know the impact it may have had in the UK, but outside of Bittersweet Symphony, most people in America have no idea what theyre missing. ",37
1ib3d4x,"Hyperpop was posed as this ""next big thing"" that was going to take the mainstream music scene by storm, why didn't it?",AyyyoniTTV,1737965826.0,130,https://www.reddit.com/r/LetsTalkMusic/comments/1ib3d4x/hyperpop_was_posed_as_this_next_big_thing_that/,"Now before I begin I want to preface this rant by saying I am aware that the label itself ""Hyperpop"" was more something major labels cooked up. 

Earlier scences like PC music never really subscribed to labels and many different terms were used for their work  i.e ""bubblegum bass"". 

The younger artists like ericdoa, glaive, kurtains, brakence are also described as hyperpop but even they themselves have said they do not like the label and some dont even consider themselves hyperpop acts. (and its weird to say that Brakence, 100 gecs and Charli XCX are all the same genre)


Either way most artists that are labeled ""Hyperpop"" actually hate the name and find it a reductive label that was just used by major labels to try and categorise music that didnt quite fit into preexisting genres.

But to get back on track, there was a clear scene brewing online that was gaining momentum, and the powers that be labelled the whole thing as ""hyperpop"", and rumours surfaced it would be the next big thing.

But years later it hasnt really made much waves. Which is odd because music critics online all murmured about this theoretical ""hyperpop"" wave that was coming that was going to shake the music industry the same way genres like grunge and hip hop did.

But since then the closest thing to ""hyperpop"" thats charted well was Charli xcx and while brat summer was a whole thing, the song 360 actually only got to 41 (and honestly, 360's a pretty standard pop song). Her song from 10 years ago with Iggy ""Fancy"", hit number one btw.

Even acts like 100 gecs, released an album 10000 gecs that was more ska influenced.

Country music is dominating the charts right now.

So what happened to this mythical ""Hyperpop"" wave that was going to come in and be the next big thing?

My theory is since hyperpop was just a generic label made by music labels to try and categorize all these different acts, there never actually WAS a hyperpop wave.

It was just different artists blowing up around the same time with styles that couldnt comfortably be categorised as traditional pop and people jumped the gun and said ""NEW GENRE INCOMING MUSIC ABOUT TO CHANGE"" because people love labelling things and hyping up new things.

But whats your opinion?",124
1ibch5o,"What Have You Been Listening To? - Week of January 27, 2025",AutoModerator,1737993622.0,8,https://www.reddit.com/r/LetsTalkMusic/comments/1ibch5o/what_have_you_been_listening_to_week_of_january/,"Each week a WHYBLT? thread will be posted, where we can talk about what music we’ve been listening to. The recommended format is as follows.

Band/Album Name: A description of the band/album and what you find enjoyable/interesting/terrible/whatever about them/it. Try to really show what they’re about, what their sound is like, what artists they are influenced by/have influenced or some other means of describing their music.

[Artist Name – Song Name](www.youtube.com/watch?v=PxLB70G-tRY) If you’d like to give a short description of the song then feel free

PLEASE INCLUDE YOUTUBE, SOUNDCLOUD, SPOTIFY, ETC LINKS! Recommendations for similar artists are preferable too.

This thread is meant to encourage sharing of music and promote discussion about artists. Any post that just puts up a youtube link or says “I've been listening to Radiohead; they are my favorite band.” will be removed. Make an effort to really talk about what you’ve been listening to. Self-promotion is also not allowed.",9
1iatsy4,"""Butt rock"" basically died in the 2010's",JimP3456,1737934218.0,130,https://www.reddit.com/r/LetsTalkMusic/comments/1iatsy4/butt_rock_basically_died_in_the_2010s/,Post grunge butt rock was doing pretty well in the early 2000s. By the mid 2000s it was starting to slow down a bit and by the late 2000s and into the 2010s is was pretty much done in the mainstream. You can make the case that Halestorm was the last big butt rock band because their debut album came out in 2009.  I cant remember any big butt rock bands who debut album came out in the 2010s. The record industry had moved on from signing and investing money into those bands. A lot of it had to do with rampant piracy in the 2000s and the industry consolidating and not knowing how to make money off those bands and that music anymore. There was no more money to invest in radio rock and hard rock music anymore like they had done every decade previously starting in the 70s up till the 2000s. 2010s was the death of butt rock/radio rock/arena rock/hard rock in the popular mainstream.,248
1iax89g,Distaste for innovation in metal music,PaganPrincessSpeaks,1737944261.0,16,https://www.reddit.com/r/LetsTalkMusic/comments/1iax89g/distaste_for_innovation_in_metal_music/,"Being one myself, I've as of late come to ponder on why metal listeners have such a strong reaction to their favorite bands experimenting, or, say, simply trying out a new sound for an album. I ask because I used to be that way, as well, yet slowly realized how little sense it made for me. First, if it's a band you like, why would it ever be an issue? The albums by them that you already enjoy aren't going anywhere, and you'll get to witness how they interpret a different style, evaluate whether it suits them or not, etc. If metal bands through the years hadn't dared to try their hand at new stuff to begin with, we never would've had many subgenres hundreds of thousands have come to love all over the world.

As a couple of examples that baffle me, I'd choose Mayhem and Cryptopsy. Both have albums that were viciously rejected by their fans and the metal community as a collective whole ([*Grand Declaration of War*](https://youtube.com/playlist?list=PLArAJlC1y559MeYpx9pAxl8vBTCX-Gr7G) and [*The Unspoken King*](https://youtube.com/playlist?list=PLkynhWbFCL8kkuNqchp1TlPxNhs-SqgVo), respectively) from the moment they came out. Even if they're different from their earlier releases, they undeniably bear the same ""band spirit"" still, and, far from defacing or losing their identity, I think those were steps in their careers that needed to be taken, for better or worse, and they reflect the stage the bands were at. The most shocking aspect is they were hated even though the musicianship and execution were damn near flawless in both cases, so I'm guessing the rejection must've been from the get-go, perhaps refusing to even listen to them at all, and based on the chosen style, not on the musicianship itself. In the masses' defense, the Mayhem album has, over time, come to enjoy relative retroactive appreciation, but I don't believe the other one has. I get the stigma of extreme bands having to ""keep it cult"", but breaking conventions can even be argued to be more genuine and authentic than mindlessly copying and pasting or recycling past musical exercises.

My questions therefore are: Why do you think metalheads in particular oppose change so vigorously? Why do they insist on bands' immobility so adamantly? Is it something about the specific culture? Why must a band have inevitably ""sold out"" whenever they attempt to evolve? Does this same attitude occur in other music genres? If so, which? Have you had this sentiment yourself? If so, why?",22
1ibm4pv,Is the garbage recording and mixing quality in alternative rock music like that on purpose?,Cappriciosa,1738016965.0,0,https://www.reddit.com/r/LetsTalkMusic/comments/1ibm4pv/is_the_garbage_recording_and_mixing_quality_in/,"Please do not interpret this as me trying to provoke, I really do think that most modern alternative rock sounds like garbage in and the sound quality has stagnated in comparison to almost every other genre that has been gradually been improving in terms of sound engineering, especially electronic, pop, and even acoustic singer-songwriter. It sounds like a singular reverb effect was placed on the ""song\_final.mp3"" and turned all the way up. There's no clarity or distinction between instruments.

Is this sound part of the genre's identity? Like you'll look like you're trying too hard or look less ""underground"" if you take your music to a sound engineer?",40
1ibmbtw,Does Lets Talk Music have a general passive aggressive disdain for rock music?,Motor-Category5066,1738017463.0,0,https://www.reddit.com/r/LetsTalkMusic/comments/1ibmbtw/does_lets_talk_music_have_a_general_passive/,"So many Redditors on here won't waste a chance to point out rock music being old, unpopular or any other number of things. I dunno, is there a general antipathy from Americans towards rock music? Rap and EDM pretty much get a free pass but rock is called out for everything in including ""production"" not being polished enough. I can only surmise the rebellious attitude of rock offends buttoned down nerds.",35
1i9zbma,What happened to long improvised guitar solos?,chipiberth,1737845350.0,81,https://www.reddit.com/r/LetsTalkMusic/comments/1i9zbma/what_happened_to_long_improvised_guitar_solos/,"So we know back in the 70s and 80s (primarily but not exclusively) guitar solos were a very important part of not only the music, but the show itself, having from 6 to 15 minutes of guitar solos (or more). 

But people got tired of it, it wasn't marketable enough, times change blablabla but I was wondering, currently there are freaking amazing guitarists out there: Manuel Gardner Fernandes, Tosin Abasi, Tim Henson, Synyster Gates, Plini, just to name a few.

And even though each one of them are amazing players, none of them improvise live. They could give us an amazing solo, but they stick almost note for note to the studio version of their songs. Don't get me wrong, that is impressive by itself, but I kinda miss hearing a live show and knowing that each performance will be different due to the musical improvisation 

What do you guys think? ",86
1i9lq8z,"'Weird' Al Yankovic's ""Achy Breaky Song"" Is Actually a Devastating Diss Track. Discuss.",sozh,1737807393.0,110,https://www.reddit.com/r/LetsTalkMusic/comments/1i9lq8z/weird_al_yankovics_achy_breaky_song_is_actually_a/,"I guess Billy Ray Cyrus performed at the U.S. presidential inauguration, and it was a ""train-wreck,"" from what I [gathered on Reddit](https://old.reddit.com/r/Music/comments/1i800ub/billy_ray_cyrus_son_pleads_i_dont_recognise_you/). People were discussing ""Achy Breaky Heart,"" and it got me thinking about Weird Al's 1993 parody: [""Achy Breaky Song.""](https://www.youtube.com/watch?v=d7kfm6QmROA)

What I find interesting about Weird Al's parody is two things in particular:

-His parody directly targets the song itself, calling it out as bad. Often, his parodies take on other topics, but this one is a direct shot at ""Achy Breaky Heart.""

There may be more, but the only other Weird Al song I can think of that's similar would be ""This Song Is Just Six Words Long,"" ... well, and maybe ""Smells Like Nirvana.""

So... I guess it's not unprecedented. But it's rare for his parodies. 

-Then, OK, so Weird Al takes aim at ""Achy Breaky Heart."" Fair enough. But what's kind of remarkable is that to point out how bad he finds that song, he lists other ""bad"" artists that he'd rather hear. This is pretty savage. He calls out:

-Donny and Marie
-Barry Manilow
-New Kids on the Block
-Village People
-Vanilla Ice
-Bee Gees
-Debby Boone
-ABBA
-Slim Whitman
-Zamfir
-Yoko Ono
-Tiffany

What do you all think of his list of artists here? 

Seems like he is naming bands that could be considered ""annoying."" But I feel like this is a perfect example of ""catching strays."" Barry Manilow just minding his own business, and suddenly Weird Al calls him out...

Anyway, the song is hilarious, I just find it interesting. On the song's [Wikipedia page](https://en.wikipedia.org/wiki/Achy_Breaky_Song), it mentions:

>The liner notes for the album Alapalooza state that ""All songwriting proceeds from Achy Breaky Song will be donated to the United Cerebral Palsy Association."" Yankovic stated that this was done because since the song itself was so ""mean-spirited"" he thought that he might as well donate the money earned to a charitable cause.

I wonder if Weird Al thought the song was mean-spirited toward Billy Ray Cyrus, the other artists mentioned, or both.


I guess, too, we should note that Billy Ray Cyrus' was not the original version. In the other reddit thread, someone pointed to: [""Don't Tell My Heart"" by The Marcy Brothers.](https://www.youtube.com/watch?v=QD0x--qavfo&t=6s)",47
1i9m130,"let’s talk about the hip hop group, clipping.",Apprehensive_Spend_7,1737808523.0,32,https://www.reddit.com/r/LetsTalkMusic/comments/1i9m130/lets_talk_about_the_hip_hop_group_clipping/,"clipping has been one of my favorite hip hop acts out there ever since i heard their most recent album, “visions of bodies being burned”. clipping. have a unique blend of horrorcore as well as other genres, i would say they are carrying the torch than many older groups started out with. 

their first album or mixtape “midcity” is a solid if scattered entry. i really like lots of the songs, and this is definitely their most noisy record. this is probably my least favorite of their albums but i still really enjoy that mixture of noise music and horrorcore. 

their second album was “clppng” which is just amazing. full of these unconventional club bangers that are incessantly catchy. they also featured a legend of the horrorcore genre, gangsta boo. the choruses on this thing are really something you’d expect to hear on a different style of hip hop, but clipping. turns them into scary and unnerving songs. 

“splendor and misery” is their 3rd album, and a really interesting one. this is their most narratively sound project, very story forward. it’s about a slave in the future being aboard a ship and it’s about his escape among other things. i would say this is their least “scary” album, not so much horror sounding as others, but this one is unique in their discography. this album features some gospel samples which i think is super cool. 

now these most recent two albums are some of my favorite hip hop albums ever. “there existed an addiction to blood” is a horrifying look into real life suffering. the lyrics are incredibly vicious and sometimes even gory. upon first listen i thought daveed diggs was just referencing some unknown horrors like a monster or something, but he is actually talking about real life racism and the suffering that real people sometimes go through. the album is very atmospheric and haunting, the tracks all have unnerving and sometimes anxiety inducing instrumentals. but every song really sticks with me whether it be because of the lyrics or because of the actual sound of the song. one of my favorite songs on the album has to be “nothing is safe” which details a squad of police busting a drug operation in all its grisly detail. 

their most recent album “visions of bodies being burned” is in my eyes, a modern hip hop masterpiece. lyrically more out there than the previous album, diggs still tackles some real life struggles. this album i find to be a little less disturbing that “there existed” but it still has its moments. i think the groups most frightening song appears on here, “she bad” is a really odd and eerie one. lyrically and instrumentally it is very affecting. 

another thing i need to mention is daveed diggs storytelling and voice. he is such a good lyricist because you can really picture the scene he is painting. his voice matches the music so well and really pulls you in. i mean the guy is also in hamilton, which is just insane to me. 

they have a new album coming soon called “dead channel sky” which is shaping up to be excellent based off the singles. what do you all think of clipping.? ",14
1i9fypb,What would the cultural impact of Nirvana have been if “Smells Like Teen Spirit” wasn’t on Nevermind?,splitopenandmelt11,1737782606.0,70,https://www.reddit.com/r/LetsTalkMusic/comments/1i9fypb/what_would_the_cultural_impact_of_nirvana_have/,"I feel like almost immediately they achieved “generational artist” status largely based on the doors “Smells like Teen Spirit” opened for them. 

So many people came through those doors based on “Smells like” and realized all their material was great. But without that one killer single that blew up worldwide, do you think Nirvana is still as big of a deal?

I read an interview with Krist that said it almost didn’t make it off a boombox demo. 

So what changes if the generation-defining track isn’t on the generation-defining album?

If their most well known song was “Come As You Are” what kind of cultural legacy does Nirvana leave behind?",63
1i8yy14,Let’s Talk: FKA twigs,wildistherewind,1737735017.0,26,https://www.reddit.com/r/LetsTalkMusic/comments/1i8yy14/lets_talk_fka_twigs/,"Today is the release day of *EUSEXUA*, the hotly anticipated album by FKA twigs. I wanted to open up a discussion here to not only get day one feedback but also better understand how fans of her music first found her. Does *EUSEXUA* live up to your expectations? Can we talk about the album roll out and the frenzy around her live shows debuting music from this album? Of course twigs isn’t the first person to make a rave-themed album, but this album is admittedly a pretty big deal at a high eschelon of pop stardom? Will we see more albums like this by other pop musicians in the near future?",28
1i8i61q,How do you personally feel about a cappella groups?,Matilda_Mother_67,1737677246.0,32,https://www.reddit.com/r/LetsTalkMusic/comments/1i8i61q/how_do_you_personally_feel_about_a_cappella_groups/,"Personally, I don't mind them at all. I've always liked to sing, even though I was never formally trained on it and just do it when no one else is around. 

I really like a group called Home Free. But I get the feeling that a lot of people across the internet are torn: some like them, but others think they're dumb and unnecessary. But I'm wanting to hear from all of you and why you feel the way you do about them.",76
1i86hcw,"The divide (and intersection) of ""high brow"" and ""low brow"" in music",QTwannaB,1737647660.0,130,https://www.reddit.com/r/LetsTalkMusic/comments/1i86hcw/the_divide_and_intersection_of_high_brow_and_low/,"I recently stumbled across a [VICE article](https://www.vice.com/en/article/cryptopsy-none-so-vile/) on the album *None So Vile* by Cryptopsy, and it makes a really interesting point.

To summarize the first paragraph of the article: Death Metal (especially Technical and Brutal Death Metal) sits at a strange intersection between high and low art, where the musicians are all extremely skilled at their instruments, but then they wrap that technical proficiency and musical virtuosity in a very ""low-brow"" package, utilizing lyrical and album art aesthetics associated with cheesy B-horror movies, and very primal, guttural-styled vocals.

This got me thinking about hyperpop and PC Music because it does something very similar with blurring the lines of ""high"" and ""low"" art. AG Cook, the founder of the PC Music label, has [criticized this divide between ""low brow"" and ""high brow"" music](https://youtu.be/INSugJy1BBw), wanting to eradicate it altogether and challenge the idea of seeing mainstream pop music as a ""guilty pleasure."" PC Music embraces the ""low brow"" tropes and clichés of pop music and pushes them into weird, experimental, almost avant-garde territory—not as parody or satire, but out of a genuine love for pop music, treating it as art worthy of serious, deeper exploration and examination.

What do you all think about this divide and interplay of high and low art in music? Are there other genres, artists, or styles where this dynamic plays out? Do you agree with this distinction in the first place?",59
1i86m6s,"General Discussion, Suggestion, & List Thread - Week of January 23, 2025",AutoModerator,1737648004.0,7,https://www.reddit.com/r/LetsTalkMusic/comments/1i86m6s/general_discussion_suggestion_list_thread_week_of/,"Talk about whatever you want here, music related or not! Go ahead and ask for recommendations, make personal list (AOTY, Best [X] Albums of All Time, etc.)

Most of the usual subreddit rules for comments won't be enforced here, apart from two: No self-promotion and Don't be a dick.",3
1i8tp07,Should a song be longer than 3 minutes?,None,1737719683.0,0,https://www.reddit.com/r/LetsTalkMusic/comments/1i8tp07/should_a_song_be_longer_than_3_minutes/,"It seems like a stupid question but people nowadays have an attention span of a goldfish or they don't even care about music anymore and some people think music shouldn't be longer than 3 minutes, i saw an interview of an artist talking about songs they said 
Songs don't need to be longer than 2 minutes and 30 seconds, that a song has no need to have a bridge and a long outro

There are so many songs that has a length more than 3 minutes like pyramids by frank ocean
 (9 mins), fishmans - long season (30 mins), Sweet/I Thought You Wanted to Dance (9 mins), runaway - kanye (9 mins) etc.

",34
1i7ixoe,The Band,Necessary_Monsters,1737572585.0,122,https://www.reddit.com/r/LetsTalkMusic/comments/1i7ixoe/the_band/,"With the death of Garth Hudson yesterday, all of the original members of The Band have passed away. 

On this sad occasion, I'd like to reflect on the legacy of one of most groundbreaking, beloved, and influential bands in the history of rock music.

After paying their dues on the road as backing musicians for Ronnie Hawkins and then Bob Dylan, the quintet of Hudson, Robbie Robertson, Rick Danko, Richard Manuel and Levon Helm (the group's only American member) released their debut album in 1968; while it only peaked at 30th place on Billboard and never earned a platinum certification,   it had a profound impact on both contemporary musicians and future musicians, laying the groundwork for what later became known as roots rock and/or Americana music.

Their self-titled album came out in 1969, the same year they played Woodstock (and were left out of the film due to manager Albert Grossman's excessive demands.) While various addictions disrupted The Band's momentum and eventually led to their breakup in 1976, they continued to put out good music (live and in the studio) in the seventies, culminated in the classic documentary about their final concert, *The Last Waltz*, directed by Martin Scorsese and featuring Dylan, Clapton, Van Morrison, Muddy Waters, Joni Mitchell, Neil Young and other guest stars.  


From George Harrison, Eric Clapton and Richard Thompson in the late sixties to Counting Crows, Black Crowes and My Morning Jacket in the nineties to The Hold Steady and Grace Potter and the Nocturnals in the 2000s, bands have consistently found inspiration in The Bands' blend of country, soul, r&b, folk and other American genres. The Complete Last Waltz tribute concerts, for instance, have featured members of Wilco, Dr. Dog, The Shins, Fruit Bats, Blixen Trapper, Gomez and Clap Your Hands Say Yeah; The Band was a band of musicians' musicians.

What are your thoughts on The Band, their legacy, and their late virtuoso multi-instrumentalist Garth Hudson? ",43
1i7t23q,[List] Greatest Hits Artists,singcarolacarol,1737599176.0,29,https://www.reddit.com/r/LetsTalkMusic/comments/1i7t23q/list_greatest_hits_artists/,"By this I mean artists best enjoyed by the best of compilation, where they never really create what's universally regarded as a great album but still made a good chunk of great material during their career.

In my opinion, The Police is the quintessential Greatest Hits band, where their best albums even at their most acclaimed lack the same critical darling factor of their contemporaries such as New Order, Talking Heads, and XTC. Despite so, they still have a dozen well-loved songs that are still popular and well-loved.

Edit: I like the Police..... But even on RYM they only have one bolded album, which is quite a bit less than their top contemporaries ",93
1i79b52,When did music in a TV show most move you?,flatandroid,1737546434.0,52,https://www.reddit.com/r/LetsTalkMusic/comments/1i79b52/when_did_music_in_a_tv_show_most_move_you/,"This week, I watched the third episode of the first season of The Last of Us where Bill plays Linda Ronstadt’s Long Long Time on the piano and I was in tears. The writing of that episode is already seriously amazing and a lot has already been said about it around the Internet. Less has been said about the influence of that song on the emotional impact of this episode, which broke ground in so many ways. And of course it’s had me thinking about all of the different ways that music has been supporting the so-called golden age of TV. Think about Don’t Stop Believing in the Sopranos and Baby Blue at the end of Breaking Bad.

What other amazing musical moments stopped you dead in your tracks and elevated what you were watching to new heights? How has the new technology of music discovery and streaming changed how music editors and producers select songs for scenes? How has the music publishing world responded to align with the changes? I don’t remember music in TV ever having this kind of impact when I was a kid in the 1970s and 1980s. What has changed? ",115
1i7gtb2,When does music go beyond just being entertainment and become art?,wembly86,1737567501.0,0,https://www.reddit.com/r/LetsTalkMusic/comments/1i7gtb2/when_does_music_go_beyond_just_being/,"I've been thinking about whether all music can be considered art. Like, there’s a difference between a comic book and a novel by Zola (one's studied and the other isn’t) Can songs made just for money really be art? Can noise, rap, and rock all be considered the same kind of ""art""? What even defines art in music? Sometimes, I feel like only Radiohead’s discography or some obscure experimental bands get that label. Maybe I'm overthinking it, and art is just when someone creates something themselves?

Share your opinions!",28
1i6pbpz,How do you guys give a review and rating to songs/albums?,None,1737483824.0,4,https://www.reddit.com/r/LetsTalkMusic/comments/1i6pbpz/how_do_you_guys_give_a_review_and_rating_to/,"You know not a review like ""this album is good because i think it's good"" but it needs to be reasonable or something like ""oh this album is good because it shows... and it gives you a ... experience"" like they pull up an essay on a review like you know to make person who read a review feels like ""oh i should try this one maybe it's good as this reviewer said"" on a review website (aoty, rym, pitchfork etc.)

When i listen to an album i dont get the vibes of the song like others do idk maybe im tone deaf but like i like songs because it's just good and that's it",17
1i66l0m,"The most obscure band I know, and love--Lambchop",CormacCamus,1737421514.0,75,https://www.reddit.com/r/LetsTalkMusic/comments/1i66l0m/the_most_obscure_band_i_know_and_lovelambchop/,"This is an essay I wrote about how I discovered Lambchop, an extremely prolific band that has been performing for 32 years now...and literally **no one** I've ever met has heard of them. So, I felt compelled to try and introduce people to their music via my experience. This essay is about 5 of their songs.

I hope you enjoy, and also: what is your favorite most **obscure** band/artist? Is there a story to how you came across them? Have you ever met other fans in the wild? Tell us about it!

# Lambchop and I

If you decide to read this essay, do so when you have the spare time to also listen to the songs. And before you read, get your best pair of headphones, or get ready with the best speaker you’ve got. I’ll wait.

\_\_\_\_\_\_\_\_\_\_\_\_\_\_\_\_\_\_\_\_\_\_\_\_\_\_\_\_\_\_\_\_\_\_\_\_\_\_\_\_\_\_\_\_\_\_\_\_\_\_\_\_\_\_\_\_\_\_\_\_\_\_\_\_\_\_\_\_\_\_\_\_\_\_\_\_\_\_\_\_\_\_\_\_\_\_\_\_\_\_\_\_\_\_\_\_\_\_\_\_\_\_\_\_\_\_\_\_\_\_\_\_\_\_

It was 2008, and I was driving home on winding country roads from watching a comet shower in a field in my small college town of Clemson, South Carolina. My friends and I had pointed to the shooting stars, tracing their quickly fading cuts in the sky and laid on blankets laughing until past midnight. I drove home alone, past cow and horse fields. I tuned the radio to WSBF (or *WizBif )*, the station of Clemson University — where I hoped to transfer to from my community college. A song lilts forward, an uneasy creaking sound quiet in the background as a tone begins to envelop me. A lonesome, echoing drumbeat gives way to splendid acoustic guitar and sparse piano to drift us along a string of moments, impressions addressed to someone, like a letter hesitantly read aloud through Kurt Wagner’s baritone voice:

>*Sadly, all of our business*  
*Is the business of our dying here at home*  
*And you ought to understand that*  
*For the moment things sound pretty good that way*

There’s a sorrowful splendor to the song. There’s a country quality to the guitars, a bit of a country music drawl. A longing, a desire. It feels as honest as a confession, and it feels flighty, unsure of its own meaning, but sure of feeling in the way songs carry moods within them and *transfer* those feelings more vividly than any other art. The song on the radio delivers such a distinct mood of both longing for the past as well as feeling troubled by that longing, that aching of life’s inevitable growth pains.

>*I’ve been looking through these pages*  
*Of a diary that they made me keep in school*  
*And the words were really awful*  
*But this picture that I found of you was cool*

“Can you feel me now?” Wagner asks. And then the song draws downward toward an end, a quieting. A moment…

Then the song erupts with all its instruments, the distortion from the background brought forward, made louder, as the song transforms into an instrumental coda. A faster paced, thrumming stretch of song that underscores the unspoken wellspring of feeling beneath the images given, the pain laden certainty of life’s many endings, and a swelling admiration for its beauty all the same.

The song finally ended.

And then, it began again.

As I finished the last few miles of my drive home, passing fenced in pastures, my headlights briefly painting the sides of decaying wood barns and quickly falling past, sometimes glowing the eyes of a deer and her fawn by the edge of the road — the song inexplicably played again and again and *again*. Like someone had fallen asleep on the controls at the radio station. Or, maybe someone played a lovely prank to give more exposure to Nashville’s “most fucked up” country band. I pulled into the driveway of my family’s home laughing to myself about the absurdity of this very peculiar, very long, strange song looping over and over, for hours on the radio. When I got in my car the next day to drive to class — it was *still* playing.

My forever wondering how that whoopsie was let to air for at least 15 hours on the radio only adds to my affinity for the song, the voice, the perspective. And especially, as I’d come to learn with time, the circumstances of my discovering this song remind me of this band’s own bizarre and warm sense of humor.

The song was “Popeye” by the band, Lambchop\*.\*

Now here is where I encourage you to pause your reading, and to *listen*. Think of it less like a piece of media to dissect, and more like a felt experience. If you’ve never heard them before, then I want to give you an *experience*. An impression of one of America’s longest running musical endeavors — Lambchop being a continually ebbing and flowing project of Kurt Wagner’s, with the arrangement of fellow musicians collaborating and disappearing and returning with every one of the project’s 16 albums. Each album is a reaching, vibrantly experimental and lavishly instrumental expression. I must agree with a [review](https://archive.org/details/uncut-uk-october-2022/page/n21/mode/2up?view=theater) of their most recent album, *The Bible:* as an artist, Kurt Wagner is always making “ceaselessly unpredictable music.”

When you have the time, close your eyes, and just listen. I can’t promise you’ll love it, but I can guarantee if you’ve never heard Lambchop, then you’ve never heard anything quite like it.

""[Popeye](https://youtu.be/I6lkLZw2t7g?si=wBHfu9fnL_7X6YPD)"" by Lambchop

What I am attempting to do here is not to give you historical background on Lambchop, or Kurt Wagner. Not to give you reviews of their songs or albums — instead, I want to give you a personal history of my encounter with their music. My own history of how Lambchop’s music entered my life and how it has stayed with me, and what it has meant to me over 17 years. I want to explore how it is that particular songs by particular artists somehow stand out more vividly to us than others. How they somehow remain with us, change with us, reveal themselves to us in new ways over time.

Lambchop has been performing as “Lambchop” since 1993, with the only constant of the band being the presence, the singing, songwriting, and guitar playing of Kurt Wagner. I discovered them on their 10th album *(OH) Ohio*, the album from which “Popeye” came from. They grew, slowly, into my favorite band. Yet, even though they came to mean so much to me, I’ve barely listened to any of their music prior to *(OH) Ohio*. And, out of the 6 albums of theirs to come out since that one, I’ve really only delved deeply into 3 of them, though I have listened to songs from all of them.

The closing song of *(OH) Ohio* is “I Believe In You.” I had known that song for many years already when I met the woman from Dayton, Ohio, smoking alone on a patio outside my apartment in Portland, Oregon. I was coming outside for a cigarette too, a hand-rolled one which I was prone to doing at the time, hilariously. We each said hello. She had just been stood up on a date, and we talked. We kept talking. What turned into cigarettes together, turned into hours spent together, to days spent together. Our relationship was ambiguous at times. Always intimate. And always contained a deep, natural fondness for each other, no matter how we felt otherwise. She became someone I couldn’t stop liking, it just grew and unfolded and built upon itself until I eventually started to realize that within me, love had grown for another person in a place I wasn’t sure I could ever feel it.

We lived through hard times together, early. My father’s losing his mind and accidentally burning my family’s home down, her father dying slowly in a hospital bed, unsure of how long any future can hold. Our families on the other side of the country from Portland, as well as most of our friends. There was my failed and broken engagement back in South Carolina. For her, there was the proposal she turned away from in Ohio. In very many ways we *saw* each other, more than other people truly saw either of us.

Over time, we would come to feel like two perfectly woodworked joints finally sliding together and fitting. We fit. Never in my life had someone *fit* me like she did, and like how I fit her. Through so much pain in our lives, we were always so naturally able to soothe and forgive each other, and climb, together, back to a place where two hurting human beings can mirror each other’s interior light, precisely and gently, and show *each other* how to love.

Lambchop’s “I Believe In You” is the first Lambchop song I ever shared with her. It is one of the only times I had ever shared their music by this point in my mid-twenties. Other people I had shared their music with mostly shrugged about it.

“It’s pretty weird. What’s he saying most of the time?” they usually said.

Yet, “I Believe In You,” in my opinion, is one of their sweetest, most accessible, and most enchanting songs. If nothing else, everyone likes *this* Lambchop song. I will challenge you, reader, to not find yourself smiling a little, at least once during this song. If nothing else.

I shared this song with the woman I love when I felt like she needed it. Needed something. She had lost a friend to suicide not long before. She was hurting in a complex and deeply layered way. Her grief and her hurting became a depression, one I could recognize as somewhat like my own which also meant that I had little idea how to cure it. One day, she was getting on a train to go somewhere, not for long, I knew I’d see her again soon, but we weren’t an official couple yet. As she got on the train, I had never seen her so dimmed. As if a dial had been turned down. She boarded the train, this lonesome beauty, and she sat alone as I watched her go, wishing I could do any damn thing.

We hadn’t said “love” yet. We hadn’t named the thing that tingled between us. But I knew this woman was hurting, and I felt the need to give her something. So I pulled up this song, copied the link, pasted it, and texted it to her. And waited.

Fortunately, this song found its way to her as if I flicked a candle toward her in the vast darkness separating us, and it floated all the way to her hand, just when she was about to stop believing in light. To this day, if I ever play this song, we end up holding each other.

I hope it can mean something to you too.

""[I Believe in You](https://youtu.be/yTVHwBbmF-E?si=eLNfJixHJtvyGq1T)"" by Lambchop

>*Well, I know with all my certainty*  
*What’s going on with you and me*  
*Is a good thing*  
*and it’s true*  
*And I believe in you*

And I did.

>*I don’t wanna freak*  
*but the tongue erodes each time we speak*

That line, from Lambchop’s song “Nashville Parent” off of their album, *Nixon*, has swirled around in my head and rolled off my tongue for many years. It is one of the few songs off of *Nixon* that I return to often. Like I said, there are many earlier Lambchop albums, but I have only listened to a smattering of their songs. But I think this song is a perfect example of Lambchop’s greatest works.

Like the line about our tongues eroding, Lambchop, or maybe just Kurt Wagner, is often concerned with life’s inevitabilities. Big and small. The strange ways our lives shift and change, our bodies, our minds. The unending, marching change of the world around us. In “Nashville Parent” we also see an elevation of the everyday, the ordinary and mundane. Lambchop elevates small, common moments into moments of shared beauty, or absurdity, or humor.

>*Take the B train or the shuttle*  
*at the exit have a smoke*  
*try to spit onto the sidewalk*  
*instead you wipe it off your chest*

This song also, for me, is Lambchop at their “countriest.” The song has the beauty and lavish instrumentation of a 70’s country ballad, despite the peculiar and funny subject of the lyrics. The electric guitars, the swelling string section, the pedal steel guitar: it’s Nashville through and through. It’s a spectacular, lush arrangement. For me, it’s just one of those songs that I find lovely, and the lyrics continually re-emerge in my mind. I think of my tongue eroding when I find myself blathering a bit too much about my favorite movies.

*Nixon* was a breakthrough album for Lambchop, charting well for an indie record, especially in the UK. Their sound here is as rich and full as it gets. This is the song that reminds me, *oh yeah*, they started as a truly Southern, country band. As a Southerner, I can’t help but swoon a little.

""[Nashville Parent](https://youtu.be/QiLBMSPmayo?si=pVSQ2FJO_Y04DvaX)"" by Lambchop

To return to *(OH) Ohio* one more time, we come to what I think is not only one of Lambchop’s greatest ever songs, but to what I think is the single most beautiful song I know.

“I’m Thinking of a Number (Between 1 and 2),” is also one of the first Lambchop songs I heard when I looked up the band after hearing “Popeye” repeat itself over and over on the radio. It is a song that I liked right away, but its power grew on me over many years, and eventually, came to mean much more.

Other people may hear it differently, but to me, this is a love song, as pure as they come. The narrator, presumably Kurt, has found her — the woman he loves. His focus on her feels utterly devoted. He continually finds her, for he is always looking for her.

>*And I’m gonna find you*  
*Find you like some beautiful poem*  
*And you’re gonna like it*  
*Just wait till we get home*

That line has circulated my thoughts many times: “Find you like some beautiful poem.” Some of my favorite poems I have found by opening poetry books to a random, middle page and just reading the first poem I see. I don’t know why I do that. Forcing serendipity’s hand? It does work sometimes. When you read a poem that suddenly connects with you, suddenly means something to you, it is no longer just a poem. It becomes a part of your life, of yourself.

People are the same. We know so many people, but once you know a person’s favorite sweater, the painting they’ve loved since they were a little girl, or the way their hair smells and feels just out of the shower: you realize all of it is precious. It is rare and wonderful to know anyone on such a level. And I think, deep down, we all wish to know and be known in such a way.

>*But I won’t tell you*  
*That love is a variable thing*  
*Like the shape on your ass that*  
*I noticed when you walked away*  
*From me*

My fiancé has a birthmark, in the same place, and I told her once that this song lyric feels tattooed on my soul now. A line I always thought was sweet and charming, noticing and loving something so intimate, but the line feels *meant* for us now. It feels prophetic. I used to think so much about finding her, like the narrator of the song seeks to “find you”, and once I finally did, the feeling of this song transformed, for me, into that of celebration.

>*And please don’t you tire of me*  
*I know that you’ve waited so long*  
*We can hold one another*  
*Till the other is gone*

Those last two lines have always made my heart ache with their double meaning. I hear it as two lovers holding one another until the “otherness” of each other, between all people when they are strangers to each other, is gone. That their love has washed away differences and misunderstanding. I also see the more literal meaning: that this man wants to hold onto his woman for as long as they possibly can, until one of them is eventually, inevitably, gone.

On some days, this is my single favorite Lambchop song. On other days, I might feel differently. But it is absolutely the most *beautiful* song I know.

""[I'm Thinking of a Number (Between 1 and 2)](https://youtu.be/7zJVTb4V1DY?si=txlvf30UJnQvllk6)"" by Lambchop

Our final song is also one that I often think of as my single favorite song. Lambchop’s most recent album is entitled *The Bible*. The first track is “His Song is Sung.” I first heard this song when I saw that a new Lambchop album had dropped, and I listened on my earbuds walking around a cheap motel and literally kicking rocks late at night somewhere in Bend, Oregon. It stood out to me immediately as something powerful.

This song starts out lavishly, full of brass and string ensembles, then it becomes something smaller, more intimate with minimal piano, and then it explodes into a magnificent final third. It deals with the decline of his aging father, how he feels about the passing of time, and how he would like to be thought of once he himself is gone. I feel like a moment in this song even works as a thesis statement for all of Lambchop’s work:

>*We speak in loose abstracted thought*  
*Waiting for a place to fill*  
*It’s not the content of the doing*  
*But what you’re feeling in the end*

That when you walk away from a song, or a poem, a painting, or a film — that what you’re *feeling* is what matters. Not some intellectual analyzation, or some hardline opinion of meaning — but what that piece of art *gave* you. In particular. What associations and feelings and memories came awake for you because of it? I feel that Wagner is a songwriter and musician who cares far more about transmitting *mood* and *feeling* than any particular meaning. When you read an entire novel, you don’t remember all the best bits of dialogue or prose — you remember how you *felt* once you closed the book.

Some might think it perverse, but I often think, when I listen to “His Song is Sung” — “I’d like this to be played at my funeral.”

Why?

First, I think it’s astoundingly beautiful, like much of Lambchop’s music, but I also deeply enjoy the way it unfolds and transitions and transforms. It feels like an entire life playing out. Moments of quiet. Moments of grandeur. Moments of uncertainty and moments of striking clarity in meaning. It is *like* life: “ceaselessly unpredictable.”

I imagine my funeral service. Of course people are in black and, hopefully, some are crying because they loved me so much. I’m hoping my fiancé won’t be there, hoping that we died together holding hands (one can dream, right?) After my friends and family who want to speak about me have spoken, the person conducting my funeral will step up and say:

“/u/CormacCamus wanted us to listen to his favorite song, from his favorite band. He hoped you would enjoy it as much as he did.”

""[His Song is Sung](https://soundcloud.com/lambchop-official/his-song-is-sung?si=4f3af7b6cf9344b0a3eb1fcab1ffa1d6&utm_source=clipboard&utm_medium=text&utm_campaign=social_sharing)"" by Lambchop

>*Across the interstate the world is like another world*  
*And I wanna believe in that*  
*It should get easier with time*  
*And I’m an unnamed bird that sings the same sad song*  
*And my song is sung*  
*That’s how I wanna believe in that*  
*And it gets edgier with time*  
*No one’s edgier than* ***I***

And after — *that* — everyone at my funeral will be looking around at each other. Scratching their heads. No one saying it out loud, but everyone kind of wondering “what the hell was that?”

Someone might say, “Well, it *was* kind of beautiful.”

“It was sorta fucked up and *weird*, too,” someone else mutters.

And then, from wherever I am, I’ll poke my head out from my ghost’s costume and say:

“*Exactly*.”

\_\_\_\_\_\_\_\_\_\_\_\_\_\_\_\_\_\_\_\_\_\_\_\_\_\_\_\_\_\_\_\_\_\_\_\_\_\_\_\_\_\_\_\_\_\_\_\_\_\_\_\_\_\_\_\_\_\_\_\_\_\_\_\_\_\_\_\_\_\_\_\_\_\_\_\_\_\_\_\_\_\_\_\_\_\_\_\_\_\_\_\_\_\_\_\_\_\_\_\_\_\_\_\_\_\_\_\_\_\_\_\_\_\_

Thanks for reading :) now let's talk about the oddest, most obscure bands and artists that we feel people need to know more about!",41
1i66tt4,Music in 2025-2029,hotdogstarfish13,1737422235.0,20,https://www.reddit.com/r/LetsTalkMusic/comments/1i66tt4/music_in_20252029/,"This has just been on my mind a lot lately and I wanted to see what this sub’s opinions are on it. Disclaimer before you read this, I’m not trying to make a political statement with this and really don’t want to get slammed or make anybody mad. Feel free to correct anything if I’m wrong. 

I’ve been reading a lot of what people are saying about a possible music culture shift in 2025. Trump has been inaugurated today, and along with him coming back into office, a lot of traditional things are coming back into American culture. (EX: Trump announcing that he will sign executive orders that there are only two genders.) I’ve been seeing people say a lot of woke things will be heavily criticized by most Americans and that you won’t see as many things having to do with that in the coming years of Trump’s presidency.

This might be kind of a random reference but at Woodstock ‘99, the vibe was a lot of white male supremacy considering most of the audience of bands and artists like Limp Bizkit and Kid Rock were straight white males. Women were being assaulted left and right and that was part of the reason for it being such a mess. Knowing this, it made me wonder if the conservative trends within the country right now will affect what bands/artists are popular and what kind of music people are writing. 

On the other hand, will there be a new counter-culture because of all of the built up anger with Gen Z involving all of the things going on in America right now? As a teenager I see a TON of people on social media that are my age ranting about Trump being elected and all of the things they are upset about in the country. Maybe there will be a more heightened punk revival, or maybe even something like a grunge revival because both of those genres were fueled by teenage/young person angst. 

Edit: Grammar ",50
1i6rj50,How Do You Engage With Your Favorite Artists?,HotJ8686,1737489197.0,0,https://www.reddit.com/r/LetsTalkMusic/comments/1i6rj50/how_do_you_engage_with_your_favorite_artists/,"Hey Reddit! 👋

I'm a grad student currently living in Boston and have been spending a lot of time thinking about how we engage with our favorite artists and wanted to open up a discussion here.

Here are a few things I’m curious about:

* **How do you usually engage with your favorite artists beyond just streaming their music?** Maybe following them on social media, going to live shows, buying merch or even watching a live concert on something like Fortnite — what works best for you?
* **Which platforms do you find yourself using the most to stay connected?** Whether it’s Instagram, or even Patreon or Discord, what draws you in?
* **If your favorite artist offered exclusive content like unreleased music or behind-the-scenes videos, would you be interested?** What kind of content would excite you most? Would you pay for this content?

I’m just trying to get a better understanding of how fans and artists connect these days, and I figured Reddit would be the perfect place to have this conversation. Share your thoughts—I’d love to hear your perspective! 🎤🎧",20
1i5tgw5,"What Have You Been Listening To? - Week of January 20, 2025",AutoModerator,1737388842.0,22,https://www.reddit.com/r/LetsTalkMusic/comments/1i5tgw5/what_have_you_been_listening_to_week_of_january/,"Each week a WHYBLT? thread will be posted, where we can talk about what music we’ve been listening to. The recommended format is as follows.

Band/Album Name: A description of the band/album and what you find enjoyable/interesting/terrible/whatever about them/it. Try to really show what they’re about, what their sound is like, what artists they are influenced by/have influenced or some other means of describing their music.

[Artist Name – Song Name](www.youtube.com/watch?v=PxLB70G-tRY) If you’d like to give a short description of the song then feel free

PLEASE INCLUDE YOUTUBE, SOUNDCLOUD, SPOTIFY, ETC LINKS! Recommendations for similar artists are preferable too.

This thread is meant to encourage sharing of music and promote discussion about artists. Any post that just puts up a youtube link or says “I've been listening to Radiohead; they are my favorite band.” will be removed. Make an effort to really talk about what you’ve been listening to. Self-promotion is also not allowed.",20
1i4p2fy,Had there ever been a criticism against “rich kids in Rock” before the Strokes?,bkat004,1737257280.0,238,https://www.reddit.com/r/LetsTalkMusic/comments/1i4p2fy/had_there_ever_been_a_criticism_against_rich_kids/,"It was the only charge I ever read about, when discovering the Strokes in 2001.  Though their product was great and definitely came at the right time and were a breath of fresh air against the Metal Rock and Boy Band Pop of that era and were a saving grace for when Guitar music was losing its edge, the only criticism I had heard about them, was that they had come from privileged backgrounds - which, really had nothing to do with the music, and was essentially the lamest excuse to hate upon a band.

Yes, they were Nepo babies 20 years before the term was even invented.  But it had nothing to do with the music.

There was a belief that Rock music (originating from the poverty-stricken shacks of the Mississippi Delta) should be from people who had it hard in life.  However, by 2001, I totally disregarded that myth.  And still do.

Subsequently, a lot of people hate the rapper, MGK, for similar reasons.

However, I ask was there ever a similar criticism before the Strokes?

I had heard Neil Young was rich, but researched that he was lower middle-class, at best.  ",375
1i4xy4z,"Let's talk: the terminology divide between academic/symphonic/classical* musicians, popular musicians, folk musicians, electronic music producers, etc.",None,1737291735.0,24,https://www.reddit.com/r/LetsTalkMusic/comments/1i4xy4z/lets_talk_the_terminology_divide_between/,"Classical musicians are often taught to say ""measure"" – it's ignorant to call it a bar, for the bars are in fact the bar lines separating... the bars.

Classical musicians are often taught to only use the term ""classical"" for music from the Classical period, which makes it harder to refer to their genre as a whole.

Classical musicians are firm in their distinction between a song and a piece – who knows if they think the musician who speaks of an ""instrumental song"" is ignorant, uneducated, or only using the phrase because someone is bullying them for being smart. 

In classical music, you're either a composer or an arranger of a piece. It doesn't matter if the piece you're borrowing is public-domain, or if you have permission to interpolate it, or if you write a lot of original lines in your piece – it ain't yours, you're just the arranger, and your name will be in parentheses. Notice that this is the complete opposite of how sampling or interpolating/borrowing from other songs works in modern music. 

In the orchestra, you have the brass, woodwind, percussion, and string sections. These sections, taught as natural law, are actually up for debate in ethnomusicology, where some people (i.e., Hornbostel and Sachs) consider brass instruments to be a subset of wind instruments, but not ""free reed"" instruments like the accordion or harmonica. Some detest the sacrilege of funk musicians counting the saxophone as an honorary horn, or even calling their clarinets horns – but is it any different from a harp playing with the percussion instruments in the orchestra?

Then there's the fact that this system doesn't seem to have any space for electronic instruments. 

One solution is to simply add electronic instruments as a fifth category – simple, but very few posters you'll see in music classrooms do so. 

Another is to make keyboard instruments a separate category – yet not all electronic instruments are keyboard instruments – many are automated, and many others use manual, yet alternative, controls. People very rarely draw the parallel between using a computer as an improvised electronic instrument and using a washboard as an improvised percussion instrument. 

Another thing people might do is argue that electronic instruments are not real instruments, but stand-ins for real instruments. Maybe they believe that since the electronic instruments they're most familiar with play back samples, that playing back a sample is separate from actually generating a tone with an instrument – therefore a keyboard is more like a turntable. Even if we accept that philosophy, where does that leave analog keyboards and drum machines? It's also interesting that calling a keyboard a ""piano"" can cause TwoSet to call you uneducated, but no one thinks electric organs are fake organs. 

I think a lot of contemporary musicians are more likely to use terms like buildup or riser instead of crescendo, velocity or volume instead of dynamics, gig instead of performance, etc. etc.

What are some more rifts you've noticed?",23
1i54obo,Advertising influence on music? ,norfnorf832,1737309983.0,3,https://www.reddit.com/r/LetsTalkMusic/comments/1i54obo/advertising_influence_on_music/,"Ive seen posts discussing tiktok's influence on music, and how songs seem to be made specifically for the app like shorter lengths, no bridge, overly repetitive to fit a 15 second attention span. But I want to take it back a little further.

If anyone remembers, and if I remember correctly, Moby was one of the first artists to sell his already existing song for advertising usage. That ushered in a whole era of artists selling their songs to companies for advertising purposes, to the extent that it seemingly killed the jingle at a national advertising level (we definitely all still have local jingles we know and love). I know it didnt impact music to the extent of tiktok but what impact, if any, do yall think it had on music? ",19
1i40gsi,How do we feel about Mac Millers Balloonerism dropping on spotify + the short film?,None,1737177546.0,43,https://www.reddit.com/r/LetsTalkMusic/comments/1i40gsi/how_do_we_feel_about_mac_millers_balloonerism/,"i’ve definitely heard most of the songs on soundcloud before the release date but hearing it from start to finish crushed me. It’s obviously recorded during such a deep time for him and there are so many lines that makes my skin crawl considering his early passing and addictions. Any deep deep Mac fans willing to drop some lore behind the album? Unfortunately I was a little too young to be fully invested in his music until after his passing so i’d love some long time fan opinions! 

link to the spotify album for reference:) 

https://open.spotify.com/album/2ANFIaCb53iam0MBkFFoxY?si=wu5c2xMDQVydAGXApUF2JA
",9
1i4pdov,What do you think will happen to the state of music when TikTok is banned?,GinjaNinja1027,1737258205.0,0,https://www.reddit.com/r/LetsTalkMusic/comments/1i4pdov/what_do_you_think_will_happen_to_the_state_of/,"Most of you may know by now that TikTok is getting banned in (at least) the US and the UK. For the past 5-6 years, many songs have gone viral and become big hits from that app, and even ended up jumpstarting some artist's careers.

Seeing as a lot of people rely on TikTok for their main outlet for both listening to and promoting their own music, how is the zeitgiest going to be affected by this? Do you think people will find another social media outlet to consume music? How is today's music going to go viral now without TikTok? Will we see any sudden change in the charts?",24
1i3j1dw,Rolling Stone ranks 'Pet Sounds' as the 2nd Greatest Album of All Time. What Do You Think of It?,SandmanAlcatraz,1737128201.0,263,https://www.reddit.com/r/LetsTalkMusic/comments/1i3j1dw/rolling_stone_ranks_pet_sounds_as_the_2nd/,"Since 2003, The Beach Boys' *Pet Sounds* has been ranked by Rolling Stone as #2 on their list of the 500 greatest albums of all time. It was initially ranked behind the Beatles' *Sgt. Pepper's Lonely Hearts Club Band* and then behind Marvin Gaye's *What's Going On* when the list was revised in 2020. 

I think most people will agree that it is one of the top 500 albums of all time due to the innovations Brian Wilson made and its influence in pop music. But do you think it deserves the top spot, was it properly ranked at #2, or should it have been ranked lower on the list?",423
1i2q8mo,Was Mac Miller a big-time musician before his death in 2018 or did he only become huge after the fact?,TheHaplessBard,1737038065.0,351,https://www.reddit.com/r/LetsTalkMusic/comments/1i2q8mo/was_mac_miller_a_bigtime_musician_before_his/,"I'm sorry if this possibly triggers some of his more die-hard fans, but was Mac Miller a big deal in his genre before his unfortunate and untimely death in 2018 or did he benefit from a sort of martyrdom effect that made him a lot more prominent than he initially was? To be honest with you and not to speak ill of the dead here, but I don't recall hearing any of his music or reading about him in any sort of capacity prior to 2018. Nowadays, you see his image on a lot of things, ranging from posters to t-shirts, similar to icons like John Lennon, Jimi Hendrix, and Jim Morrison.

Not trying to offend but just genuinely wondering from the people in the know. Please be kind.

Edit: Wow, so many responses to this! Thanks to all those who kept it civil in terms of helping me with this question. It seems that the consensus view is that he was fairly big with a lot of young people in the early 2010s - when a lot of younger millenials went to high school, myself included - but kind of ebbed and flowed afterwards, depending on who you ask. ",302
1i2s0aj,About music listeners… And why really talented artists have it so hard to find their audience.,Ecstatic-Turn5709,1737042888.0,43,https://www.reddit.com/r/LetsTalkMusic/comments/1i2s0aj/about_music_listeners_and_why_really_talented/,"It’s been a while since I visited this sub, but I just made some deeper analysis of certain aspects of music and I thought it would be the best place to present it and get some feedback.

It’s quite common knowledge that the music industry is harsh and talent is often not enough to become successful. More important are money, connections or a lot of luck. But I made some background analysis of why it is so, based on some of the psychological knowledge I gained recently.

Completely aside from musical genres (though there are some relations) I think there are three basic qualities that different music listeners might seek in music and also artists make music focused more or less on each of these qualities.

I made [a simple diagram](https://ibb.co/P1Cj1p2) to present the concept, it represents listeners marked with circles. So at the bottom there are listeners that focus a lot on technical aspects of music: skills/mastery of artists. On the other side there are listeners that seek especially emotional messages. But the majority of music listeners are on the upper side of this pyramid, they are people who just listen to what they are told to. They follow trends, friends, algorithms etc. they just want music that is popular and accessible. For those at the top, music is just background, they completely don’t care what is playing as long as there's some noise. 

Why do proportions look like this? It’s because on the bottom, especially on the emotional side we have so called highly sensitive persons (HSP), it’s a type of personality characterized by deeper sensitivity to details, emotions, they tend to process information more deeply too (among HSP there are also neurodivergent people with spectrum of autism, ADHD etc.) The majority of artists belong to this group. But it covers approximately 15-20% of society. The rest are more regular people (or on the other side are also those with lower sensitivity), that are closer to the top of this pyramid. They don’t search for musical mastery or strong emotions because they simply don’t process it in such deep ways that HSP do.

Also there’s a great variety of sensitivities. Aside from intellectual - emotional sides, there are also many other dimensions: some might be more sensitive to visual arts, other to music, other to poetry. Even among music listeners there are different preferences, some might be more into classical music, or opera, while others for example value the most masters of guitar. Emotional listeners might like music that is depressive or romantic or epic and empowering etc. Some might prefer more dynamic music, while others chill and calm. These preferences might be wide or very specific. That’s why there’s no such thing as ultimately good music, because every person perceives it in their own way.

So in the end the main audience of each artist are people who have similar kind of sensitivity, and as you see among the small number of highly sensitive people and a great variety of them, it turns out that such an audience is spread among many others with completely different tastes. The more unique your talent and style is, the harder it gets to reach that audience, especially when algorithms push forward music that is popular.

I marked with a purple dot an example of an artist with great skills but also putting a lot of emotions and passion into their music. For people on the emotional side their style will seem too technical. A good example are people who say they don’t like good, well developed vocals because they sound fake to them. On the other hand, those who are mainly into technical mastery will not like it, because expressing true emotions usually requires abandoning perfection, or making music more simple, not necessarily unique, just reaching those right emotional strings. So mainly people who can appreciate both: the technical and emotional sides of music will belong to the target audience of this artist.

Of course it’s also possible for artists from the bottom to reach a wider audience from the upper part of the pyramid, but that’s where luck or other ways of promotion come in. Because to reach that audience someone has to provide this music to them, tell them that it’s good and they should listen to it.  
Another problem is that HSP, even though usually creative and talented, they’re often not good at handling more common activities like promotion, social media. They are more sensitive to negative opinions, more likely to fall into depression. It’s often impossible for them to manage everything alone, while finding a good manager is also extremely difficult.

Also there are musicians that intentionally make music targeted at the upper group. It’s also a skill to make music that follows trends and will reach a wide audience, but it’s more of a craftsmanship than pure art. Also sometimes artists from the bottom abandon their artistry and bend to fit the top, sometimes because of label contracts, sometimes because of burnout, or just because they are so desperate to not abandon their passion for music and the dream to live off it.

Not sure how clearly I was able to explain this concept, especially considering that English is not my native language. Also, as obviously I belong to HSP too, my mind sometimes wanders in weird ways. Still I hope to see some decent feedback.  
My next target is to try to explain this to some Koreans, without knowing Korean at all… Yeah I will probably fail, but I love challenges.

Thanks for reading.",32
1i2c6mm,Lets talk about the band Morphine,Ok-Camel7458,1736987042.0,315,https://www.reddit.com/r/LetsTalkMusic/comments/1i2c6mm/lets_talk_about_the_band_morphine/,"I've recently started getting into their stuff within the last week or so (huge rock fan). They have this incredible vibe that’s so hard to pin down. It's kind of dark and smoky, but also smooth and laid-back. Their mix of jazz and rock with that baritone sax and bass (over guitar) hits different, and I love how raw and real their sound feels. They're worth checking out if you’re into bands like Tom Waits or Nick Cave. Got any favorite songs by them? I’d love some recommendations.",230
1i2sgtv,Maple Leaf Metal Madness Part: 4 Annihilating my Patience with Annihilator,black_flag_4ever,1737044064.0,8,https://www.reddit.com/r/LetsTalkMusic/comments/1i2sgtv/maple_leaf_metal_madness_part_4_annihilating_my/,"I have been going through Canada’s top metal bands as a person that did not spend much of my life listening to metal. Part of this is to understand metal more and to see what distinguishes Canadian metal from US metal. This is my final post on this as I'm going to move on to Germany's top metal bands (send suggestions my way, I'm definitely covering Kreator as this project has injected them into my algorithms. So far, so good. I got a message about covering Germany's thrash bands over a year ago and am now up for it.)

So far I have listened to Voivoid, Gorguts and Strapping Young Lad/Devin Townsend. It’s been pretty good so far, I’m now a Gorguts fan and have a new appreciation of Quebec’s music scene. 

Overall I can say that Canada’s top rated metal bands are less blues driven and more prog-rock than US top rated metal bands. Maybe it’s all the Rush, a band that I still haven’t completed listening to because I don’t like Rush’s vocal style or their lyrics. Maybe it’s all the Dead Kennedys and Bad Religion I’ve listened to in my life but the Ayn Randian themes in Rush’s music is infuriating. 

So now it is time for Annihilator, and this was the first truly challenging listen. To be honest I don’t know if I got through the entire last album on the list as it was on YouTube and not on my streaming service. I hate listening to music this way as ads interrupt the experience. Anyway, this review is going to be shorter than my prior posts as I’m trying not to be overtly negative. 

What I can say about Annihilator is that their first two albums are great if you like late 80s thrash. These are a fun blast from the past. 

The problem is that Annihilator ran into a wall in the 90s and never truly recovered. I’ve been brute forcing my way through metal and learning about it through these listening projects. From this, I’ve learned that metal as a whole entered a state of panic after grunge got big and things got worse with the rise of Green Day. Metallica got a ton of criticism for releasing Load, but from listening to several other thrash/metal bands that went through this era it seems that this was a genre wide issue that didn’t resolve itself until Nu Metal took off in the late 90s/00s. 

The mid 90s seems to be a ‘lost in the wilderness’ era for metal much like the late 80s punk scene which eventually resulted in the 90s punk revival. 

For some metal bands like Metallica they went more of a classic rock vibe with some alternative influences on Load. Which is actually not a bad album – Reload is. Other bands like Megadeth thought maybe people want slower, ballad-like songs, maybe songs about relationships. But, it turns out that nobody wants this. No one that likes thrash wants to hear Mustaine try to sing for real, at least I didn’t. Megadeth is now back to thrash like this era never happened and so is Metallica. The old thrashers have boomeranged back to what made them popular to begin with, which in retrospect is what they should have done anyway. It’s not that these bands can’t grow or evolve, but if you listen to these mid 90s metal albums you get the sense that they were cajoled, prodded or strongly encouraged to change their sound for sales. 

Annihilator is a band that had trouble with the change. While they sound fresh and riding the cusp of the thrash wave until 1990 (https://www.youtube.com/watch?v=_426o3qN0G4) , the sheen starts wearing off by 1993’s Set the World on Fire (https://www.youtube.com/watch?v=_OCRNGSmY00&list=PL4BD418EEA0E10BA1&index=3). The next album, King of the Kill, has some good tracks, but it doesn’t capture the thrill of the first two albums but the title track is fun. https://www.youtube.com/watch?v=0VsiK-yASzY 

Annihilator never truly recovered. 2002’s Waking the Fury is a bit of a reprieve, but they are not pioneering anything by this point and instead feel like they are chasing newer trends in metal. (See Torn https://www.youtube.com/watch?v=bcWzyNK6HRY&list=OLAK5uy_nqAxvg6ffzND3ifrPZGEcpc5bKhWxzY0w&index=2). It’s still a fun album, but it leaves you longing for that original Annihilator sound. 

I listened to all their albums after this, and there are a few good tunes here and there, but over time they feel almost like a cover band or a pretty good local band that opens for headliners. I understand that Annihilator is now just one original member with a revolving door of musicians and it sounds like it. 

My advice to people interested in this band is to check out the first two albums, which are classic thrash with a lot of interesting prog elements. If you want more Annihilator look for a playlist. There’s a ton of them (https://www.youtube.com/playlist?list=PL0TWu7XDfY0aqLHhAI-ICfL6IddOOP8Yf). 

I do not recommend listening to their discography in total as you will slowly hate this band over time and forget why you ever liked them.  I listened to it all a month ago and was so infuriated that I decided to cool off before writing this post and I’m glad I did. 

I especially warn against any love song/break up type ballad by this band as none of them are any good and the lyrics all point to the singer as being the asshole in the relationship. Also, the songs about mental illness themed stuff gets old over time as it is a crutch for lazy songwriting tropes. 

My advice in general to any metal band is to stick to songs about demons, war, wizards, and whatever and not love songs because unless you're Ozzy Osbourne and are given banger tracks written by Lemmy, you are probably not going to pull it off. I don’t know who wants this, or why metal bands try to do this, but intentionally or not, a lot of these tracks sound like an abusive boyfriend screaming at their girlfriend as she’s trying to leave. It’s off-putting. 

As for Annihilator being Canadian-ish, the first two albums fit the trend of Canadian metal acts being more prog than typical American contemporaries but this gets lost over time as the band turns into a revolving door situation.",4
1i2rfoc,How much of today’s music is actually global?,ChocoMuchacho,1737041360.0,8,https://www.reddit.com/r/LetsTalkMusic/comments/1i2rfoc/how_much_of_todays_music_is_actually_global/,"So Western music still seems to dominate the charts, but lately, artists from Africa, Latin America, and Asia are starting to make a real impact. You can hear a lot of these non-Western sounds in mainstream music now, but the question is...are they being represented as they are, or is it just being changed up to fit the Western market?

I mean, you hear African beats in pop and Latin rhythms in trap, but when that happens, is it about honoring the culture behind the sounds or, is it just to make the music catchier for a bigger audience? Dont get me wrong, it's really nice that these sounds are getting more attention, I just wonder if it's being done in authentic way..or if it’s just being used as another trend.",14
1i2s506,"General Discussion, Suggestion, & List Thread - Week of January 16, 2025",AutoModerator,1737043232.0,4,https://www.reddit.com/r/LetsTalkMusic/comments/1i2s506/general_discussion_suggestion_list_thread_week_of/,"Talk about whatever you want here, music related or not! Go ahead and ask for recommendations, make personal list (AOTY, Best [X] Albums of All Time, etc.)

Most of the usual subreddit rules for comments won't be enforced here, apart from two: No self-promotion and Don't be a dick.",18
1i33iaf,Anyone who listens to Interpol I just finished listening to TOTBL and im conflicted.,KaptainKast,1737072853.0,0,https://www.reddit.com/r/LetsTalkMusic/comments/1i33iaf/anyone_who_listens_to_interpol_i_just_finished/,"**AMA** I set up a year-long project for myself to listen to more music and set up this GIANT list of albums to listen to, currently about 500 different ones. I would pick albums randomly, and one of the projects today was Interpol's Turn on the Bright Lights. I heard about the band from my dad, but after finishing my second listen, I am struggling to enjoy the band's sound.

It could be my age getting in the way of really enjoying the album to the fullest, as I was not born during 9/11, or it was the wrong album to begin listening to Interpol. Still, I found myself not enjoying most of the tracks and saw some of them as heavily repetitive. I absolutely loved Obstacle 1, Say Hello to the Angels, and Roland I recently, after one relisten, came around to NYC, but the rest are just a little bland.",74
1i2288f,"thoughts on ""anti-music?""",goodweatherclub,1736960962.0,121,https://www.reddit.com/r/LetsTalkMusic/comments/1i2288f/thoughts_on_antimusic/,"recently ive been fascinated with the idea of creating music to be enjoyable to as few people as possible, ie through unconventional song structure (especially incredibly short or long songs), huge 'walls' of feedback and/or distortion, screaming, unconventional timing and time signatures, intentionally sloppy playing, and basically anything else i can do to make my music unlistenable to the vast majority of people. basically making music with the intent of being as far from any mainstream sound as i could possibly get. its been a really fun experiment, ive grown to kinda enjoy the negative reactions i receive when sharing my music. anybody else share a similar experience or fascination with this concept? id love to hear your thoughts.

for clarification i am well aware this is not a new or novel idea in any way. im just trying to start a discussion about something i find interesting",137
1i22hzs,Understanding Grunge and Post-Grunge,HotAssumption4750,1736961632.0,10,https://www.reddit.com/r/LetsTalkMusic/comments/1i22hzs/understanding_grunge_and_postgrunge/,"As someone who wasn't around in the 90's and early 2000's when this was all at its peak, I failed to truly understand how big this was. In the early 90's bands like Nirvana, Pearl Jam, and Alice in Chains became huge with albums like Nevermind, Ten, and Dirt. Now from what I have read they were all very respected for bringing more authentic and raw feel to the mainstream with their albums consistently being praised as some of the greatest. However, I believe other acts from around the time like Stone Temple Pilots and Bush were frequently derided and thought to be more career opportunists who seemed to be riding the trends at the time(Correct me if I'm wrong).

Then in the late 90's to 2000', those post-grunge bands like Creed, 3 Doors Down, Puddle of Mudd, and Nickelback came along and consistently got so much flak. I believe they were thought of as being too formulaic and watered down from the original sound. Creed and Nickelback in particular became huge critical targets throughout that time.

Now the bands in the latter paragraph were just as enormously popular as the ones in the former stateside but with a very different reputation. What are your thoughts on all of these bands and their legacy both commercially and culturally?",36
1i1rq8b,"How Geography and Culture Shape Extreme Metal: What Are Your Thoughts?""",k_maarouf91,1736923737.0,23,https://www.reddit.com/r/LetsTalkMusic/comments/1i1rq8b/how_geography_and_culture_shape_extreme_metal/,"I've always been fascinated by how the environment and culture influence the sound of music, especially in extreme metal. Take Death Metal, for example. Florida's death metal scene has this swampy, humid vibe that feels almost tangible in the music—think of bands like Death, Obituary, or Morbid Angel. It's a stark contrast to the grittier, more urban edge of New York death metal or the chilling, melodic vibes from European scenes like Sweden or Greece.

Black Metal provides another great example. Compare Moonspell's dark, gothic tones to the cold, frostbitten sound of early Darkthrone or Satyricon from Norway. 

How much do you think a band's environment—be it climate, culture, or geography—affects their music on a subconscious level? ",15
1i1oiqc,"Magnetic Fields 69 Love Songs, Live (is the travel part of the fun?)",RockPaperSawzall,1736911808.0,13,https://www.reddit.com/r/LetsTalkMusic/comments/1i1oiqc/magnetic_fields_69_love_songs_live_is_the_travel/,"Soooo, this is a couple years old thread from here, but I thought it was interesting debate over whether this 3-hour long album was worth the time it takes to listen to:   [https://www.reddit.com/r/LetsTalkMusic/comments/xtpail/does\_the\_magnetic\_fields\_69\_love\_songs\_justify/](https://www.reddit.com/r/LetsTalkMusic/comments/xtpail/does_the_magnetic_fields_69_love_songs_justify/)

Well, let's take this a step further--FYI  for any fans of Magnetic Fields and/or this album, they're performing it live over a [2+day engagement in Iowa City](https://englert.org/events/the-magnetic-fields/) this May. Englert Theater is a great venue, but Iowa's not exactly an easy place to get to.  So not only is it going to take 2 nights to get through the album, but it's gonna take a while to get to the venue to begin with.  For a band that wants you to listen to a 3-hour album, maybe picking this venue is part of that continuum.

Got me thinking:  to what extent is the journey part of the fun for you? Do you remember a show held in out-of-the-way venues more than the one that's right downtown?  For me, I'd say yeah, traveling to a show is super fun. I enjoy that sense of people converging from all over to arrive at this one spot, and how you  start seeing more and more folks wearing concert tshirts or in some other way signaling that they're 'in the club'.  



 ",5
1i13r0u,Robbie Williams Starter Pack,TripleJay97,1736852942.0,63,https://www.reddit.com/r/LetsTalkMusic/comments/1i13r0u/robbie_williams_starter_pack/,"As everybody on the Internet now knows, Robbie Williams isn't that famous in America. Had a couple of minor hits back in the day with the likes of Millennium and even featured in the end credits of Finding Nemo but ultimately he has little to zero name recognition due to his music. I'm not here to debate why that is, sometimes things just don't have wide international appeal.

What bugs me is that people at the moment seem determined to double down on this lack of knowledge, as if they don't have the ultimate information resource at their fingertips. When I don't know who someone is, my first instinct is to do a bit of research and exploring, to learn more so I function better in conversations. Why would you be proud not to know something?

In light of all this, I thought I'd come to a music discussion forum of reasonable intelligence and respect, to discuss some of my favourite songs he's done and maybe even introduce some open-minded people to a new artist. If you don't like them, that's fine, at least you tried!

['LET LOVE BE YOUR ENERGY'](https://youtu.be/lu2ZdyKY6p8?si=pevB4CMA5p-jL1Iw)
This one just makes me want to jump around like an idiot. It's got that wonderful, twinkly early-noughties production sound, and it manages to seamlessly combine this very intrigue-filled melody with a giant power pop chorus.

['TRIPPING'](https://youtu.be/g52Uh9wmqZg?si=ihaSTYI508fW--Af)
Who was making pop music inspired by The Clash in 2005? No one, except wor Robbie! He's never been afraid to incorporate different styles into his records and this is one of the greatest examples. The falsetto in the chorus kicks ass, and the horn section in the outro has been stuck in my head probably since the song came out.

['THE 90'S'](https://youtu.be/0_AW-0gEtDA?si=z58M7YOe6hlOqz33)
Housed by the tragically underrated 2006 'Rudebox' album, this is a mini-autobiographical masterpiece inspired by 90s pop balladry mixed with the brit-rap bravado of The Streets. It's funny, it's sad, it's warts and all, kinda like Better Man. And it just sounds gorgeous.

['SOUTH OF THE BORDER'](https://youtu.be/7ABkFzWN5wI?si=t1Ar2kHlHBbgGM7q)
A britpop banger that Oasis were too big by this point to bother with, but it works wonders for Robbie. I can actually hear shades of Ben Folds Five in here too, which is pretty interesting!

['FEEL'](https://youtu.be/eK_tpyqtnsg?si=PMx7W37aXyDgZ5A2)
If you had a gap year in the past 20 years and went backpacking through Europe, there's no way you don't know what this song is, it was MASSIVE. The chorus is a little corny, but the driving beat and the interlude with the slide guitar more than make up for it.

['ANGELS'](https://youtu.be/luwAMFcc2f8?si=tlsZmcu-FaCOAVNw)
It's been memed to death by British people who mock Robbie's vocal abilities, but this song is iconic, and it still manages to get me worked up. I honestly thing the kind of rough singing works for the performance, it gives off the energy of an old prog ballad. ""She won't forsake me..."" Man.

Feel free to link your own favourite Robbie Williams tunes if you have any of course.
course.",158
1i1jnhs,33 1/3 Series on Audiobooks?,jortsmania23,1736897178.0,3,https://www.reddit.com/r/LetsTalkMusic/comments/1i1jnhs/33_13_series_on_audiobooks/,"I recently began getting into Audiobooks and so far I’m mostly listening to artists’ biographies. I love the 33 1/3 books and thought to look those up as well. Apparently there was an announcement in 2009 that a deal had been struck to make them available on Spotify, and there’s another post that says that 25 of the “greatest hits” were produced, but that’s where the trail ends. I can’t be the only one wondering about this, am I?",6
1i0ragz,Bad Bunny - DeBÍ TiRAR MáS FOToS,NyotaK,1736809145.0,26,https://www.reddit.com/r/LetsTalkMusic/comments/1i0ragz/bad_bunny_debí_tirar_más_fotos/,"What do you guys think of the new Bad Bunny album ? 

I used to listen to reggaeton a few years ago, but I mostly knew the popular stuff, Don Omar, Daddy Yankee, and whatnot. I haven't actively listened to that genre these past few years. I don't mind it but it just never happens. Then DTMF came out a week ago and the hype convinced me to give it a try. 

Well, let me tell you this : that album healed something in me. My first thoughts was ""I would've been so proud to be Puertorican rn, if I was"". This sounds like an ode to his roots, a love letter to his island, a tribute to his musical influences, and way more. I read that it's about mass tourism, the gentrification and americanization of Puerto Rico ? Please feel free to correct me if I'm wrong, I would love to know more. I'm not American nor Puerto Rican and I never hear anything about what's actually happening in this area of the world. 

Despite all this, the music made me want to understand more, to grasp the context in which Bad Bunny made it. It's the kind of album you'll want to revisit often. I think this will go down as a pivotal moment of his (already massive) career. Not only because you can dance to the songs, but also because they make you feel something. The album has a certain nostalgia to it (even the album title). I think it will resonate with future generations, as the gentrification phenomenon has a tendency to only grow worse over time.

My personal favorites are : BAILE INoLVIDABLE, TURiSTA & DtMF. 

Have you listened to it ? Any thoughts on it ?",14
1i0h7ds,"What Have You Been Listening To? - Week of January 13, 2025",AutoModerator,1736784060.0,15,https://www.reddit.com/r/LetsTalkMusic/comments/1i0h7ds/what_have_you_been_listening_to_week_of_january/,"Each week a WHYBLT? thread will be posted, where we can talk about what music we’ve been listening to. The recommended format is as follows.

Band/Album Name: A description of the band/album and what you find enjoyable/interesting/terrible/whatever about them/it. Try to really show what they’re about, what their sound is like, what artists they are influenced by/have influenced or some other means of describing their music.

[Artist Name – Song Name](www.youtube.com/watch?v=PxLB70G-tRY) If you’d like to give a short description of the song then feel free

PLEASE INCLUDE YOUTUBE, SOUNDCLOUD, SPOTIFY, ETC LINKS! Recommendations for similar artists are preferable too.

This thread is meant to encourage sharing of music and promote discussion about artists. Any post that just puts up a youtube link or says “I've been listening to Radiohead; they are my favorite band.” will be removed. Make an effort to really talk about what you’ve been listening to. Self-promotion is also not allowed.",30
1hzgj5l,How do you guys find new music?,TheSoundOfMusak,1736662763.0,137,https://www.reddit.com/r/LetsTalkMusic/comments/1hzgj5l/how_do_you_guys_find_new_music/,"I mostly listen to Spotify, have my curated playlists (2,000+ tracks strong each) and ocasionally Spotify algorithms recommend something good. But since mainstream music is all over the place, Spotify as well as Radio will push you the Top40, which I don’t personally like too much. I remember the days when new bands were recommended by friends all the time, now (maybe because of the age) my friends listen to the same old music we heard as teenagers. I sometimes find good stuff here on Reddit, some TikTok, but is not consistent. Are there like special playlists to find new music for my genres that I don’t know of? Or do we have to put the effort to go down a rabbit hole searching for similar artists in Spotify (which I have done and found some good stuff in the past)?",264
1hz735p,Tiktok ban & the music industry,Fabulous-League7361,1736632864.0,83,https://www.reddit.com/r/LetsTalkMusic/comments/1hz735p/tiktok_ban_the_music_industry/,"With Tiktok getting banned in America, how do you expect the music industry and record labels to adjust ? Curious to know you all’s take on that.

People aren’t really using instagram all that much anymore, at least not for discovery. Same for youtube, that “getting discovered through covers” era can still happen but isn’t as it was in the early 2010s. 

Are we going back to discovering and signing artists prior to them having an audience ?

Are we going back to a time when record labels would invest in artist development ? 
",77
1hz77qb,"When will this ever happen again? Billboard Top 40,Week of January 11th, 1975..",45and47-big_mistake,1736633205.0,28,https://www.reddit.com/r/LetsTalkMusic/comments/1hz77qb/when_will_this_ever_happen_again_billboard_top/,"...Stumbled across this as I was reviewing the music from 50 years ago (highly recommended). The individual Beatles owned 10% of the top 40 Charts in January, 1975.  Paul McCartney had ""Junior's Farm"", Ringo Starr had ""Only You"", George Harrison had ""Dark Horse"", and John Lennon had ""#9 Dream"". All in the top 40 during the week of January 11th, 1975. Did anything happen like this at any other time? What a statement about the Beatles, individually and collectively.",23
1hyo4j9,Is rock/metal really that out of mainstream ? ,Artistic-Orange-6959,1736570110.0,173,https://www.reddit.com/r/LetsTalkMusic/comments/1hyo4j9/is_rockmetal_really_that_out_of_mainstream/,"I came up with this question watching some videos and discussions in other subs about who is the most influential artist or who is the most important one of this century, people were arguing stuff like Eminem, Beyonce, Kanye, Taylor Swift, Adele, etc but none of them included a metal or a rock artist (a few named Coldplay but well, we know that they are barely rock nowadays), is it not weird?

Moreover, apparently a lot in other forums were talking about how influential Kayne is for the music of this generation and I cannot stop thinking that I have never heard a single song from him conscienctly, but outside of me there is a sphere of people considering him like the new Kurt Cobain or something like that. What am I missing? Am I the only one feeling like that?",402
1hzqcbd,"How much Music Theory, Composition and Songwriting do Hip Hop producers know?",Marcel_7000,1736699145.0,0,https://www.reddit.com/r/LetsTalkMusic/comments/1hzqcbd/how_much_music_theory_composition_and_songwriting/,"

Hey guys,

I'm getting deeper into music I noticed that rappers and singers sometimes sing on top of a already written melody/beat or song. They primarly focus on the lyrics and singing and the beat/instrumentals/production is handled by producers.

However, another thing I've notice is that some producers are more like ""Video Editors""? I'm not talking about 'famous producers' but mostly 'Youtube Producers.' 

This producer on Youtube was saying that the way that some producers create their 'Beat.' So a producer would take a song that is already written/finished and then create their own version like a ""remix"" and then send it to an artist/singer. So that the artists can sing on top of that remix. 

For instance, a producer might have the recording and add a guitar solo that's already written, from a different track. And increase the volume of the drums so that they are 
heard more prominently in the mix.

The type of job that the Youtube musician was talking about seem closer to a Video Editor as opposed to a Musician/Songwriter. I am talking about ""some"" this way of working might not apply to other producers.

What make it interesting is that a' Youtube Video Editor' doesn't necessarily know about Cinematography. He just had a finished film and is moving the different pieces around. 

Likewise, a producer might necessarily know how to play an instrument, or why a certain chord progression works. Instead, what he is focused on is creating his own ''remix' that he can give to an artist. ",14
1hyd4dm,Why is the period of traditional pop music during the late 40s-early 50s so widely hated?,IceCreamMeatballs,1736538514.0,134,https://www.reddit.com/r/LetsTalkMusic/comments/1hyd4dm/why_is_the_period_of_traditional_pop_music_during/,"For some reason, a lot of traditional pop music that came out between the years 1945 and 1955 tends to get a lot of shit thrown at it by critics. I’m not talking about Sinatra or any of the Rat Pack, I’m talking about singers like Patti Page, Perry Como, Eddie Fisher, maybe even Doris Day. Nobody talks about any of these artists anymore, and often times when they are brought up, it’s to show how it’s supposed lameness led rock & roll to gain popularity. Why does this particular period in popular music tend to incite so much boiling rage in music critics?",132
1hye4tr,Why don't more albums use repeated musical motifs a lot?,Electrical_Cycle_727,1736541037.0,53,https://www.reddit.com/r/LetsTalkMusic/comments/1hye4tr/why_dont_more_albums_use_repeated_musical_motifs/,"Why don't more albums use repeated musical motifs a lot?
The only full albums I tend to listen to are albums with repeated musical motifs and variatons of them used HEAVILY. To me, this is how you connect a piece musically and make it one unified piece of music.

This is why most albums don't make sense to me. There might be a unified sound, style, genre and lyrical theme, and yet usually they're still a collection of songs where each song is it's own, separate piece of music. Sometimes a melody from one song is repeated in another but most of the time this either doesn't happen or happens very minimally.

To me, this makes me not want to listen to albums from start to finish because it's like they're not actually unified pieces of music, they're more like a collection of somewhat similar and maybe thematically and stylistically connected songs.

My question is: why? If artists want to make full albums that feel ""whole"", why not return to melodies used before and tie it all together this way, or only use this minimally? The upside is huge to me where the entire piece just feels more complete and the entire album format and experience just works better. What's the downside?",135
1hyeecv,LA early hardcore punk scene,podslapper,1736541697.0,21,https://www.reddit.com/r/LetsTalkMusic/comments/1hyeecv/la_early_hardcore_punk_scene/,"I've been reading up on the history of punk in LA, and trying to understand if there was something specific about the Orange County area (particularly around Huntington Beach it seems like) that lent it to forming a more aggressive flavor of punk in the late seventies than what was going on up in Hollywood at the same time.

From what I've gathered, this area seems to have been fairly suburban with a territorial surf scene, and a lot of teenage skaters and such. I keep hearing about rednecks ganging up on the early punk kids, with more fighting and aggressive behavior than you'd see in other areas, but I'm not sure why this would be the case. It also seems like there were a lot of angry rebellious suburban kids looking for an outlet which they found in the music, but that seems to have been a pretty common theme everywhere in the 1970s.

I guess I'm trying to figure out if there was something unique about the population or other factors in the area that would have contributed to this, or if it was just a set of random coincidences. I've never been to CA in my life by the way, so apologies if I'm mischaracterizing anything.",39
1hy1nn8,Why was Surf Rock... tied to surf?,Cr4zko,1736505542.0,92,https://www.reddit.com/r/LetsTalkMusic/comments/1hy1nn8/why_was_surf_rock_tied_to_surf/,"I think people don't agree even where it all started but I guess the common consensus is the seminal 'Rumble' by Link Wray. I personally think ground zero was 'Stampede' by The Scarlets which was back in 1959 defined the surf sound. Throughout 1960 - 1964 about 9 gazillion surf instrumentals were pressed from famous bands such as The Ventures to 'literal who?' acts such as [Rhythm Rockers](https://www.discogs.com/release/6091809-Original-Rhythm-Rockers-Madness-Oh-Oh-Honey), [The Vistas](https://www.discogs.com/release/6794047-The-Vistas-Ghost-Wave-Surfers-Minuet) and other thousands rarely heard of today. I also think this is the beginning of what we call today Garage Rock which by 1966 had evolved into the mellow angst-ridden messes heard in Sigh, Cry, Die or Pebbles compilations, and then when that went out of fashion it became all a psychedelic mess and boom, 1970s and the whole thing died off. 

But the question remains, why the hell was surf rock a surf thing? I'm certain these records were made all across the US by a not significant amount of people that hadn't even seen the ocean in their entire lives! Back in the UK they just called it 'Instrumental' (with bands like The Shadows, John Barry's Seven and whoever the hell had access to an electric guitar and a makeshift recording studio...) and it unfortunately died as soon as surf did because of the phenomenon known as The Beatles. Anyhow, why did this happen!!!",70
1hxi9qv,"Did other countries have the ""British Invasion"" in the 1960s? If so, why is that term mainly used when referring to the USA?",RRY1946-2019,1736444165.0,46,https://www.reddit.com/r/LetsTalkMusic/comments/1hxi9qv/did_other_countries_have_the_british_invasion_in/,"I've heard both on reddit and on Wikipedia the sentiment that the British Invasion mainly refers to the mid-60s popularity of British rock bands in the USA specifically, even though the same Wikipedia article illustrates the British Invasion with a picture of [Schiphol airport, which has never been part of the US](https://en.wikipedia.org/wiki/British_Invasion). So, did other countries have a phenomenon akin to the British Invasion where British pop groups became immensely popular (I know that France and Brazil had a lot of Merseybeat-inspired bands, but I don't know how well they competed with the Beatles)? Did they think of it as a specific phenomenon vs. just a trend? And shouldn't those also be considered a part of a broader British Invasion of foreign popular music scenes?",31
1hyfxwa,I think the music industry is doing just fine - online discourse is overshadowing reality,iamlostson,1736545694.0,0,https://www.reddit.com/r/LetsTalkMusic/comments/1hyfxwa/i_think_the_music_industry_is_doing_just_fine/,"I truly believe the music industry is in a great place (in general, it's an 'umbrella' statement, talking about net outcomes). The revenues are great, breaking all-time records, there's progress, momentum, good ideas, etc.

Most artists are satisfied with their labels and deals. Most have a net positive experience in the industry – both men and women. You just never hear about and/or from the (literally) silent majority.

I'm tired of seeing misery and complaints overshadow everything. Drama sells. Misery sells. But the loud voices online are actually wildly distorting a reality which is quite healthy, way I see things.

Negative reviews for stores, for example, are always 'loud'. They show up first (or we seek them out first, huh), and it's usually the dissatisfied crowd that rushes to express their feelings. Everywhere and in any instance, not just stores or online ratings. Social media, as another example: a post might get thousands of likes, but it's the tens of negative comments that grab our attention. Our brains tend to focus on those interactions ,while we overlook the thousands who actually 'like' the content, and we shape our perception based on these negative, toxic expressions of feelings. It's even worse when you're outside the industry, imagine, you're bombarded with just bad news and complaints – you'd say the industry is in a tragic state.

Don't even get me started on artist 'incomes'. Complaints from people who consider just being present on a single streaming platform a job in itself – come on. Zero critical thinking, combined with tons of sensationalism for online traction, and you get some ridiculous statements. But it's simple.

The mean income of music artists overall, as a single nominal value, has decreased because the industry has been flooded with millions of hobbyists, amateurs, and professionals (a tiny percentage that transitions from the other two demographics and/or pursues music as a career).

All metrics have been affected as a result, because we have a 'human' inflation. The averages are coming down with the massive influx of creators (over the past two decades), which dilutes the pool and skews the numbers.

Interestingly enough, the undisputed winners in this new iteration of the industry are modern, small, independent ('digital') artists. These artists have contributed nothing to the creation/shaping of the industry, have no influence/contribution on user acquisition or retention for all the platforms they utilise, yet still enjoy the benefits of the systems the majors have built and the 'trickle-down' monetary effect. We literally 'profit' without doing 'anything' (hyperbole, yes). We just leech (I say 'we' because I make music too, and I want to be fair). I respect artistry, no matter the genre, approach, or dedication, but let's be honest – we have everything and still want more.

\-

I digress, but all the 'negative publicity' surrounding the music industry is annoying, unrealistic, and incredibly frustrating.

Just needed to vent. I'd love to hear what you all think, in general, about the music industry. Be well.",37
1hxfzzi,"General Discussion, Suggestion, & List Thread - Week of January 09, 2025",AutoModerator,1736438457.0,8,https://www.reddit.com/r/LetsTalkMusic/comments/1hxfzzi/general_discussion_suggestion_list_thread_week_of/,"Talk about whatever you want here, music related or not! Go ahead and ask for recommendations, make personal list (AOTY, Best [X] Albums of All Time, etc.)

Most of the usual subreddit rules for comments won't be enforced here, apart from two: No self-promotion and Don't be a dick.",7
1hwblbb,We’re too scared of being pretentious,None,1736311142.0,493,https://www.reddit.com/r/LetsTalkMusic/comments/1hwblbb/were_too_scared_of_being_pretentious/,"This is a larger trend I’ve seen about art, but I feel like especially on Reddit, people who are fans of more experimental or unconventional music are wary about voicing opinions. Honestly, criticism of music online is almost always met with anger or indignation unless it’s directed toward an artist who the Internet has decided we all hate.


I think it’s fair to think that challenging music tends to have more depth than pop music, because many times connecting with art that is adventurous is uniquely eye-opening and-mind blowing. That’s not to say that pop music can’t have depth, or that experimental music always has depth, but just that something like Bitches Brew has this whole jungle of noise and color and personality that is totally singular to its avant-garde vision. 


I don’t like the type of person who is snobby and gatekeeper either, but the fact that I feel I should have to say that is sort of what I mean. I’m not saying anyone is genuinely getting censored - of course I am not going to get canceled for disliking types of music necessarily, but it’s just a general trend I’ve notice.


People on here also seem so incredibly offended and defensive at the smallest hint that someone is looking down on modern pop music, immediately hurling accusations of “le wrong generation.” I think poptimism has its place, but it’s drowned out a lot of dissenting opinions.

Like, personally, I am not particularly excited by the direction FKA Twigs is going in. I think her shift toward more trendy/dancey sounds is disappointing. But when I see people sharing this opinion, they are often told to stop being pretentious and start shaking their ass, or that no one wants to hear their negativity, or that the artist is evolving. It starts to feel like anti-intellectualism at times. L


Sometimes, artists devolve, and sometimes that looks like transitioning from more progressive music to more commercial music, and that’s ok for me to feel that way.",306
1hwohjm,"Is ""Broken Wings"" by Mr. Mister a good song? ",kingofstormandfire,1736354472.0,51,https://www.reddit.com/r/LetsTalkMusic/comments/1hwohjm/is_broken_wings_by_mr_mister_a_good_song/,"This is kind of a weird topic, but I’m bored and need to figure out how I actually feel about Broken Wings by Mr. Mister. It’s such a strange song to me—there’s something about it that doesn’t sit comfortably, and I can’t tell if that’s a good thing or not.For one, the song doesn’t resolve. The whole thing feels like a sustained buildup without ever delivering that big, satisfying payoff. The verses and chorus revolve around minor and suspended chords, which create this sense of tension and yearning. But these progressions never fully resolve to the tonic in a traditional way. It leaves me feeling emotionally incomplete, and I’m not sure if I love or hate that.

Part of me respects how unique it is, but part of me feels like it’s the musical equivalent of blue balls.The melody itself is beautiful, but it deliberately avoids obvious melodic resting points. And Richard Page’s vocals—great voice, by the way—only lean further into that unresolved feeling. He’s often singing on ascending or suspended notes, which just keeps the tension going.

The song never really hits a climactic moment; instead, it rides this steady intensity that feels like it’s always leading somewhere but never quite arriving.Then there’s the outro. It just fades out with repeated lines and instrumental motifs, offering no definitive conclusion. It’s like the song wants you to stay in this unresolved state even after it’s over.I’ve noticed how divisive this song is. Some people absolutely love it, while others consider it one of the weakest No. 1 hits of the 80s.

Honestly, I’m not surprised it’s so polarising. It’s a very well-arranged, well-executed track, but that lack of resolution makes it kind of an emotional Rubik’s Cube.And as for me? I’m still conflicted. My friends and family aren’t much help either—they think I’m stupid for even overthinking this song of all songs so much. Guess I’ll just keep listening and see if it finally clicks—or keeps driving me nuts.

Edit: OK, I figured it out. After like 50 listens, I realise I like the song. Still gives me blue balls, but the production, main hook and vocals are too good.",84
1hwrmpg,italian hip-hop is incredibly underrated,leolago3132,1736362090.0,31,https://www.reddit.com/r/LetsTalkMusic/comments/1hwrmpg/italian_hiphop_is_incredibly_underrated/,"im just an italian teenager and in the last years i've been listening to a lot of italian hip hop and i think its incredibly slept on, the only 2 things in wich american hip hop is straight up better are the pure quantity of good albums dropping trough the year and the lyrics, and even for the lirycs it's not even that they are better its just 2 different way of approaching lirycs.

probably the main reason its not as popular as french or spanish rap is that the italians in the us are older than hip hop culture in italy (it came fairly late here), other than this if you look objectivly at it i just can't jutify how niche it is, like if you want old school rap inkoi, club dogo, cor veleno, collle der fomento and tuceklan are pretty on par with the bigs of us rap, for hardcore salmo and noyz narcos managed to make the hardcore culture theirs and their sound is incredible,if you want straight up trap thasupreme and sick luke have some bases that slap even for american standards,  sfera ebbasta (the early one) and tedua (the whole wildbandana tbf) are on the same level of other 2016 trappers (even tough its pretty clear that they take a lot of ispiration from the us), and i feel like the new italian gen is just something never seen in the whole word like kid yugi, tony boy ,glocky, faneto, papa v  and nerissima serpe all of them are really good and with their producers are imo even better than some american new gen hip hop both tecnichally and with their unique sound

this is higly provocative and exageratted but im pretty confident in what i said and more than willing to debate and talk about it

english is not my first language im sorry for any writing errors and pls point them out so that i can correct them",51
1hwn3gr,Thoughts on the growing fusion in Latin Music?,Temperoar,1736351013.0,8,https://www.reddit.com/r/LetsTalkMusic/comments/1hwn3gr/thoughts_on_the_growing_fusion_in_latin_music/,"Is anyone else noticing how Latin music seems to be blending genres more these days? It’s super cool how artists are mixing regional sounds with modern beats, giving everything a fresh twist. Salsa is even making a bit of a comeback, and it’s cool to see it evolve with newer styles.

[Some interesting fusions I’ve been hearing lately](https://www.billboard.com/lists/latin-music-trends-2025-predictions/corridos-experimentation/), like Afrobeat mixing with Latin rhythms, really show how these genres are coming together. It’s not just about reggaetón anymore; Latin music seems to be getting more experimental, with artists pushing boundaries in ways that feel pretty exciting.

Is this just a phase, or do you think these fusions could be the future of Latin music?",6
1hwlyzy,"[AOTY 2024] The Year In Metal (Blood Incantation (#4), Opeth (#16), Alcest (#17))",wildistherewind,1736348009.0,9,https://www.reddit.com/r/LetsTalkMusic/comments/1hwlyzy/aoty_2024_the_year_in_metal_blood_incantation_4/,"Our third post in a series covering the results of the 2024 Album Of The Year voting on this subreddit: https://www.reddit.com/r/LetsTalkMusic/comments/1hp5cz6/2024_ltm_album_of_the_year_results/

Metal, in all its forms, typically has a rough time on LTM's album of the year voting threads each year because multiple users vote for their favorite underground, largely unknown metal album and those albums ultimately only receive one vote (I am guilty of this two times over this year). Because of this, there is the appearance that metal is unpopular here despite more than 10% of all albums voted on every year being metal.

However, this year we saw a bunch of metal albums break in to the top slots. Blood Incantation's *Absolute Elsewhere* came in at #4, this year's unifying force in the genre. Lower down the list, there were albums by Opeth, Alcest, Ulcerate, and - yes - Oranssi Pazuzu landing at a very respectable #27.

For the metal fans: how was 2024 compared to past years? Is the adulation behind Blood Incantation a good thing for the visibility of the genre? Everybody has their picks for what *should have been* the winner in our voting - make the pitch for what you thought the best metal album of 2024 was and why other listeners should check it out.",13
1hw493a,Why do people take hardcore music so seriously?,WatercoolerComedian,1736289618.0,154,https://www.reddit.com/r/LetsTalkMusic/comments/1hw493a/why_do_people_take_hardcore_music_so_seriously/,"I enjoy heavy stuff, ngl I just listen casually and have more old man taste, I probably couldn't even name that many hardcore bands outside of like Gulch or Hatebreed and when it comes to other heavy stuff like metal I have very boring taste like old thrashbands, some Sludge and doom, etc, I think the newest band Ive listened to is Heriot...alternative rock is more my thing

But one thing I've noticed is people take hardcore and stuff very serious, especially music Twitter and stuff, everyone talking about posers, mosh etiquette, straight edge vs non straight edge, what hole in the wall shows  are going on, dunking on bands this band vs that band etc and all just seems super miserable to me like what's the deal? It feels like within that genre it's less about the music and more about the culture surrounding the music, almost as if the bands are more a vehicle in which merch can be sold and pictures/videos can be taken at venues, at least from an outsiders perspective

So what's the deal? ",114
1hwhpek,Why does a lot of synth-based music end up sounding the same?,UnderTheCurrents,1736334435.0,0,https://www.reddit.com/r/LetsTalkMusic/comments/1hwhpek/why_does_a_lot_of_synthbased_music_end_up/,"The Synthesizer is, in theory, an infinitely versatile Instrument when it comes to it's Timbre.

Yet most synth-based music falls into broadly similar categories, those usually being Ambient, overtly poppy and techno-esque with using mostly sawtooth waves.

Now I do readily admit that I could be wrong about that and there could be a lot more inventive music made with synthesizers that uses unusual Timbres. But I do feel like there is a certain expectation to sound the same, based on a couple of distinct influences.

What is, in your opinion, the most unique use of synthesizers in music?",17
1hvqbhh,"[AOTY 2024] The Year In Societal Decay (The Cure (#3), Geordie Greep (#5), GY!BE (#6))",wildistherewind,1736252817.0,7,https://www.reddit.com/r/LetsTalkMusic/comments/1hvqbhh/aoty_2024_the_year_in_societal_decay_the_cure_3/,"Our second post in a series covering the results of the 2024 Album Of The Year voting on this subreddit: https://www.reddit.com/r/LetsTalkMusic/comments/1hp5cz6/2024_ltm_album_of_the_year_results/

Everything in the world sucks and we're all going to die. This was never more apparent than in 2024 and it was also reflected in the year's best albums as voted by this sub. The Cure delivered a late-career gem with *Songs Of A Lost World* looking at the finality of life as it nears its end, Robert Moran of *The Sydney Morning Herald* described *The New Sound* by Geordie Greep by saying ""the incel era finally has its first classic album"", and *NO TITLE* by Godspeed You! Black Emperor is the latest installment in the band's discography documenting humanity's worst impulses. Everything sucks but at least it sounded good this year (quote the 1976 movie *Network* in the comments below).

Is there a throughline that links the most lauded post-punk / post-rock / post-society albums of the year? In the past, I had a theory that popular music is an inversion of the political landscape in which it is released (Rage Against The Machine peaking in popularity during a relatively stable political climate in the United States, Nickleback peaking in popularity post-9/11). This year, the most critically acclaimed rock albums seem to accurately chronicle how bad things are. Is there a limit to how much listeners will want to wade into the mire?",5
1humlce,Greta Van Fleet caught a ton of heat for sounding like Led Zeppelin. Did The Darkness catch as much heat for sounding like Queen?,CarpeNoctem727,1736125018.0,204,https://www.reddit.com/r/LetsTalkMusic/comments/1humlce/greta_van_fleet_caught_a_ton_of_heat_for_sounding/,"2003 I remember being in college and hearing The Darkness I Believe In A Thing Called Love. Justin Hawkins had a Freddy Mercury type sound and I liked it. Definitely channeling Queen vibes. I don’t remember anyone talking particularly negative about them. 2017 Greta Van Fleet drops Highway Tune and catches a ton of shit for a channeling Robert Plant and Led Zeppelin. Did I miss something or did our taste in music just change? Everyone has idols. 

Edit: You see thats what I mean. There was no reddit back them and I didn’t care enough to buy music magazines at the time. I don’t remember passively hearing any complaints about The Darkness. ",336
1hvqszj,"""Alternative Metal"" ""Alternative Rock"" are not real music genres",ziyx_,1736254519.0,0,https://www.reddit.com/r/LetsTalkMusic/comments/1hvqszj/alternative_metal_alternative_rock_are_not_real/,"I have a friend who is telling me genres such as ""Indie"" ""Alt Rock"" or ""Alt Metal"" don't exist, because ""then you can put just whatever you want in it"". He argues those terms stand for nothing. I am giving him historical examples of bands like Nine Inch Nails, or even telling him that ""Nu Metal"" for instance is a subgenre of Alt-Metal. He tells me I have no understanding of what music genres are as a response :')

Originally, we were having a discussion about the Metalcore band ""Architects"". I was arguing with him that this band were progressively shifting from metalcore to alternative metal. He told me alt metal doesn't exist, and that Architects is still very Metalcore still now. I'm no sure about what he says. Can you help me understand ? Preferably with reliable sources if possible.",34
1hukx65,"David Bowie's final musical stage is the most honest and perhaps the best
",Spare_Wish_8933,1736120390.0,102,https://www.reddit.com/r/LetsTalkMusic/comments/1hukx65/david_bowies_final_musical_stage_is_the_most/,"Don't get me wrong, there are very good albums in the 70s and the guy was a genius: Hunky Dory (my favorite), Aladdin Sane, Young Americans, Low. But there was a tendency for Bowie in the 70s to exaggerate everything, from appearance to music: exaggerated singing in the glam era (I don't think he could sing at this time?), some simplistic glam songs made for the radio or the mainstream, heavy riffs in TMWSTW. Young Americans is a good album and it is one of my favorites, but I doubt that it is a good soul album, it is simply pretending to be a Soul singer. Station also seems pretentious to me and what can I say about the Berlin trilogy, with those 5-minute instrumental songs. I mean it's not that it's bad, I admire the capacity for risk, non-existent in today's music, and the inclination towards art... but if it's not a 10/10 the listening can become a little dense, although I suppose from the stage in what you are going through.

He supposedly left it in the 80s (the exaggeration), although he wasn't very inspired. So in the end we have the Bowie of the 00s (Hours, Toy, Heathen, Reality), he is simply a brilliant musician who lived in NY, making simple but mature and intelligent pop rock, you can see that he was a good melodist. Then we have The Next Day, which although it has filler, is a very good 21st century art rock album, very Bowie and again, unpretentious. And as a final cherry on top you have Blackstar, a great and innovative album but that doesn't seem exaggerated to me because the guy was literally dying. 

I understand that people love the 70s because of the cultural impact, but I think this stage should be more appreciated.",35
1hv2bjl,"What Have You Been Listening To? - Week of January 06, 2025",AutoModerator,1736179226.0,6,https://www.reddit.com/r/LetsTalkMusic/comments/1hv2bjl/what_have_you_been_listening_to_week_of_january/,"Each week a WHYBLT? thread will be posted, where we can talk about what music we’ve been listening to. The recommended format is as follows.

Band/Album Name: A description of the band/album and what you find enjoyable/interesting/terrible/whatever about them/it. Try to really show what they’re about, what their sound is like, what artists they are influenced by/have influenced or some other means of describing their music.

[Artist Name – Song Name](www.youtube.com/watch?v=PxLB70G-tRY) If you’d like to give a short description of the song then feel free

PLEASE INCLUDE YOUTUBE, SOUNDCLOUD, SPOTIFY, ETC LINKS! Recommendations for similar artists are preferable too.

This thread is meant to encourage sharing of music and promote discussion about artists. Any post that just puts up a youtube link or says “I've been listening to Radiohead; they are my favorite band.” will be removed. Make an effort to really talk about what you’ve been listening to. Self-promotion is also not allowed.",14
1huygm6,[AOTY 2024] The Year In Hyperpop (Charli XCX (#1) & Magdalena Bay (#2)),wildistherewind,1736168476.0,7,https://www.reddit.com/r/LetsTalkMusic/comments/1huygm6/aoty_2024_the_year_in_hyperpop_charli_xcx_1/,"Our first post in a series covering the results of the 2024 Album Of The Year voting on this subreddit: https://www.reddit.com/r/LetsTalkMusic/comments/1hp5cz6/2024_ltm_album_of_the_year_results/

The race between Charli XCX's *BRAT* and Magdalena Bay's *Imaginal Disk* was very close. Two votes in either direction could have changed the final results.

As the results were announced, there was a post lamenting poptimism, but is that really what we are seeing? The big pop acts who released albums this year were nowhere to be found in this year's voting results on LTM. *Eternal Sunshine* and *Cowboy Carter* received one vote apiece. The billionaire pop star who shall not be named received zero votes. *Radical Optimism* was ignored here and everywhere else, as it should be.

I, personally, don't think these two albums are a product of poptimism. Hyperpop has been bubbling under the surface of popular music for a decade and this last year seems like the year that it finally reached the surface and was welcomed by the pop audience (did Caroline Polachek lay the groundwork for this in 2023, discuss below). One thing I would like to mention in defense of *BRAT* is that there is a disconnect between the glossy, unreal sound of the music and the very “intrusive thoughts” nature of the lyrics that flipped contemporary pop inside out: it feels messily personal in a way that recent pop music has not.

Will there be a change in the sound of popular music post-*BRAT* summer? Will hyperpop continue to make waves or are we at the crest of the wave?",20
1htb85e,"Despite being a massive Beach Boys fan, I have never heard the Smile Sessions (2011) until recently. And after several relistens, I can safely conclude that there is no way in hell the album would've been commercially successful had it been released in 1967 as originally intended
",kingofstormandfire,1735984486.0,155,https://www.reddit.com/r/LetsTalkMusic/comments/1htb85e/despite_being_a_massive_beach_boys_fan_i_have/,"This post isn’t meant to delve into the artistic merits of Smile—I think we can all agree that, in any form, Smile is undeniably ambitious and groundbreaking. Its innovation and vision remain unparalleled, solidifying its reputation as a cultural and artistic milestone.

I made this post because I see a lot of speculation on this sub, the r/thebeachboys and among Beach Boys fans that if Smile had been released in '67, it would've been a huge success with both critics and fan, been commercially successful and would've made The Beach Boys legitimate competitive rivals with The Beatles.

However, after listening to the Smile Sessions as well as listening to Brian Wilson Presents Smile, there is no way this album would have been a commercial success in 1967, even during the rise of more psychedelic, experimental, and ""out-there"" music in the mainstream. The album’s experimental nature, intricate arrangements, and lack of traditional pop hooks would have made it an extremely tough sell for the general public. Even more harder rocking psych-rock albums of '67 like Disraeli Gears and Are You Experienced have pop hooks. Smile was simply too avant-garde and unconventional for its time.

To draw a comparison with a contemporaneous release that it’s often measured against, Sgt. Pepper’s Lonely Hearts Club Band, despite its psychedelic trippiness and artistic experimentation, is a remarkably accessible album. The Beatles were careful to frame their innovations within the structure of pop songs, creating tracks that were both experimental and radio-friendly. Smile, by contrast, feels like a wholly different beast. Many of its tracks come across as fragmented—more like intriguing sketches than fully realized songs. The only track on the album with broad, mainstream appeal is ""Good Vibrations,"" which is understandable, given that it was crafted as a standalone single.

In my view, Smile would have been polarising among critics and hardcore fans. Some would have hailed it as a work of genius, while others might have found it perplexing or overly indulgent. As for the general record-buying public, it would've been ignored, overshadowed by albums that balanced experimentation with accessibility. The rock/pop scene was getting crowded with a bunch of great releases at that time. Even if that had been released, I think Smile would've been lost in the shuffle.",35
1hta064,Any fans of Minimalism here?,MasterLorenz,1735979022.0,59,https://www.reddit.com/r/LetsTalkMusic/comments/1hta064/any_fans_of_minimalism_here/,"
Started in the US in the 60s, Minimalism was a break away from the increasingly avant-garde and dissonant classical music of the mid-20th century to a highly tonal, repetitive, and process-oriented genre. The four main first-wave Minimalist composers (LaMonte Young, Terry Riley, Steve Reich, Philip Glass) were heavily influenced by a mix of Balinese gamelan, West African drumming, traditional Indian music, medieval European chants, Baroque and modern classical music. The influence of this movement can be felt all over modern music, in both classical and non-classical.
 
*Music for 18 Musicians* by Steve Reich and *A Rainbow in Curved Air* by Terry Riley are my favorite works of minimal music. 

I feel like this genre gets overlooked for how amazing it is! I highly recommend checking this stuff out.",22
1htk3h5,I Can't Stop Thinking About Emarosa...,SecretBox,1736013513.0,3,https://www.reddit.com/r/LetsTalkMusic/comments/1htk3h5/i_cant_stop_thinking_about_emarosa/,"I posted this in another music subreddit but it's still on my brain. So I thought I'd share it here too and see if anyone had anything they wanted to share to contribute.

---

Specifically the albums 131 and Peach Club, but more in general about the transition from Johnny to Bradley and the fallout around the group's change.

If you look at some of the comments I've made in the past, you'll know I'm not the biggest fan of Johnny Craig as a singer. Problematic addict behavior aside, I don't find his voice particularly compelling because I listen to a lot of hip-hop and R&B, and I don't really feel he's a particularly strong singer in the genre he's inspired by. Much of his success, in my opinion, comes from being in a prominent band in a genre at a time where not many singers sounded much like him. Which is a success, don't get me wrong, but it makes me slightly confused about how feverishly people idolize his previous work. In particular, it makes me think about his work with Emarosa.

Some of this confusion comes from the idea that, as some folks say, you had to be there. I wasn't; I didn't start listening to Dance Gavin Dance or Emarosa until well after Craig had left both bands. My first DGD era was Acceptance Speech, and with Emarosa it was with Versus. I sort of back-filled my awareness of both groups from there, and with DGD I find the Kurt Travis era to be my favorite. But Emarosa was more interesting and complex, in my opinion. I remember reading off rip that a lot of people weren't happy with Bradley Walden. I had ventured back to explore Squid the Whale, and really enjoyed that band's sound. To me, Bradley was much less chaotic with his vocalized runs, and simply felt like a more disciplined singer. Where Johnny seemed to just sort of go for it and wing it with raw talent, Bradley's singing seemed much less moody and more focused around the musicality of the group as a whole rather than just it being a launch pad for his own style. I imagine there was some style and identity lost in the shuffle, but I also really enjoyed the songwriting on Versus much more. Songs like ""A Hundred Crowns"" feel suitably dynamic and gripping in how they rise and fall, whereas songs like ""Cliff Notes"" feel much more emphatic and earnest in the writing. Versus felt not necessarily triumphant in how they re-introduced the band but it felt like it had a real identity rather than a test run of jumping back into making music after their hiatus.

With all that said, 131 feels like both a step forward and a lateral sidestep. Of course, for the longtime fans, this record is noteworthy for being their off-ramp from post-hardcore rock sounds. And it is, it's a decidedly more alternative rock record that dabbles as much in pop (""Helpless"", ""Sure"") as it does post-hardcore (""Miracle"", ""Blue""). In some ways it feels safe as a follow-up, and I do wonder if the softening was inspired-or at least encouraged-by Hopeless as a label compared to Rise. What is more clear, however, is that despite the strength of the record, the band was having a tough time shaking the comparisons to Johnny-era writing. Bradley in particular was taking this pretty personally, and was part of the catalyst of the group's move away from post-hardcore with the next release. It was certainly controversial within the band's camp, as Peach Club saw the departure of the remaining founding members save guitarist ER White. It also saw the band jumping with both feet into a more synthpop, 80s-influenced sound, much to the chagrin of longtime fans. The rest, as they say, is history: Peach Club lands higher on the Billboard US Indie chart, Bradley is accused of sexual misconduct, Hopeless drops the band and latest record Sting comes and goes with little fanfare. But I can't stop thinking about Emarosa. I can't figure out, at least musically, where they seem to have gone wrong with a lot of fans.

Sure, I understand the vocalist shift cost them some fans, and the style shift from post-hardcore to pop-rock cost some fans, but even between Versus and 131, I feel like they bled more fans than they picked up in places like the post-hardcore subreddit. I wonder, with the benefit of hindsight, if anyone feels like they wrote Bradley-era Emarosa off prematurely, if anyone else has gone back to re-visit Versus and 131 and found anything worth appreciating there, or if they were doomed the minute they got rid of Johnny?",1
1hsx5go,Do you guys actually have music friends/circles to talk music with?,samh748,1735938645.0,122,https://www.reddit.com/r/LetsTalkMusic/comments/1hsx5go/do_you_guys_actually_have_music_friendscircles_to/,"I mean like people that you'd share new music finds with, maybe talk gear or whatever. Subs like this are nice but it's for very general discussion. For example often I'd find some really cool artist or song and want to share that with people. But it means they'd have to have pretty similar tastes and stuff, while being open minded at the same time. Which seems pretty rare. None of my real-life friends care when I post these things on my ig stories (not surprising but still).

Do you guys have friends or circles that you talk music with? How do you go about finding them?",108
1hteghw,Will Electro Pop Make a Comeback Later in the late 2020s like How was in the late 2000s ,Lilzurvan5768,1735997584.0,0,https://www.reddit.com/r/LetsTalkMusic/comments/1hteghw/will_electro_pop_make_a_comeback_later_in_the/,"I Noticed Recently New Album from this year 2024 like 2hollis Boy/Jake Brantley Dream Phase/6arleyhuman Internet Famous/Charli XCX Brat all of them have a upbeat and happy sound and a more like a electro pop vibe to it just like the good old days 

And for me I love this albums from this year so far and they really my favorite of all time ever in my opinions 

If this trend start to return I Say like 2025 or 2027 I will be down for it after like row and row of downbeat music in the radio, I hope so",11
1hrzv67,What if Michael Jackson was still alive?,BattleHappy1303,1735840802.0,129,https://www.reddit.com/r/LetsTalkMusic/comments/1hrzv67/what_if_michael_jackson_was_still_alive/,"This topic has been on my mind for a couple years now ever since I really got into his music and I'd just like to express it to you guys but what would MJ's career, his personal life, his legacy, modern music in general and so on be like if he had never died on that fateful afternoon in June 2009. MJ would have been 66 if he was alive today and he only died at 50 so it'd be safe to assume that his music career would've carried on into the 2010s as he was working on an album prior to his death im pretty sure. He would've done This is it and from everything I've seen i think it would've been absolutely amazing. As much as they like to say MJ was basically a husk in his last year his spirit of performing, singing and dancing never left him and i think he would've pulled off a spectacle of a comeback tour which would have re-instated his postion as a legendary performer after years of being away from the stage and all the trial shit he went through in the mid 2000s. But other than that i dont know. I'm only 18 and never even heard of the guy till after he died so i never really got to experience him so i want to know what you guys who actually lived through his lifetime think he would've gotten up to in the time since his passing

",358
1hs7mkj,Why isn't electronic music more acknowledged since it's so popular in the US? ,None,1735859924.0,39,https://www.reddit.com/r/LetsTalkMusic/comments/1hs7mkj/why_isnt_electronic_music_more_acknowledged_since/,"It's a curious thing but maybe I'm just in South Florida and I get overexposed to it.

But folks love it over in California and the other maritime states in the Pacific, there's also a big scene in New York, Philadelphia, Boston, not to mention, of course, Denver and Las Vegas over in the Rocky Mountains.

And who can forget the nation's capital? DC has a decent electronic music scene and even places you would never expect like little old New Orleans and Nashville.

Yet, there doesn't seem to be a ubiquitous acknowledgment that this music genre and this culture is immensely popular. The old legacy media like CBS, NBC, ABC, and CNN don't really mention it.

You hardly hear the Wall St Journal, Bloomberg, NY Times, etc... talking about it, except occasionally and only in passing.

You ever just feel like the legacy media just denominates everything into whatever a handful of states in middle America appreciate?

I even met Congresspeople who listen to electronic music, like it's not that rare anymore",67
1hs226c,John McGeoch is called the “Jimmy Page of Post-Punk”. How did his guitar style change rock music?,Just1nceor2ice,1735846114.0,35,https://www.reddit.com/r/LetsTalkMusic/comments/1hs226c/john_mcgeoch_is_called_the_jimmy_page_of_postpunk/,"John McGoech was the guitarist for the first three Magazine albums and Siouxsie and the Banshees for the Kaleidoscope, JuJu, and Kiss in the Dreamhouse albums. These albums and his gutiar work specifically were hugely influential on various post-punk and indie rock bands, such as the Smiths, U2, Jane's Addiction, Mogwai, Jesus and Mary Chain, just to name a few. These bands were also very influential in of themselves, providing the groundwork for alt-rock genres like Shoegaze, Emo, Post-Rock, and Alternative Metal. 

I wanted to ask everyone here what was different about John McGeoch's guitar playing that made him so influential and various different styles of indie / alt rock? ",4
1hssi7w,Why isn't King Crimson as well known as other prog bands?,HotAssumption4750,1735927036.0,0,https://www.reddit.com/r/LetsTalkMusic/comments/1hssi7w/why_isnt_king_crimson_as_well_known_as_other_prog/,"King Crimson has made some of the most iconic works in prog rock and have been really influential in developing that genre. However, I feel as though they are not as well known as the other prog rock bands at the time like Pink Floyd, Jethro Tull, Yes, Rush etc. Its a shame, because I really enjoy a lot of their albums and think they are incredible(I think they were one of the only prog bands critics liked at the time). Albums like In the Court of the Crimson King and Red are top-tier for me and I also enjoy parts of their musical suite Larks Tongue in Aspic. I also enjoyed their Talking Heads influenced album in the 80's Discipline. Why do you think they did not achieve the same amount of commercial success as the other prog bands of the 70's?",46
1hrwy16,"General Discussion, Suggestion, & List Thread - Week of January 02, 2025",AutoModerator,1735833608.0,7,https://www.reddit.com/r/LetsTalkMusic/comments/1hrwy16/general_discussion_suggestion_list_thread_week_of/,"Talk about whatever you want here, music related or not! Go ahead and ask for recommendations, make personal list (AOTY, Best [X] Albums of All Time, etc.)

Most of the usual subreddit rules for comments won't be enforced here, apart from two: No self-promotion and Don't be a dick.",3
1hser5e,artists vs musicians,Perfect_Ticket_2551,1735880694.0,0,https://www.reddit.com/r/LetsTalkMusic/comments/1hser5e/artists_vs_musicians/,"i know it says discussion but i’m mainly asking for people to start the conversations because I don’t know where to begin,
The difference between an artist and a musician is what i’m asking I guess, along with people you think are either or, 

does it boil down to intention? Self expression? is there no real way to know,
This may not be the right sub but any answers would help,
why does it seem like artist have a positive connotation over musicians being negative too? like prince vs mj
with prince being the artist, but when yoy compare mj to idk drake, mj becomes the artistical one
A person that comes to mind is playboi carti, who I thought was just a controversial “musician” who expressed himself through multiple outlets, but i’ve seen been called a dadaist poets?

Is using AI to create a form of art or art itself? I see it so bashed in drawing communities?
What about music,
Is music the art and instruments are the form?

I guess many of these questions are not music related and half are, but again anything would help.
",30
1hrgay5,What do you (or do you not) like about heavy metal?,TheUn-Nottened,1735775910.0,59,https://www.reddit.com/r/LetsTalkMusic/comments/1hrgay5/what_do_you_or_do_you_not_like_about_heavy_metal/,"I love heavy metal because of its energy. I like how intense, how loud it is. There's something just so driving and motivating about it. The groove of the guitars and drums, and how they go together. Something inside me is amplified when I hear it. As you may have guessed, I really like power metal, although my main genre is thrash/groove. Anyways, I love guitar solos because they're so fast, just scary demonstrations of technical virtuosity. Metal music is a demonstration of power and strength.

I know that lyrics are a big draw for a lot of people. They see the shallowness of other styles and like how , for lack of a better word, real, metal lyrics are. And I tend to appreciate lyrics, especially when they're more socially conscious or political, but it's not really a main draw. I don't really like lyrics in heavier metal genres though. For me, they come off as a bit edgy and over the top, or just in bad taste. 

There are some things I don't like about certain (heavier) metal genres. I tend to dislike genres like Death or Black, because they are too intense, which is kind of funny. I feel like they don't give me time to breathe. Just a constant barrage of notes. I'm unable to hear the intricacies (which are very present!) of the riffs, because of the amount of distortion and the beating of the other instruments.

In the words of a certain metal fan, [""It's fast... it's powerful... it's distorted! It's obnoxious metal, that's all I listen to!""](https://www.youtube.com/watch?v=XZD3sGMu-_U&ab_channel=BetaGemsLostMedia)",183
1hr80if,"I percieved this song as a huge and widely known hit, only to find out that almost nobody knows of it. Have you any similar experiences too?",ulookliketresh,1735753627.0,40,https://www.reddit.com/r/LetsTalkMusic/comments/1hr80if/i_percieved_this_song_as_a_huge_and_widely_known/,"I feel like I'm going crazy, I know of one song I percieved to be a ""all known classic"" swear I've heard alot of times from different artists, only to find out it had only been recorded by one woman and the most views it had on Youtube was 55 thousand which sounds like alot, but for a video from 15 years ago, it isn't exactly alot compared to other tracks. The song was ""Your Smile"" by Madeline Bell

I was going through this quite underground 1960s artist named Madeline Bell, and when listening through one of her albums I heard this familiar tune that I've heard many many times before but from different artists renditions of it (https://youtu.be/KReGP8X8Em0?si=S0eBlboqB0jCdsPE) and put it into my playlist. A few weeks later, I decided to finally listen to other artists recordings of it.

 (Thinking that Madeline's song was another cover, not an original as it wasn't even her most well known)


So when I researched it, nothing came up, just Madeline's song. And it surprised me because I swear I've heard this song in the same likes of ""Hotel California"" famous.

TL;DR : I swear I've heard this tune before and thought it was a HUGE HIT but I haven't known of the song until I found it on one obscure (?) album and it turns out it wasn't even a lead single or charted at any charts or was it known widely.

I can't put it exactly into words, this song is so familiar when I first heard it fully and I thought it was a cover of a huge hit, but it was an original that wasn't even widely known


",44
1hre3es,How To Choose Between Buying It On Vinyl or CD?,ageminiwriter,1735769766.0,9,https://www.reddit.com/r/LetsTalkMusic/comments/1hre3es/how_to_choose_between_buying_it_on_vinyl_or_cd/,"  
Hi all,

I have recently started my physical media collection. Since the age of streaming, I've just used Apple Music to stream all my music, but in recent months, I have seen the beauty of digital media collection and have started doing so.

I bought a vinyl player and have purchased my top favorite albums on vinyl. I also am buying a CD player and want to start collecting CD's. However, I am having a bit of anxiety trying to decide what albums to buy on vinyl, and what to buy on CD.

My immediate thought process is that I should buy albums on vinyl that have ""no skips"" or ""very few skips"", and that if an album has several songs I like to skip, I should buy them on CD so I can skip easy.

What are your thoughts on this? What is your process? Are there genres that sound better on CD than vinyl or vice versa? Curious to hear everyone's thoughts, and thanks again in advance.",45
1hqhhfo,Non-native English speaker here. Are RHCP lyrics just gibberish? ,Mountain_Rip_8426,1735660392.0,243,https://www.reddit.com/r/LetsTalkMusic/comments/1hqhhfo/nonnative_english_speaker_here_are_rhcp_lyrics/,"I'm not a native speaker, but i'd say, i kind of managed to achieve almost native like fluency in English, as i've been learning and using it from the age of 6 (i'm 33). Looking back a lot of my early improvement comes from my love for music and the little pamphlets that came with CDs when we still had them. At the time i of course barely understood any of the lyrics of any band, but by now they all cleared up, except for Red Hot Chili Peppers. So is it because of my lack of English understanding or do they really don't mean anything? I mean, grammatically they're correct, but contextually they're just words next to one another. Or am I missing something? ",182
1hq1ldf,"Spotify’s fake artist program, mood based playlists, and the purpose of music",wildistherewind,1735603631.0,228,https://www.reddit.com/r/LetsTalkMusic/comments/1hq1ldf/spotifys_fake_artist_program_mood_based_playlists/,"Journalist Liz Pelly has a forthcoming book titled *Mood Machine: The Rise of Spotify and the Costs of the Perfect Playlist* and an excerpt from the book was published last week on the Harper’s website [this is not an advertisement for the book or the magazine and you can read the article for free]. Pelly exposes the history of Spotify’s program to create fake songs for their mood based playlists in order to increase their revenue.

https://harpers.org/archive/2025/01/the-ghosts-in-the-machine-liz-pelly-spotify-musicians/

By partnering with companies that make unobtrusive instrumental music, Spotify slowly introduced their bespoke music created by session musicians using pseudonyms to fill out popular playlists: Deep Focus, Cocktail Jazz, Lo-Fi House. Spotify then increased the amount of fake content, pressuring its editorial staff to use more of what they internally call “Perfect Fit Content”. Spotify denies the claim but the author followed the money (an investigation into money paid through a Swedish copyright collection agency found that 20 songwriters were behind the work of 500 fake artists on the platform, just the tip of the iceberg) and spoke with session musicians who worked to create music specifically for playlists.

This quote jumped out:

>A model in which the imperative is simply to keep listeners around, whether they’re paying attention or not, distorts our very understanding of music’s purpose.

One has to wonder if the listener cares how the music they consume is made. Does it matter whether it is an independent musician or a venture capitalist group (literally Blackstone in this case, because of course it is) creating lo-fi hip-hop adjacent pink slime? Does the dinnertime jazz playlist listener care about the provenance of what they are listening to or is it just meaningless filler? Even if people knew what they were listening to was Muzak performed by made up artists, would it change anything?",75
1hqih30,"On album credits, lyricist vs writers",sheerfire96,1735663155.0,7,https://www.reddit.com/r/LetsTalkMusic/comments/1hqih30/on_album_credits_lyricist_vs_writers/,"I was reading through the [wiki page](https://en.wikipedia.org/wiki/Alligator_Bites_Never_Heal) for the Doechii Album Alligator Bites Never Heal, and it says that Doechii wrote all the lyrics, however each song has a team of writers. 

I am a little confused as to what this means. I am assuming that implies that the words are all Doechii, but the arranging and writing of the music is shared by the team, but I'm also a little confused because I was under the impression that fell under the job of producer. 

What's the difference between Lyricist, writer and producer in this context? Is this a unique situation or do other bands and artists have this?",15
1hq9ifg,Is it worth forking out money for custom earplugs?,AnomicAge,1735629491.0,24,https://www.reddit.com/r/LetsTalkMusic/comments/1hq9ifg/is_it_worth_forking_out_money_for_custom_earplugs/,"I've finally decided to buy some earplugs after the last metal show I went to was so loud I couldn't even hear it very clearly because my ears were struggling to handle it. 

I've got chronic tinnitus (after a bad drug trip strangely) and already lost some hearing thanks to 12 years of shows without any form of ear protection but I better preserve what hearing I've got left... I've seen some brands like eargasm and loop suggested but others suggest going to an audiologist and getting molds for proper fitted plus that will foreseeably last forever (or until I lose them) 

Has anyone done this? 

I guess whether it's worth it is contingent on how often you go to shows and how much you value your hearing but maybe I should try buying a generic pair first in case they fit well enough? ",20
1hqfjw4,Let's Talk: 50 Cent,HotAssumption4750,1735654595.0,4,https://www.reddit.com/r/LetsTalkMusic/comments/1hqfjw4/lets_talk_50_cent/,"Being the protege of Eminem and Dr. Dre, there was a lot of hype for 50 Cent when he broke on through after his previous mixtapes. While his debut album Get Rich or Die Tryin was a major success, it was diminishing returns for him afterwards especially after the Curtis album which had to compete with Kanye's Graduation. With so much hype surrounding him, would you say 50 lived up to it all? While I still think songs like In Da Club hold up i'm not sure about his overall career. Most of his subsequent material seems to be to formulaic and 50 himself tends to sound so disinterested on record. It's not like he was known for his lyrical talents much either. Do y'all think he lived up to the hype?",21
1hq12tb,Why is there still such a stigma when it comes to higher musical education?,FuzzyJump42,1735602248.0,40,https://www.reddit.com/r/LetsTalkMusic/comments/1hq12tb/why_is_there_still_such_a_stigma_when_it_comes_to/,"As the title says, ever since I've started treating music seriously there has always been a negative connotation on pursuing it, god forbid going to university for it, even here in the EU where the yearly rates for most degrees aren't insane.

There always has, and probably always will be negativity towards pursuing a career in the arts, like music, 3d modeling, art, acting and so on, but whilst looking through the internet I see a lot more acceptance towards other art related fields than music, whether performance or production. An example of this would be when you try to look for information on how to pursue a career within each, or how to prepare for applying to university to study. For 3d modeling, art, animation and others youd find great information from various perspectives, whilst for music most of the information, which mainly comes from the perspective of the expensive US higher education system, boils down to one of two cases:

''Should you pursue music? Is it worth it? ''

''Why you shouldnt go to university/music school.''

Yes there's doubts like that for every degree in existence, especially the ones in the art sphere as I've stated previously, but it is the lack of anything else that's been bothering me, and im sure I'm not the only one.

But thats enough of a rant, what do you people think the reason might be and what're your thoughts on this?



(hopefully this helps anyone scouring the internet for answers in the future)",86
1hqjoft,"Opinions on the following: Sade, Grace Jones, and Eartha Kit",None,1735666518.0,1,https://www.reddit.com/r/LetsTalkMusic/comments/1hqjoft/opinions_on_the_following_sade_grace_jones_and/,"So, I have been absolutely in love with all three of those ladies since I knew what music was. I find them to be slightly similar in essence but completely different styles of course. All three were ostracized in certain communities for how they looked, sounded, and acted. Grace jones with her party girl lifestyle. Eartha Kit with her standing on the Vietnam situation. Sade and her gender rumors. But each of them over came and found their people who loved them.
If you do know any of these singers, what are your favorite songs? Quotes? Tidbits of their life. ",17
1hqewl6,Why are so many people negatively affected by the lyrics being changed in Fairytale of New York? ,ttomttom123,1735652465.0,2,https://www.reddit.com/r/LetsTalkMusic/comments/1hqewl6/why_are_so_many_people_negatively_affected_by_the/,"To those unaware of it, the f-word (often used as a homophobic slur) was removed, with the word ''haggard'' taking it's place. This obviously causes unrest within the anti-woke communities. But I'm not sure how anyone can seriously argue against the removal of an offensive slur, and genuinely mean it? 

My Dad was arguing against it, and when I questioned him on why he even cared, he didn't particularly know what to say and looked stumped. What is the underlying issue? 

I can understand that things shouldn't NEED to be changed, or banned. History shouldn't be erased etc. But amending something, as a compromise, to essentially make it less controversial (especially something popular) isn't an issue either in my mind. Especially when everyone knows how that word has been used for decades. ",118
1hpw6i3,2024 in music: my thoughts,brandonsfacepodcast,1735589329.0,21,https://www.reddit.com/r/LetsTalkMusic/comments/1hpw6i3/2024_in_music_my_thoughts/,"2024 is all wrapped up with the final Friday and music release day being behind us (aside from the rare Tuesday single drops from some labels). I wanted to express my thoughts about the music released this year as well as break down some trends I’ve been seeing over the last 12 months and get your thoughts on it.

Rap: Rap has dominated much of the 2000s, 2010s; and, aside from this year and maybe about half of last year, I’ve noticed that we’ve seen a downturn in the popularity of the genre. Sure, Kendrick most definitely had all of our attention (for good reason) this summer; but, I feel like rap has *started* to make it’s cyclical downswing. I am actually super excited for this to happen. The main reason is because when the underground scene of any genre starts to get hungry, the best art is produced, and I can’t wait for there to be some other big players in the game. Even though I’m noticing a downswing in popularity, it still had quite a few notable releases this year. The few that really stood out to me were Lupe Fiasco’s Samurai, ScHoolboy Q’s Blue Lips, Tyler, The Creator’s Chromakopia, and Kendrick Lamar’s gnx. All popular artists, but they all put together some incredible records this year. Benny The Butcher’s debut on Def Jam is also some of his best work to date in my opinion. Has anyone else noticed this downswing in popularity? What were your favorite rap albums this year and why?

Pop: What a year that pop had. I haven’t seen a year this busy and buzzy with pop in a LONG time. It’s in such a good place, and with gender norms being tossed aside by most of the mainstream audiences across the globe we’re getting some fantastic pop music, and fantastic audience and listener metrics. The major players this year are of course, Charli xcx, Chappel Roan (even though her album came out in 2023), Sabrina Carpenter and Billie Eilish. Charli had an incredible year. Doing double duty hosting and performing on SNL, releasing like 4 versions of her brat album and selling most of them out, US tour with Troye Sivan, appearing on multiple global festival lineups either in headliner or sub-headliner spots: she crushed 2024 and most definitely dominated charts for most of the summer. Happy for her, as this must have been her get rich slow scheme as she’s had a handful of hits over the last decade but never domination the way she did in 2024. Chappel Roan most definitely had an incredible year as well. Quite a few people have noted her Lollapalooza set as her shining point but I’m going to take it back to April of 2024 for her major blow up period. I became aware of her in January, already a month or so after her release of the album that won’t stop and was pretty excited to see her on the Coachella lineup as I always stream the festival from my house. We can go back and look at the differences in crowds between weekend 1 and weekend 2. She BLEW THE FUCK UP in that week and had that Mojave Tent quite literally overflowing on weekend 2. Her trajectory just continued to rise as she had to get a bigger stage at Lollapalooza due to her crowd size predictions. Huge year for her, great album last year and I just hope that she can follow it up with something just as fun, silly and genuinely good as her last one. Billie’s album is kind of an enigma for me. I personally didn’t like it (nor most of Jack Antonoff’s productions this year – that breathy style of vocals he even made Kendrick do pisses me off); but, I’ll say this: when I ask people in real life what album they’ve been bumping the most, I actually get Billie’s album more than anything else as a response. Good for her. Taylor Swift obviously put out an album that most people didn’t like, but sure did cross the globe and had her best year financially ever. Sabrina Carpenter having as good of a year as she did really perplexes me, but good for everyone who likes her music. Other notable releases are The Marias, Lolo Young, Porter Robinson and Rachel Chinouriri. Is pop music poised to have a bigger year in 2025? Are most non-music nerds paying more attention to pop and its landscape than ever before? How many records were bought this year without even having a turntable?

Electronic/Dance: I’ve been a huge electronic music fan since the early 2000s. We had a monumental electronic year in 2023 and I honestly love how many artists are either going back to, or finally starting to drop full albums rather than singles in this scene. Full projects are always my preferred way to listen to music and we got quite a few actual masterpieces this year. Jamie xx released the highly anticipated response to In Colour this year titled In Waves which is, for me at least, the electronic album of the year. But he had quite a bit of heavy competition. Four Tet, Floating Points, NERO, Justice, Caribou, Lane 8, Tinlicker and even a new Deadmau5 EP that gave Jamie a run for his money. As rave culture and festival culture continues to change into something far more commercial than can actually be viable in the long term, we see quick cyclical changes in popularity and even regional scenes and some of the things I’ve noticed is the “hard techno” scene that seems to be proliferated out of the LA scene and other EU scenes that really isn’t techno, and just some of the most un-danceable smut that gets popularized by Tik Tok and other social medias into this amalgamated mush of expectations. In the real techno scene we got some incredible releases from Chlar, Rodhad, Oscar Mulero releasing not one but two albums and Rrose. My two favorite sets of the year in techno were the Glitch Festival sets from Rodhad and Chlar.  Drum n Bass seems to be gaining a lot of traction in the states and I have a feeling that we’ll be getting much more of that, not only in DJ sets (as even the trend chasing Deadmau5 and Kaskade have been dropping DnB in their recent sets); but, I actually feel like we’ll get some notable DnB releases that will be more popular as a whole in the states. My favorite DnB release this year was Spor’s (AKA Feed Me) newest EP Skelotonise. Bangers all the way through. Electronic Music still has a foot hold across the globe, and I am anticipating some great releases this year and some great tours. Support your local scene if you’re involved at all. What do you see in electronic music’s future?

Rock: Rock music this year was by far my most listened to genre. This is kind of an all encompassing genre, but there were quite a few fantastic records released this year. I heard that for some reason Creed is coming back into popularity with the kids? God, I feel old as fuck. Regardless of my thoughts on Creed, I actually think this is a good thing. Ironic liking of things has historically springboarded quite a few things back into popularity and I think guitar music as a whole becoming more popular is undeniably a good thing. And it lends credence towards what I was mentioning in my rap commentary as the underground in rock music has never really faltered, there have been countless labels and bands that have continued to grind and make no money by pouring their hearts out into music and I hope that those bands see some success. So let’s start with some of the notable releases: Jack White side loading No Name into people’s record purchases was some of the best viral album release techniques I’ve seen in a while. Beabadoobe released an album this year that seems to be pretty popular in the indie scene; although, I prefer her previous releases. Vampire Weekend, The Cure, Bear Hands, Sleater Kinney, The Vaccines, MGMT all resonated with the indie crowd as well this year. Fontaines D.C. and IDLES still showing that post-punk can proliferate through genre norms and make albums that resonate with masses. Even Mannequin Pussy’s latest is fantastic, and I’m glad the band is getting the flowers and spotlight they deserve. The Last Dinner Party paving the way for feminine rock music as well as their contemporaries (and better musicians imo) Honeyglaze. Let’s talk about punk. The ideology and the social commentary has bled it’s way into the Tik Tok sphere; but, the music this year has been fantastic. High Vis, SOFT PLAY (formerly SLAVES), The Chisel, Alkaline Trio and Death Lens all put out great albums this year. Some of these mentions blend in the post-punk side of things but their messaging and execution were all punk rock, baby. The Chisel has to be some of the best punk I’ve heard this year. Pop punk continues to be roasted by online music nerds; but, it will always hold a special place in my heart. Notable releases include State Champs, Knuckle Puck, Millington, Less Than Jake (ska but also pop punk), CLIFFDIVER, The Story so Far, Neck Deep, Bayside, Anberlin, Belmont and of course, Real Friends. Great year, but not even the best for pop punk in the 2020s so far. Real Friends has this sound though that I’ve been hearing for a few years that seems to be proliferating into one of my favorite blends: hardcore tinged pop punk. Koyo, Drug Church and Four Year Strong all had releases either last year or this year and I absolutely love them all. Drug Church’s record PRUDE this year is great, and Four Year Strong has always had this sound; yet, they seem to have really honed it on their album analysis paralysis. Post-hardcore and screamo (or Skramz as the kids call it) continue to stay in the very back corner of this scene and I’m honestly glad for it as I feel like we get a few underground bangers every year along with the established artists putting out good records. Sinema, prom, In Angles, Galleons, Foxing, Touche Amore, A Modest Proposal, and Blanket all had some great releases this year. If you haven’t heard In Angles and are a fan of riff laden mathy post-hardcore please do yourself a favor. Rock had a fantastic year and quite a few releases didn’t really get put into genre labels for me like Khruangbin, Delving and Sungazer that were more than worth mentioning for me. Love how much rock music we got this year and I’m anticipating another big year next year. What were your favorite rock releases this year? Favorite discovery in 2024?

Metal: Metal is in a similar spot as rock music is: the underground feeding most ears in most of the niches while simultaneously coming back around in the mainstream. For the purposes of pissing off the purists we’re going to be talking about metalcore, deathcore and the other cores. Lets talk about the elephant in the room: Gojira playing the Olympics. This was one of the most mainstream metal events in not only recent memory, but also long term memory. Not only was it epic and grandiose but it was a mainstream event that captivated fans and non-fans of the band alike. That being said, this year had some fantastic metal releases. Lets talk about some prog. We had some fantastic prog metal this year ranging from tech death prog with Ulcerate’s outstanding Cutting the Throat of God all the way to the noodling softer side of the prog metal scene with Caligula’s Horse Charcoal Grace (I promise that I haven’t been paid by Jim). One of my favorite things about prog metal is how niche it actually is. The tours (in the states at least) are all smaller shows and those tend to really get intimate with the fans. Wheel released their album Charismatic Leaders that I absolutely loved. It’s a near perfect album with mountains and valleys and plenty of prog goodness. I saw them on their first headlining tour in the states this year and that show was incredible. I actually saw that they’re on the bill for that Tool show on an island so good for them. Other notable prog metal releases this year include DVNE’s Voidkind which is a fantastic blend of harsh and clean, and thematic and cinematic in it’s execution. Swelling Repulsion’s Fatally Misguided is a raw and psychedelic journey into melodic and technical progressive death metal which I loved very much this year. Obviously the prog metal workhorses Opeth released their highly anticipated The Last Will and Testament which brought back Mikael’s notable death growls. And of course, your favorite pop fan friend’s favorite prog death album Blood Incantation’s Absolute Everywhere which blends the solos and vibe of pink Floyd with death metal. The one that really blew me away though was the dissonant and jazzy Ingurgitating Oblivion release Ontology of Nought. Insane album that really can’t be described well. Aside from prog we got a LOT of great death metal releases this year. 200 Stab Wounds, Civerous, Witch Vomit, Cosmic Putrefaction, Party Cannon, PeelingFlesh and Orbital Gate all had great releases this year, even if some of them are silly and don’t take themselves too seriously. 2024 marked the return of a few bands that I have loved since I was a teenager: Job For A Cowboy and The Black Dahlia Murder. The former has transformed themselves from Deathcore poster boys to incredible technical death metal with some melodic elements that separate them from the back. The Black Dahlia Murder’s first release post Trevor Strnad’s death (RIP) was bitter sweet. They’re clearly back and being fronted by one of the founding members of the band now; but, was always going to be difficult to hear. It’s worth a listen and they honestly did a great job without actively filling Trevor’s shoes. Other notable releases are of course the Egyptian themed Nile, Wintersun finally releasing Time 2 (although far more melodic than death on the melodeath scale) and Undeath’s More Insane. On the ‘core side of things we got some really great moments. From Knocked Loose going from opening for Slipknot to playing on Jimmy Kimmel’s show to releasing a critically acclaimed album (if you just heard of them, please go listen to their back catalog). Poppy releasing a fantastic blend of pop and metalcore and even Bring Me The Horizon dropping an annoyingly good album. Seriously, I actually hate how much I love their new music. We also got great albums from Darkest Hour, Cognizance, While She Sleeps, Defocus, Your Ghost in Glass, SeeYouSpaceCowboy and Nails. Other notable releases include Fit For An Autopsy and Better Lovers releasing albums this year. Metal is in a great place right now. If Gojira can tackle releasing another album that capitalizes on their Olympics performance they’ll be in the stratosphere of metal bands. The ‘cores continue to change and turn softer and softer and, at least for me, prog tends to be the best of the best in metal again for a couple years in a row. The underground will continue to bubble and produce some of the best metal of the year next year, and I cannot be more excited. What were your favorite metal releases this year? I barely scratched the surface in this write up due to how vast the genre is. Black Metal, Doom Metal and a lot of super underground slam/brutal death releases this year as well. Who’s dropping an album next year that should be on my radar?",23
1hpy466,The Underrated Genius of Billy Powell,ventsolo,1735594401.0,14,https://www.reddit.com/r/LetsTalkMusic/comments/1hpy466/the_underrated_genius_of_billy_powell/,"Everybody knows the band Lynyrd Skynyrd, but seldomly do we hear the general public talk about the Honky Tonk steeped, yet ever classy stylings of keyboard/piano legend Billy Powell. 

As Skynyrd has been typically thought of as a guitar band, especially under the Al Kooper production helm, we often miss not only Billy’s clever doubling of the guitar lines in the unique classical piano language that Billy was frankly a MASTER of, but some DELICIOUSLY killer fills that we know were littered within the music (see: the ENTIRETY of “What’s Your Name” from the Street Survivors album).

A specific example of something we miss in the classic studio recordings are Billy’s EXPERT rhythm/accompaniment parts, such as behind the post-Wurlitzer guitar solo in “Workin for MCA”, Gary Rossington and Allen Collins (Guitars) BOTH drop out (or stop playing) to leave Billy, Bob Burns/Artimus Pyle (Drummers), and Leon Wilkerson (Bass) to carry the respective rhythmic loads while Ed King/Steve Gaines (Guitars) take the post-keyboard guitar solo. Billy is not only playing the rhythm of guitar riff, but is playing a harmony part, interspersed with little rhythmic accents, and trills. These can be heard especially well in live recordings, like Knebworth ‘76, or the One More From The Road album.

Additionally, Billy adopted a technique of two handed trills, something that most pianists (or at least the ones I’ve spoken with intensely on this subject) frown upon. This technique is often seen in his most “brutal” or “scorching” solos (see: the opening lick to the piano solo on “Poison Whiskey”, or the second and third [record is only two choruses, live is three] choruses of his solo on “Call Me The Breeze”), or in the background of a band section (see: the post chorus of “Double Trouble”). This technique, I’ve found makes for a more consistent, and rhythmically accurate approach.

Finally, we can’t talk about Billy without mentioning what got him the gig in the first place: the beautiful piano composition to “Free Bird”. While his right hand maintains a consistent arpeggio, Billy displays some lightning fast dexterity with his left, crossing his hands and accenting upper octave triads, and fifths. This brazen use of “high society” classical vocabulary, and technique in a “damn rock and roll outfit” (what Billy’s mother, Virginia referred to Lynyrd Skynyrd as when she learned Billy was dropping out of college to tour with them full time) surely makes him a shoe-in for one of the greatest keyboardists of all time, yet somehow, we keep missing his name in the “greatest rock and roll keyboard/piano” videos.

What gives? Do y’all appreciate, or even notice Billy’s playing like I do? If so, what are your favorite moments of sonic visibility from the great Mr. Powell?",13
1hpu9th,Does anyone notice subdued / Whispering vocals in most new songs? Is this going to define the music of 2020s,Adisa2001,1735584481.0,27,https://www.reddit.com/r/LetsTalkMusic/comments/1hpu9th/does_anyone_notice_subdued_whispering_vocals_in/,"I was going through a Spotify Playlist of Indie breakouts of 2024 and most of the songs I came across have sick /  innovative electronic beats and all with subdued vocals.

And now that I think of it Billie Eilish and contemporaries incorporate this


Maybe this is going to be the characteristic of this year / decades music? Curious to know why


FYI taking about this https://open.spotify.com/playlist/37i9dQZF1DWT0upuUFtT7o",24
1hpqc40,"What Have You Been Listening To? - Week of December 30, 2024",AutoModerator,1735574421.0,11,https://www.reddit.com/r/LetsTalkMusic/comments/1hpqc40/what_have_you_been_listening_to_week_of_december/,"Each week a WHYBLT? thread will be posted, where we can talk about what music we’ve been listening to. The recommended format is as follows.

Band/Album Name: A description of the band/album and what you find enjoyable/interesting/terrible/whatever about them/it. Try to really show what they’re about, what their sound is like, what artists they are influenced by/have influenced or some other means of describing their music.

[Artist Name – Song Name](www.youtube.com/watch?v=PxLB70G-tRY) If you’d like to give a short description of the song then feel free

PLEASE INCLUDE YOUTUBE, SOUNDCLOUD, SPOTIFY, ETC LINKS! Recommendations for similar artists are preferable too.

This thread is meant to encourage sharing of music and promote discussion about artists. Any post that just puts up a youtube link or says “I've been listening to Radiohead; they are my favorite band.” will be removed. Make an effort to really talk about what you’ve been listening to. Self-promotion is also not allowed.",9
1hpajwx,I don't get what the big deal is about Ted Nugent ,Glittering-Ad5648,1735519226.0,120,https://www.reddit.com/r/LetsTalkMusic/comments/1hpajwx/i_dont_get_what_the_big_deal_is_about_ted_nugent/,"I mean there's nothing groundbreaking & revolutionary of him & his career. What makes him so highly regarded among the legends in the rock community. What did he ever do that's considered a ""game changing"" moment. 

Sure he sold million albums & concert tickets while having same fans from a long time, yet I couldn't find anything worth noting other what I stated. 

In the grand scheme of music, take him out of history & it wouldn't make any difference. Look I'm not against him or anything, it's just I don't see what the big deal is. Somebody please explain. ",370
1hp5cz6,2024 LTM Album Of The Year Results,wildistherewind,1735505106.0,51,https://www.reddit.com/r/LetsTalkMusic/comments/1hp5cz6/2024_ltm_album_of_the_year_results/,"»1. Charli XCX - BRAT [205]

»2. Magdalena Bay - Imaginal Disk [176]

»3. The Cure - Songs Of A Lost World [142]

»4. Blood Incantation - Absolute Elsewhere [116]

»5. Geordie Greep - The New Sound [112]

»6. Godspeed You! Black Emperor - ""NO TITLE AS OF 13 FEBRUARY 2024 28,340 DEAD"" [93]

»7. MJ Lenderman - Manning Fireworks [91]

»8. Cindy Lee - Diamond Jubilee [89]

»10. Mount Eerie - Night Palace [77, TIE]

»10. Vampire Weekend - Only God Was Above Us [77, TIE]

»11. Johnny Blue Skies - Passage Du Desir [75]

»12. Chat Pile - Cool World [74]

»13. Kendrick Lamar - GNX [69]

»14. Adrianne Lenker - Bright Future [67]

»16. Opeth - The Last Will And Testament [65, TIE]

»16. Fontaines D.C. - Romance [65, TIE]

»17. Alcest - Les Chants l'Aurore [59]

»18. Joey Valence & Brae - No Hands [55]

»19. JPEGMAFIA - I Lay My Life Down For You [54]

»21. Jessica Pratt - Here In The Pitch [52, TIE]

»21. Tyler The Creator - CHROMAKOPIA [52, TIE]

»22. Jamie XX - In Waves [49]

»23. Father John Misty - Mahashmashana [46]

»24. Foxing - Foxing [45]

»25. Kim Gordon - The Collective [42]

»27. Hurray For The Riff Raff - The Past Is Still Alive [41, TIE]

»27. Oranssi Pazuzu - Muutautuja [41, TIE]

»28. Shellac - To All Trains [39]

»31. Mannequin Pussy - I Got Heaven [38, TIE]

»31. MGMT - Loss Of Life [38, TIE]

»31. Ulcerate - Cutting The Throat Of God [38, TIE]

»33. Beth Gibbons - Lives Outgrown [37, TIE]

»33. Knocked Loose - You Won't Go Before You're Supposed To [37, TIE]

»35. Mamaleek - Vida Blue [36, TIE]

»35. Wintersun - Time II [36, TIE]

»38. Arooj Aftab - Night Reign [35, TIE]

»38. IOTUNN - Kinship [35, TIE]

»38. The Smile - Wall Of Eyes [35, TIE]

»40. Ducks Ltd. - Harm's Way [34, TIE]

»40. Jack White - No Name [34, TIE]

Thank you for everyone who took the time to vote. We will be discussing albums from this list in a series of posts in the new year.",18
1hq5gqu,"Thoughts on the ""DJ booth"" culture in raves/festivals",Avenged7fo,1735615173.0,0,https://www.reddit.com/r/LetsTalkMusic/comments/1hq5gqu/thoughts_on_the_dj_booth_culture_in_ravesfestivals/,"I dont get nor agree with the ""dj booth"" culture.

Im not really in the edm/rave crowd so my opinion aint worth a dime. Lately Ive just realized that people can just be on stage with the DJs as long as a) theyre hot and/or b) connected with the right people. 

I get that its an instagram thing and wanting to be seen, especially in this day and age. 

Consider me old school but being on stage is sacred ground wherein you have to earn your spot to be there and refine your craft. Whether be it local gigs, theater plays, or any other performing arts scene. Its only the edm/rave scene that allows randos to be there on stage.(im aware that there are fans who get up on stage, but at least they only stay for a song)

If you want to be on stage for being hot, theres runway modeling.

Heck even in non-musical scenarios like boxing or MMA fights. The people who set foot in the ring have an important role to play such as being a cornerman, coach, etc.
Ring girls are technically employees and not there to hog the spotlight

",5
1hpfjbp,"If you could track anything about your music listening habits, what would you track?",Lightning--Bolt,1735534746.0,4,https://www.reddit.com/r/LetsTalkMusic/comments/1hpfjbp/if_you_could_track_anything_about_your_music/,"Hopefully this is a worthwhile post for LetsTalkMusic.  About a year ago I made an app to track my personal listening habits and I'm curious what others would want to track if they did the same.

**TLDR:** Basically the post title.  If you had the ability to track any metric about your music listening habits (ex. location, audio source, artists, genres, mood during listening) what would you personally track?

**Longer Background:** About two years ago, I fixed up my old 5th iPod classic with a new battery and fancy solid state memory with the intention of having it become my primary listening method again. This necessitated a revitalization (really a full rebuild) of my digital music collection which had become non existent due to streaming.  As I began to re-build a digital collection, I wanted a way to easily lookup the albums in the collection.  Naturally, I also wanted to add in the albums my physical music collection so I could search them easily too.  Thus the first version of the app came to be, a tool to catalog my collection.  

I made the switch to iPod after years of being dissatisfied with streaming (for multiple reasons that could be it's own post), but one of the things I knew I'd miss were the statistics streaming services gave me about my listening habits.  This lead to the second iteration of the app which involved adding the functionality to track my music listening.  For the last year, I have tracked all sorts of things about what music I listen to and how I listen to it.  It's been very satisfying and fun to do this and after a full year, I thought it might be interesting to open up a discussion about what other people would want to track if they did the same.  

As of now, here are some of the things I track about my music listening habits.  All of these I aggregate by listen time...

* Date (and aggregates for days, months, quarters, and years)
* Artists
* Albums
* Labels
* Genres (both fundamental and sub-genres)
* Media Type (i.e. digital - streaming, iPod vs. physical - CD, Vinyl Record vs. Radio - broadcast, internet radio)
* Audio Source (various speakers and headphones)
* Location (Home, Work, Train, etc.)
* Activity (long list of activities)
* Ratings (I use a 5 star rating system)

So for example if I listen to an album for 1 hour, 1 hour of listening time would get assigned to the various categories I selected.  Then at the end of the year I review the data and greatly enjoying seeing things like, who was the most listened to artist in my car, what album did I listen to the most on CD, did I rate albums higher depending on what audio source I listened to, what was my average hours per day of music during a timeframe, what days of the week do I listen to the most music on, etc.

That's just a bit about what I've done so far but I'm here because I'm curious what other music people would want to know about their own listening habits. I don't care how outlandish your idea is, I want to hear it.  Maybe you want to know your listening habits vs. the lunar cycle, maybe you want to see what music you chose if your pet was in the room.  Broad or granular, I'd love to hear it.  Thanks for reading!",21
1hor5ng,How do we fix music journalism?,rtgphilp,1735458308.0,25,https://www.reddit.com/r/LetsTalkMusic/comments/1hor5ng/how_do_we_fix_music_journalism/,"A few months ago I was thinking about Pitchfork, and music journalism layoffs in general. A lot of the conversations around that time emphasised that it was bad that writers and editors were being laid off and that music journalism itself would suffer. 

Fine. But as a music journalist myself, scant attention was being paid to readers, who in the poptimism era have been given a pretty bad deal. Music journalists constantly demand that artists innovate, but music journalism itself has failed to evolve; no wonder readers have fled to YouTube, TikTok and the rest to discuss their favourite artists. 

But rather than shrugging my shoulders about it, I wanted to use this space to table some of my own solutions—and more importantly, get a sense of how you'd respond to or build on these suggestions. Would be great to know what you make of it. 

**How to make music journalism (a bit) better**

* more direct conversations between writers and readers (e.g. audience podcasts, newsletters, Q&A forums, live streams of a first-listen, Reddit threads!)
* shifting the focus of some reviews from artists to ideas (e.g. an emerging genre, a recurrent lyrical theme)
* specialised editors whose role is to listen relentlessly and shape conceptual, ideas-led coverage (Vox's [Earworm series](https://www.youtube.com/watch?v=S1m-KgEpoow) is an amazing example)
* innovative formats for covering music from new artists; one video-based idea I like is a ""lucky dip"" where demos/SoundCloud tracks are put in a tombola, music journalists pick a number and discuss the corresponding music (without ""reviewing"" it as such)
* greater transparency about the process of critique (e.g. journalists discuss their writing decisions, how they formed an opinion about something, what they left out of a review, etc)

\* Note: if you've commented on this post and wondered where that's gone, moderators removed the original post; we've since come to an agreement that I can repost this by removing a portion of the post that fell foul of community rules. ",65
1hogph8,What genre(s) of music would've been popular in the US around the time the Titanic sank in 1912?,Istobri,1735423853.0,32,https://www.reddit.com/r/LetsTalkMusic/comments/1hogph8/what_genres_of_music_wouldve_been_popular_in_the/,"Hi all,

I originally posted this a few years ago on r/musichistory but only got one response. I'm hoping I'll get more comments here.

History buff here (proud holder of an MA) and I'm really interested in the Edwardian era, specifically around the time the Titanic sank.

What would've been the most popular genre of music in America around April of 1912? Would it have been ragtime? Ragtime first became popular around the turn of the century, I think. Allegedly, the band played ""Alexander's Ragtime Band"" by Irving Berlin, which was the biggest hit of 1911, I think, but is it really a ragtime piece, despite the name?

Was it jazz? Methinks it would've been too early for that, as I believe jazz first became popular around the 1920s or so.

So, what do you guys think? What was the most popular type of music in America around the time of the Titanic sinking?

Thanks!",33
1hp8oq1,Formula for the value of listening to a song,WyGaminggm,1735513925.0,0,https://www.reddit.com/r/LetsTalkMusic/comments/1hp8oq1/formula_for_the_value_of_listening_to_a_song/,"tl;dr I made an formula that takes into account how much a listener likes a song and a few smaller variables to find out how worthwhile a listen to that song is. The formula isn't very applicable right now, but with your input it might become useful.

I'm fascinated by the question of ""what makes music good"". Emotionalism and instrumentalism serve as good broad philosophies, but I'm more concerned with a more specific step by step description of how we can determine how worthwhile a listen is relative to the listener.

Below you'll find the formula I'm proposing for finding the value of a listen

Value of listening to a song one time = (((Digestibility * Listener's craving for a digestible song) + (Versatility * Listener's craving for a versatile song) + (Scope * Listener's craving for a Scope-full song) + (Experimentation * Listener's craving for something new)/(Listeners expectations of a digestible song + Listeners expectations of a versatile song + Listeners expectations of a scope-full song + Listeners expectations of an experimental song)-base line for a good song) * the catchiness of the song - Viewers value of time * length of the song

This formula is pretty messy, but there's a method to the madness. 

The first segment of this formula describes the listener's appreciation of the song. We can find this by finding how objectively good the song is, multiplying it by how much the listener craves each aspect of a good song, and then dividing it by how desensitized to good music the listener is. 

I've broken the aspects of good music into 4 categories: Digestibility, Versatility, Scope, and Experimentation. Digestibility describes how pleasing to the ears a song is. For instance a sweet bossa nova song with appealing resolutions is probably more digestible than a heavy industrial song with harsh noises. Versatility describes how often a listener can listen to a song. For instance, a song that fits the vibes of studying, a walk, and a road trip is very versatile. Scope describes how much the song sets out to do. This can be found in spectacle, triggering an emotional shift in the audience, and sending a message just to name a few ways. One song that would probably be considered high in scope is Bohemian Rhapsody. Experimentation is how much a song sets itself apart from a listeners intake of music. For instance, western pop is a very un experimental genre, which leads to some songs sounding nearly identical to others. It should be noted that all of these aspects of good music are relative to the listener. So someone who listens to a lot of bossa nova might find metal less digestible than someone who listens to a lot of industrial.

The second segment of the formula takes into account how catchy the song is. In order to do this the value from the first segment must be altered so that zero is equal to the base line of what a good song is for the listener. This is essentially the point at which the song becomes more pleasurable to listen to than non-pleasurable for the listener. Afterwards, the resulting value is multiplied bu the catchiness of the song to emulate the listener experiencing the song multiple times in their head.

Finally, the third segment of the formula takes into account the time spent listening to the song. To do this, the listeners value of a second is subtracted for every second spent listening to the song.

That said, I have no idea how to apply units or measurements to this formula. Preferably the units would require no constants. In addition to that, the aspects of a good song are from my beliefs, but aren't perfectly accurate representation of how we listen to music I'm sure. If you guys have ideas for how to make this better please share.

Edit: the point of this isn't to reduce music to a number, but more so to give musicians an idea of how the aspects if their song might interact.",9
1hnzkc0,Can we revisit Brittany Howard breaking up the Alabama Shakes?,logitaunt,1735366326.0,207,https://www.reddit.com/r/LetsTalkMusic/comments/1hnzkc0/can_we_revisit_brittany_howard_breaking_up_the/,"Back in 2018 when Brittany Howard and the Alabama Shakes went separate ways, it was believed that it wasn't a breakup, and that Britney was just doing a minor solo stint with a different sound.


6 years later it's apparent she's making the exact type of music that she made with the Alabama Shakes, and it doesn't seem likely that the band would ever get back together again


It does beg the question of what actually happened with the band. We know that the drummer had domestic violence charges, but that happened 3 years after the breakup. Did Howard feel that the band wasn't talented enough for her direction in music? Because they had evolved considerably between *Boys and Girls* and Sound and Color*


Today in 2024, none of Brittany Howard's solo work makes it on the air, but her Alabama Shakes music still gets constant play on Pandora and FM Radio.


So I ask y'all - was the breakup a mistake? Do you think there were non-musical reasons behind firing the other band members?


edit: just found out they did a surprise show together on Dec. 17 - their first since 2017. But I still think the question has merit.",60
1howbpe,How often should I listen to new albums to strike the right balance?,bc_2006,1735480024.0,0,https://www.reddit.com/r/LetsTalkMusic/comments/1howbpe/how_often_should_i_listen_to_new_albums_to_strike/,"Next year, I'd like to discover more albums and artists. Before I dive in, I'm wondering how often I should intentionally listen to new albums without overdoing it. I was initially thinking of listening to new albums twice a day for two days, but that might be too much. Perhaps listening to new albums every weekend would be a more balanced approach.

If you have any thoughts or advice, I'd love to hear them! Thanks in advance! :-)",13
1hnk4o0,"The Beach Boys are highly regarded, but for me they are a torturous case of unmet potential",cracka_azz_cracka,1735320877.0,156,https://www.reddit.com/r/LetsTalkMusic/comments/1hnk4o0/the_beach_boys_are_highly_regarded_but_for_me/,"Few bands have as great of a ""Greatest Hits"" collection as The Beach Boys, that much is undebatable. But for a band as highly regarded and lauded as ""great"", I can hardly listen to them without thinking ""What could have been"".

The Beach Boys have always been in my periphery, one of those bands whose hits I knew very well, but whose catalogue I'd never dove deep into. I've been a lifelong fan of The Beatles and I've always enjoyed other music from that era, so with an understanding of the cultural context and the musical landscape they were recorded in, I recently decided to go through and listen to The Beach Boys' entire discography. I listened to each album in order, repeating each several times before moving on to the next in order to really get acquainted with the music and understand their progression over time.

Obviously the hits were great and even a few deep tracks, but I ended up finishing each album feeling incredibly frustrated. Every album had at least a few filler tracks and duds (yes, even Pet Sounds, albeit to a lesser degree), and I couldn't help but feel like all the ingredients for greatness were right there in front of them. Honestly it felt like a trip through Paul McCartney's post-Beatles discography; without John and [usually] George Martin around to serve as a filter, each diamond was surrounded by mounds of the rough. Combined with their overall direction and evolution through the decades, I can't help feeling that one of the great bands of the 20th century squandered more than they produced.

I'm well aware of all of Brian Wilson's issues with drug abuse and mental health as well as the whole Mike Love factor, not to mention everything with Dennis and even Carl's substance abuse. But even considering all of that, does anybody else feel like The Beach Boys, even with all their hits, fall into the ""what could have been"" territory? Does anyone else get frustrated listening to their output? Can some Beach Boys fans help me appreciate them more?

*************************

**Edit:** So many awesome and insightful replies. I agree with the sentiment that a lot of my issue is a lack of perspective, that I'm focusing too much on what could have been rather than on what *was*, which as it turns out is pretty great. Instead of getting bogged down by the lack of self-editing and wondering what else they could've produced if not for Brian Wilson's issues and in-fighting, I can instead focus on all they did achieve. Unfortunately that brings me back around to my initial statement, that I should likely just focus on their dozens of ""Best Of"" compilations + Pet Sounds + The SMiLE Sessions, but I appreciate the responses, particularly those that helped shift my perspective",169
1hnqjpk,Revisiting Lasers by Lupe Fiasco,HotAssumption4750,1735337832.0,13,https://www.reddit.com/r/LetsTalkMusic/comments/1hnqjpk/revisiting_lasers_by_lupe_fiasco/,"To me, this is a fascinating example of an album that both made and broke an artists career. Before Lasers, Lupe was known for being a very thought provoking lyricist with socially conscious themes on his prior two albums. Then Lasers came out and people immediately disliked it. It was his best selling album with a big hit, The Show Goes On, but was widely criticized. Lupe himself seemed to dislike it and blamed it on the record label. The subsequent albums have restored his respectability but he is nowhere near as mainstream as he once was. While I personally liked one song off that album, Out of My Head, I was not so captivated by the album. What are other people's thoughts on it?",2
1hmvvuc,"Where does nu metal's ""body banging"" come from?",cofi52,1735241335.0,46,https://www.reddit.com/r/LetsTalkMusic/comments/1hmvvuc/where_does_nu_metals_body_banging_come_from/,"It's not really headbanging like in other metal genres where the neck is the pivot point and you windmill your hair but its more bend in the hips and entire body. Here's a [Slipknot example](https://youtu.be/MeNT6RBpLwo?si=K3pyKRjilqX8b5aa&t=269), [Deftones example](https://youtu.be/Tz7JyTCCcJg?si=AQLws9BmL6owIMHp&t=272), and, some of the hardest ""body bangers"", [Korn](https://youtu.be/UQzAKxgBAL8?si=25NkU5VqykN3QVGV&t=81)

I see this everywhere in nu metal and I haven't seen it in any other genre. What's the origin of this? What band started doing it first and popularized it? Just curious as to where this dance comes from since its so prevalent and iconic to nu metal",46
1hmemnf,1001 Albums You Must Hear Before You Die,Top-Clue2000,1735179437.0,157,https://www.reddit.com/r/LetsTalkMusic/comments/1hmemnf/1001_albums_you_must_hear_before_you_die/,"Has anyone here listened to all 1001 albums from the list by Robert Dimery? Are you currently listening to the albums from the list?What was/is the experience like? How long did it take? Are you listening to some songs or every song? Are you listening in chronological  order? What styles or genres appeal to you? What are the best and worst albums you have heard from the list? Feel free to share anything in relation to your experience woth the albums on the list. 
(P.S. I'm not exactly listening to every album from this list. I am on my own journey of listening to every top 40 song on the Billboard Hot 100 (pop charts) and every top 10 song on the Billboard R&B Charts (Black charts). I am currently in late 1990.)
",119
1hmr9df,"General Discussion, Suggestion, & List Thread - Week of December 26, 2024",AutoModerator,1735228810.0,4,https://www.reddit.com/r/LetsTalkMusic/comments/1hmr9df/general_discussion_suggestion_list_thread_week_of/,"Talk about whatever you want here, music related or not! Go ahead and ask for recommendations, make personal list (AOTY, Best [X] Albums of All Time, etc.)

Most of the usual subreddit rules for comments won't be enforced here, apart from two: No self-promotion and Don't be a dick.",9
1hlya1v,"The unlikely ""gateway drug to jazz"": A Charlie Brown Christmas.",JohnnyRyallsDentist,1735122170.0,546,https://www.reddit.com/r/LetsTalkMusic/comments/1hlya1v/the_unlikely_gateway_drug_to_jazz_a_charlie_brown/,"It's that time of year again, and I'm sat here listening to my green vinyl edition of the soundtrack to ""A Charlie Brown Christmas"", which my wife bought for me.

This album is the unlikely classic from Jazz pianist Vince Guaraldi, asked in 1965 to do a small side-project - some soundtrack music to accompany an upcoming short animated movie based on Charles' Schulz's popular ""Peanuts"" cartoon strips. The resulting film and it's music became a beloved classic, particularly in the US. 

For me, it's the quite possibly the best Christmas-themed music ever made. It has a melancholic, bitter-sweet feel that is wintery, festive and lamenting, and it holds together so well as an album - enough variety to hold interest, (including some vocals here and there), yet enough similarity to flow as one body of work.

I saw it described in a YouTube comment as a ""gateway drug to jazz"" - and for many over the years, particularly children, I imagine this may be true.

I find some sadness in the music, and also perhaps in the fact that the peanuts - and this album - are now gradually fading in the cultural consciousness. I wonder if anyone here has any thoughts/love/hate for this album, or if anyone - perhaps with with a passing curiousity in jazz - would like to try giving it a listen this Christmas? ",58
1hn4q4a,"The song ""A Long December"" by The Counting Crows...shouldn't the end of the chorus be, ""maybe NEXT year will be better than the last""?",Mite-o-Dan,1735266602.0,0,https://www.reddit.com/r/LetsTalkMusic/comments/1hn4q4a/the_song_a_long_december_by_the_counting/,"I thought...maybe it's actually a New Years song? Nope.

An interviewing regarding the meaning of the song from an American Songwriter article...

 """"""He (Adam Duritz) told Rolling Stone that the song was inspired by visits to a friend recovering from being hit by a car (hence the line “The smell of hospitals in winter.”) But Duritz also admitted that, despite the song’s somber tone set by piano and accordion, “A Long December” was his way of seeing his glass of eggnog as half full for a change. “It’s a song about looking back on your life and seeing changes happening,” he said, “and for once me, looking forward and thinking, ‘Ya know, things are gonna change for the better — ‘maybe this year will be better than the last.’”“A Long December” see-saws from heartbroken to hopeful without seeming strained. Regrets pile up, as they tend to do at the end of the year, but they are counteracted by the sense of optimism that the changing calendar inevitably brings. So it is that “the feeling that it’s all a lot of oysters, but no pearls” is quickly replaced by a glimpse of “the way that light attaches to a girl.” Even if the passage of time brings wisdom, that sometimes only means that you can understand all the things you’ve done wrong. Duritz sings, “I can’t remember all the times I tried to tell myself/To hold on to these moments as they pass.” Yet the narrative concludes on a tentative note of positivity when the narrator begins to see his West Coast surroundings not just as the setting for his daily drudgery but as a place of beauty and wonder: “It’s been so long since I’ve seen the ocean . . .  I guess I should.” The song ends with Duritz chanting some “na-na-na” syllables that break free from the stateliness of the main melody and make it sound like the narrator might make it out of this unforgiving month all right. Maybe “A Long December” falls short of bringing tidings of comfort and joy, but it delivers a glimmer of hope for the new year. Sometimes it’s the best we can hope for, and sometimes it’s enough.""""""

Nothing about January or already being in the new year. For all intensive purposes, the song takes place and is referencing mid to late December. ",30
1hm25kq,What made Jurassic 5 stand out from other turn-of-the-millennium hip hop?,VelvetyDogLips,1735138700.0,35,https://www.reddit.com/r/LetsTalkMusic/comments/1hm25kq/what_made_jurassic_5_stand_out_from_other/,"Hip hop was an acquired taste for me, that I acquired well into adulthood. When Jurassic 5’s self-titled album came out in 1998, I was a maladjusted American 19 year old, who had not acquired a taste for hip hop yet. And as I remember, J5 were *everywhere* in the late 90s and early 00s. I’d hear “Action Satisfaction” or “Without a Doubt” coming from other kids’ cars and dorm rooms nearly as often as Dave Matthews. They were a group nobody said anything bad about. Anyone who thought of themselves as hip when it came to music gushed about how great they were.

I didn’t get Jurassic 5’s appeal at the time, and I felt very uncool for being unable to see what people liked about them. Both their music and their fans gave me a *smug* vibe, that I found offputting. I chalked this up at the time to, well, not being hip or cool, and not having enough experience of music, or experience of life in general, to appreciate them.

I’m in my 40s now. I’ve always loved funk and house music, and after discovering lo-fi hip hop, I’ve been able to go back and appreciate, with new ears, a lot of classic hip hop works from my younger days. Dr Dre’s “Chronic” and Biggy Smalls’ “Ready to Die” are masterpieces. Eminem’s “Marshall Mathers LP”, likewise. I definitely appreciate hip hop’s softer side, like Aim’s “Hinterland”. But for some reason, Jurassic 5 still leaves me bewildered as to what the hoopla was all about.

What exactly did J5 do that was so unique and different, that made them stand out enough to be the darling of hipsters? Taste is of course a subjective thing, but historical importance and impact really isn’t. Can somebody explain to me what new ground J5 broke?",42
1hm7daq,Spacehog critique,banditsecret0,1735155453.0,13,https://www.reddit.com/r/LetsTalkMusic/comments/1hm7daq/spacehog_critique/,"A band called Spacehog, 90s centred. Can anyone who knows a bit about rock music (more than my simpleton mind) tell me why they didn't perhaps 'make it'? Was it the complexity of the songs, originality of the music that we in hindsight can pinpoint and say 'yeah that wasn't great'. I liken them to a lot of the indie rock bands of the 90s and can't quite put my finger on what was separating them from the rest. Bands like Oasis weren't known for complexity, rather their catchy songs and rough feel, and other bands have the complexity but lack the grip on the masses, so i'd like to get opinions on this.

Only asking because I like them a lot haha. ",31
1hmjz9e,Do you think 80s hard rock can make a comeback?,officialgenesimmons2,1735200593.0,0,https://www.reddit.com/r/LetsTalkMusic/comments/1hmjz9e/do_you_think_80s_hard_rock_can_make_a_comeback/,"Like I hear the song ""Mary On A Cross"" by Ghost in the background of so many reels/YT shorts and it literally sounds like a song which could have been on a Bon Jovi or Def Leppard record. Moreover, given the 80s nostalgia with shows such as Stranger Things and also the synth-pop in the mainstream today, I can sense this kind of sound or at least something influenced by it to make a comeback. What are your thoughts?",37
1hlbe3s,Is Lana del Rey's music really that difficult to label?,MMChelsea,1735038322.0,100,https://www.reddit.com/r/LetsTalkMusic/comments/1hlbe3s/is_lana_del_reys_music_really_that_difficult_to/,"I read an article at the weekend which described Lana del Rey as the most enigmatic star of our times, and which argued that the industry has failed to label or define her genre for thirteen years. 

I agree that the cinematic and melancholic qualities of her music, along with her glamorous, vintage aesthetic, mark her out as far more interesting than more 'traditional' pop stars like Taylor Swift or Ariana Grande. While I'm not really a fan of her more recent material, Born to Die is a special album that creates a very distinctive ambience. I think Video Games is a uniquely brilliant song, and she is certainly very talented.

But is her music really that challenging to label? She seems (to the untrained ear!) to fit fairly neatly, with some admittedly clear differences, into that modern indie/baroque pop sphere with the likes of St. Vincent and Florence + The Machine. So many artists have offered their take on indie pop - what marks Lana del Rey's out as special? ",111
1hkxrun,"Looking back on 2024, what are the things that excited/surprised/inspired you about the music scene?",rohitrrs,1734988979.0,32,https://www.reddit.com/r/LetsTalkMusic/comments/1hkxrun/looking_back_on_2024_what_are_the_things_that/,"What are the things that surprised/inspired/excited you about the music scene in 2024?

What are you looking forward in 2025?

We have so much going wrong - algorithms are taking over, live grassroots venues are shutting down, Spotify is just trash, concerts are exorbitantly priced etc etc.

With 2024 ending, what’s the stuff that brought back the joy of listening and experiencing music for you? 

I have a few - revivalist tours and nostalgia at its peak; pushback against algorithms as if it’s a joke now; tastemakers are back in vogue; collectors of physical artifacts like vinyls and cassettes ",32
1hkor90,Do you guys usually come around on music you didn’t originally like ? ,Ash_is_silly,1734963757.0,48,https://www.reddit.com/r/LetsTalkMusic/comments/1hkor90/do_you_guys_usually_come_around_on_music_you/,"See I feel like I’m a freak because I ALWAYS basically every time come back around on music I originally didn’t like . I think this stems from my start with music . See , originally , I only grew up listening to Motown oldies and Spanish music with my parents and I thought all rock music was loud and annoying since I thought all of the genre sounded like metal . One day I told that to my mom , so when I was in the fourth grade she told me the Beatles and other bands were also rock and showed me the bands from the 80s she grew up with when she was a teenager back then . Then when I was around 13 , I got into metal bands like Metallica and Iron Maiden when I realized that they weren’t actually just loud noise . I’d slowly gotten into 90s hip hop from cousins and uncles and kids at school showed me 2000s hip hop . Then I saw experimental groups like death grips and I thought it was all just loud electronic noises . it’s hilarious to me now  , I used to think I’ve seen footage was just loud synthetic buzzing with a dude yelling over it . The older I got , I got into stuff like RYM and though I never browsed 4chan , I did see what albums /MU thought were cool and got into all kinds of hipster garbage . 

At every turn I’d hear something I completely didn’t get , I’d read up on the band , I’d read why the fans liked it , then I’d see it in a movie or I’d keep thinking about it and out of no where it just clicks . Now I can listen to a 34 minute Swans track and think it’s an existential masterpiece when as a kid The Rolling Stones sounded like loud garbage to me . My music taste has grown so much in the twenty years I’ve been alive . The thing is though , whenever I look around and read about bands everyone always just says “ if you don’t like it then don’t force yourself to . “ but that doesn’t make sense to me because I tend to come around since I just wasn’t ready for the concepts at the time . Now I can listen to old 50s folk records and random hardcore emo with a hint of random indie garbage on the same day , it’s a strange life I live but I love to constantly test and expand my music taste . Do you guys tend to just listen to an album once or twice and call it quits and I’m just wired differently than most or is this more common then I think . 

TL:DR : do you guys come around on music you didn’t like originally ? If so , how often ? Once or twice ? A decent handful of times ? I’m curious . ",46
1hlehux,Muse and Politics,HotAssumption4750,1735050044.0,0,https://www.reddit.com/r/LetsTalkMusic/comments/1hlehux/muse_and_politics/,Over the years especially in the 2010's it seems as though Muse's music really took a dive in quality for many especially culminating in what many consider their worst album Will of the People in 2022. I believe a lot of it can be attributed to their increase in their political messaging in their songs. The first big instance of this was when Glenn Beck praised one of their albums believing their viewpoints aligned with his own to which there was quick backlash towards. I find as though many of their albums have become more and more preachy and the albums having less cohesion as the years have progressed. What are your thoughts on these political angles having an affect on Muse's music in recent years?,39
1hkqnv8,Lead singers vs. Other members: Rockstar Lifestyles ,hotdogstarfish13,1734969291.0,11,https://www.reddit.com/r/LetsTalkMusic/comments/1hkqnv8/lead_singers_vs_other_members_rockstar_lifestyles/,"I feel like SOME lead singers are more introverted and kind of shy away from the whole “being famous” thing compared to lead guitarists, drummers, etc.

The most blatant example of this in my opinion is Zach de la Rocha (lead singer) from Rage Against the Machine and Tom Morello (lead guitarist of Rage). Tom Morello I feel is everywhere, he has completely adopted the rock star lifestyle. He’s in multiple successful bands and uses his platform to full extent. Zach, on the other hand, we barely hear about. He has practically disappeared and it is considered “rare” to even see him in a photo in public. I’ve heard that Tom was the only one who was in support of the band going to the Rock Hall of Fame ceremony to be inducted, and this disagreement, as well as differing views between the members, health concerns, and other factors have basically solidified the band’s future show and tour-wise. Tom Morello still continues to play shows everywhere. 

My second example is Dave Grohl and Kurt Cobain. Now, I understand Kurt really didn’t have the opportunity to move on and start more bands, but that’s not my point here. Kurt did want to be something, he wanted to be famous, they clearly stated that in the documentary, “Kurt Cobain: Montage of Heck”. When it actually came down to it, Dave ended up adopting more of the rockstar lifestyle than Kurt did. Kurt did not like the fame and after he received all of the overwhelming successes, he often said that he wished he was never famous. Dave was very introverted when Nirvana first got famous, and often wouldn’t even be recognized if he was walking alone on the street. He increasingly became more extroverted, and among the creation of Foo Fighters, he became more of a rock star and some even consider him to be more famous and more successful than Kurt was. 

I understand that there are many lead singers who have adopted that lifestyle but these two examples just gave me a thought. I also know there could be many other things affecting why it appears this way, but what do you guys think?

DISCLAIMER: I am in no way an expert on either of these bands or the people I am talking about, if I get something wrong or misconceived something, I’m sorry. ",14
1hk210u,I really don't get the Grateful Dead. Can anyone help me? ,Soggy-Score5769,1734885274.0,829,https://www.reddit.com/r/LetsTalkMusic/comments/1hk210u/i_really_dont_get_the_grateful_dead_can_anyone/,"I tried listening to the Grateful Dead recently, because I’ve heard endless praise for them my entire life. Honestly, I have no clue what the hell everyone is raving about. From the very first notes, their music felt like an endless slog through a lazy, meandering jam. I kept waiting—practically begging—for something to spark a shred of excitement or energy, but it never came. Instead, it sounded like a bunch of dudes who were either too stoned or too zonked out on some heavy shit to really give a damn about playing anything remotely engaging.

Everyone told me, “Oh, you have to hear *Live/Dead*! That’s their masterpiece!” So, I sat down and braced myself for brilliance. What I got was the same stale noodling stretched out for far too long, making me wonder if the band even knew where the song was going—or if they’d ever bother getting there. It’s maddening as hell to see people treat this as some transcendent musical experience, when, from my perspective, it’s just a tedious assault on my patience.

I’m genuinely baffled that so many fans swear by these directionless jams, claiming there’s some hidden genius in there. Maybe you have to be high as a kite to appreciate the never-ending guitar solos that drone on without any real hook or payoff. All I know is that every time I tried to enjoy the Grateful Dead, I ended up bored and annoyed, left scratching my head about why they’re so revered.",875
1hkqt15,"What Have You Been Listening To? - Week of December 23, 2024",AutoModerator,1734969680.0,10,https://www.reddit.com/r/LetsTalkMusic/comments/1hkqt15/what_have_you_been_listening_to_week_of_december/,"Each week a WHYBLT? thread will be posted, where we can talk about what music we’ve been listening to. The recommended format is as follows.

Band/Album Name: A description of the band/album and what you find enjoyable/interesting/terrible/whatever about them/it. Try to really show what they’re about, what their sound is like, what artists they are influenced by/have influenced or some other means of describing their music.

[Artist Name – Song Name](www.youtube.com/watch?v=PxLB70G-tRY) If you’d like to give a short description of the song then feel free

PLEASE INCLUDE YOUTUBE, SOUNDCLOUD, SPOTIFY, ETC LINKS! Recommendations for similar artists are preferable too.

This thread is meant to encourage sharing of music and promote discussion about artists. Any post that just puts up a youtube link or says “I've been listening to Radiohead; they are my favorite band.” will be removed. Make an effort to really talk about what you’ve been listening to. Self-promotion is also not allowed.",13
1hjztl7,Will there be previously-mainstream music genres moving back into the mainstream in 2025?,hotdogstarfish13,1734878720.0,35,https://www.reddit.com/r/LetsTalkMusic/comments/1hjztl7/will_there_be_previouslymainstream_music_genres/,"(My apologies for awkward wording of question and sorry for how long this is.)

I saw an interesting comment the other day on a post. It said something about a culture shift because we are moving from 2020-2024 to 2025-2029 (it was on a thread discussing the opinion that, “Rock is dead”). It just made me wonder if previously-mainstream genres like rock, punk pop/rock, etc. will move back into the mainstream.

I feel like more people are getting involved in rock music recently. On the internet, I’ve been seeing more interest in 80s, 90s, and early 2000s rock, metal, and punk bands. For example, there is a very young band (among many other bands) called “Riff Wood”. They don’t have a huge following, but they are definitely coming up. Some people say they are pop punk, or rock, but they remind me of a mix of the Beatles and Green Day. Fanbase is mostly teenagers and the one show they did in Utah was completely packed. 

My last point, and I could be wrong about this, but it seems like SO many bands from previously mainstream genres are touring this year. Like, more than previous years. Guns N’ Roses, AC/DC, Pearl Jam, Linkin Park, Metallica, Deftones, System Of A Down, and so many more. Is it because there is a rising interest again or just because of ticket prices right now and they can make more money, or both? 

Please correct anything if I’m wrong, I just wanted to get opinions and have a good discussion on this. I am younger so it is a dream of mine to see all these genres come back into the mainstream, because I didn’t get to experience them when they were. ",74
1hk38i8,"[DISCUSSION] Memes, Irony, and Whiteness within Underground Hip-Hop",stuckinverruckt,1734888699.0,3,https://www.reddit.com/r/LetsTalkMusic/comments/1hk38i8/discussion_memes_irony_and_whiteness_within/,"This has been a thought that's been lingering in my head ever since the artist **Nettspend** began to gain some traction. Thanks to a snippet video a random user posted on Twitter, he was met with mixed reactions and quickly turned into a meme on social media, which ultimately pushed his sound to a wider audience. Since then, we've seen an emergence of artists who gain popularity not just for their music or art, but because anonymous ""fans"" on the internet who don't take the artists seriously past the point of a LULCOW -- a spectacle rather than an artist.

The artists I am thinking of include **Nettspend**, [Shed Theory](https://youtu.be/wq7nB9mCGVA?si=mbhjfDgUfjWmfIW0), **ian**, **Brennan Jones**, and **Lil Kris** (who is 13). They've all been propelled into the spotlight, but often through irony and memes rather than their artistry. For example, ian’s *From the Block* performance sparked debate as he raps his viral song while sitting at a table surrounded by his white family in the suburbs. To some, this visual felt like a parody or mockery of hip-hop and its cultural roots.

What stands out to me is how many of these artists seem derivative of others, usually Black artists, who've laid the groundwork for sounds they now replicate. For instance

* [Nettspend](https://youtu.be/9SrWNGvrtVc?si=Ndux85lASFgWTnkS) borrows from [1c34/jerk](https://youtu.be/aZjxS4vVCIo?si=kQGIOxYiV0-2AIGJ)
* [ian](https://youtu.be/MPNghJys878?si=ARP1Ur1IBI5sLz0E) mirrors [Untiljapan](https://www.youtube.com/watch?v=iLqSQVptWdc)
* [Brennan Jones](https://youtu.be/GWTnm63K2lE?si=_WGs6kV_5ZKyd3u_) mocks [Glokk40Spaz](https://youtu.be/PJ5mO_rEMOE?si=mPGBJAzcmweMMvRJ)
* [Lil Kris (lol)](https://youtu.be/glVFvMkXlVA?si=c_0F9eC4yJTKw_nn) imitates [LAZER DIM 700](https://youtu.be/ffpTQHG-HtQ?si=rWGWQM54AdkMmDKy)

This leads to the unfortunate reality that artists like Nettspend and ian are getting more attention due to their whiteness and music being mainstream and digestible even though it is a derivative. Meanwhile, artists who focus on innovation like [Xaviersobased](https://youtu.be/advf37JS070?si=d66jyZfuVjY1E91d) and his collective are still struggling to break through to the broader mainstream, even though they're the ones truly pushing it forward.

I understand people like what they like, but it is hard to ignore the fact that meme-driven artists are gaining recognition for **spectacle over substance**. It makes me wonder:

* Is meme culture helping or hurting underground hip-hop?
* Are there artists who should be celebrated more for their artistry rather than their memeability?
* What does this trend mean for hip-hop as an authentic genre?

[An article that discusses irony in the underground scene and how it is being used by fans (although it seems to turn into an article to bash Shed Theory near the bottom)](https://nobells.blog/papyrus-rap-shed-theory-1c34/)

[The only other post I have found where someone discusses feelings similar to mine is from 3 years ago, around the time that Hyperpop was beginning to emerge to more listeners](https://www.reddit.com/r/LetsTalkMusic/comments/vaidbo/postirony_meshing_into_new_sincerity_over_the/)

Edits made for embedded links! Click to listen!",54
1hjsp4f,I Think I Don’t Like Sonic Youth..,CurliestWyn,1734847826.0,20,https://www.reddit.com/r/LetsTalkMusic/comments/1hjsp4f/i_think_i_dont_like_sonic_youth/,"Hi, everyone! I wanted to start a discussion here because I’ve been thinking a lot about Sonic Youth and why they’ve never really clicked with me, despite their massive influence and devoted fanbase. I totally understand they’re considered to be a pretty important band, and for many people individually they are, but I personally struggle to see what makes them so beloved, especially by a lot of people I’d describe as “hipster types” (for lack of a better term). Keep in mind, I’m not talking here about ALL SY fans or fans of this kind of more noise-based music, and ofc there’s plenty of ppl who like and love them out of a genuine love and interest, and it hits a sweet spot for them. I specifically in this case mean the specific-type of people go much further to a whole other level, to the point that they gatekeep them as what true art is supposed to be and that anyone who doesn’t like them or prefer much more melody-based music is lame or twee or a normie, and not the ppl who simply love them because they like the music and it connects with them. 

To be honest, most of their music feels like pretentious noise to me. I know that’s a harsh way to put it, but it’s my honest reaction. Their sound seems so dissonant and abrasive that I often find myself thinking, “Is this really music people enjoy, or does it just feel cool to like them because they’re so different?”, and whenever I see someone say that the band and Daydream Nation especially “changed the way that guitar is played forever”, my knee jerk reaction is to say: “yeah, by making it sound like shit.” and Thurston Moore was, especially technically, an awful guitar player. I would see moments live on stage where they’re just senseless ruining or breaking or murdering their instruments wastefully and I’m just like:…Why? What’s supposed to cool about any of that? Despite this, I recognize they’ve got some melodic moments, but for me, those moments are few and far between.

I tend to gravitate toward warm, melodic music, especially stuff rooted in more traditional song structures from the sounds of the 60s and 70s (I love stuff like Wings, Elton John, Big Star, The Beatles and Beach Boys and Byrds ofc, but I also love later bands like R.E.M. and Teenage Fanclub and later than that Alvvays and The Lemon Twigs). That’s probably a big part of why I struggle with Sonic Youth—I just don’t feel that warmth or connection that I usually seek in music. Instead, their songs often feel cold, distant, and challenging in ways I’m not sure I fully appreciate.

At the same time, I don’t want to dismiss their fans or their artistry. It’s clear they’ve inspired countless bands and opened up new ways of thinking about music, even if it’s not my style or anything that I particularly like listening to or connect with, but yeah, despite me trying and do a degree wanting to understand and like them, I just can’t. I guess I just don’t like inherently challenging music (well, except for Suicide, whom I love, but they’re the exception for me). 

But I’m curious as to what I’m missing—what do you all think? I would love to know y’all’s thoughts and views in the comments! :3

~Edited~",129
1hjf9bq,I don't understand how Big Beat still haven't got a proper comeback/revival,homophobicperson2,1734803948.0,148,https://www.reddit.com/r/LetsTalkMusic/comments/1hjf9bq/i_dont_understand_how_big_beat_still_havent_got_a/,"Big Beat is a genre that originated in the 90s that featured heavy breakbeats, synth loops and samples.

It grew in popularity very rapidly with artists, such as The Prodigy, The Chemical Brothers and Fatboy Slim. But just like similar genres that had spiked in popularity, like Nu Metal, Gringe and Emo, it's popularity slowly dwindled away.

Unlike the aforementioned genres, it never really had a comeback. A lot of artists either disappeared (Slim's last album was in 2004) or switched genres entirely (compare [Dig Your Own Hole](https://www.youtube.com/playlist?list=OLAK5uy_nVYT_g9eyMXouJQIVNS-aojNp1QLlYfPA) to any post-2007 TCB album [1](https://www.youtube.com/playlist?list=OLAK5uy_mBwufIFU5vQPAwO4Q8wqQn-j-3LW5tuR0) [2](https://www.youtube.com/playlist?list=OLAK5uy_nRSog1h8au2RfXUFljGa6sttou14AfNp0) [3](https://www.youtube.com/playlist?list=OLAK5uy_k2IZoHYVzHiSn73DnrpNySvReG3y1_qrg)). The only artist still doing Big Beat semi-regularly is The Prodigy (even then, their last album was in 2018, 6 years ago)

But why is the genre still on life support? It had a pretty big impact on the electronic scene. Wikipedia says that the genre mostly declined because of oversaturation, but it's been so long since the golden days of Big Beat, that the saturation is almost completely gone. Nowadays you barely hear Big Beat played on radio.

And that 2018 Prodigy album, [No Tourists](https://www.youtube.com/playlist?list=OLAK5uy_lC_yX39GT-24-MOohRl1zqhu8PEKCwJXw), debuted at #1 on UK albums chart, which shows that there is still demand for the genre.

Is there hope that the genre could be given another chance? Are there any new Big Beat artists I don't know about?",102
1hjpg9i,What We Lost in the Streaming Era: Memories and Values of the CD Age – Part 2,Peco-japan,1734835278.0,10,https://www.reddit.com/r/LetsTalkMusic/comments/1hjpg9i/what_we_lost_in_the_streaming_era_memories_and/,"Thank you for seeing my post.  
I would like to discuss the following four values other than listening to music associated with CDs, which I mentioned in my previous post.

\[Click here for Part 1\]  
https://[www.reddit.com/r/LetsTalkMusic/comments/1hj5uat/what\_we\_lost\_in\_the\_streaming\_era\_memories\_and/?utm\_source=share&utm\_medium=web3x&utm\_name=web3xcss&utm\_term=1&utm\_content=share\_button](http://www.reddit.com/r/LetsTalkMusic/comments/1hj5uat/what_we_lost_in_the_streaming_era_memories_and/?utm_source=share&utm_medium=web3x&utm_name=web3xcss&utm_term=1&utm_content=share_button)

1. **They satisfied a desire to own something and express identity.**
2. **They hold memories.**
3. **They were “goods”—artistic objects with beautiful packaging and booklets.**
4. **They were reading material—liner notes full of insights.**

**1. Desire to Own and Identity**

The growing collection of CDs fulfilled a desire for ownership and allowed people to showcase their identity to friends, partners, and others. It was, in a way, a form of seeking approval from those in one’s close circle.  
Now, in the era of music streaming services, you can “access” songs without needing to own them. The necessity of physical ownership has disappeared. Instead, social media has made it possible to share your knowledge, experiences, and information about music and artists with others. And on top of that, you can now receive an even greater volume of information shared by others.  
The desire for ownership has shifted from “having” to “knowing.” While I’d like to call this a hunger for knowledge, the act of owning a “track” has simply shifted from being about the “object (CD)” to the “right to access,” so it still feels like a form of ownership.  
The identity closely tied to that sense of ownership has also undergone significant change thanks to social media. The audience for showcasing one’s identity is no longer limited to close acquaintances—it now holds the potential to expand endlessly through “sharing.” The desire for approval, once intimate and personal, has become quantifiable and easily measured in metrics like “likes” and “follower counts.”

**2. Memories**

We all have CDs tied to memories—at least if you’re in your 30s or older.  
Spotify launched in Japan in 2016, and since then, streaming has made it easier to listen to only the songs we love or curate our own playlists. We rarely “wear out” an album anymore. Instead, we jump from song to song, new releases and old classics alike.  
As a result, it’s harder to attach memories to specific albums or tracks.  
On the flip side, streaming makes it effortless to share songs with friends and strangers, creating moments of communication *in the present*. Our nostalgic memories have been replaced with real-time interactions.

**3. CDs as “Goods”**

While it wasn’t necessarily the decisive factor in purchasing CDs, the jacket design often added an extra layer of value that encouraged the decision to buy.  
Whether it was a single or an album, the jacket served as a critical element for expressing the artist’s image or the album’s concept.  
Young people today might be surprised to learn about a phenomenon called “jacket buying.” This was a consumer behavior where people would imagine the kind of music they might hear based solely on the design of the jacket, thinking, “This must be the kind of music I like.” Without even listening to a sample, they’d shell out 1,800 to 2,200 yen and buy the CD based purely on their impression of the jacket.  
At some point—maybe around the mid-1990s?—a new type of added value emerged: “limited first editions.” These initial pressings featured premium packaging, like paper jackets or sleeve cases, instead of the standard plastic cases.  
This was part of a marketing strategy to encourage fans to purchase the CD right at the time of its release. It was also a tactic for chart performance, helping record companies secure titles like “#● on the Oricon charts in its debut week!”\* Many labels adopted this approach to boost their rankings.  
\* Like the Billboard charts.

In the age of music streaming, however, this has completely disappeared.  
Now, album art is reduced to a small square displayed on a smartphone screen. There’s no way to create glossy packaging to complement the design or use embossed textures to enhance the tactile feel of the material.  
Its value as a “product” has entirely vanished.  
That said, streaming services have recently evolved to include user interfaces where fans can purchase merchandise or live concert tickets directly from an artist’s page. These systems are creating smoother ways to connect artists with their fans.

**4. Liner Notes**

Japanese music albums typically cost around 3,000 yen\*\[About $30\]. One side of the booklet often doubled as part of the packaging design. Inside, it included song lyrics, details about performers, and production staff. Many consumers enjoyed the artist photos or illustrations printed on this paper.

\*1$=about 100yen at the rate of the time.

On the other hand, Western music albums came in two formats: imported and domestic editions. Imported editions cost around 18$ (usually under 20$), while domestic editions ranged from 22$ to 25$. The higher price of domestic editions and Japanese music albums was due to the resale price maintenance system (the details of which I’ll skip here).

Unlike Japanese music albums, Western music albums offered a choice between imported and domestic editions. Logically, the imported edition was the clear choice. However, since the imported editions were brought directly from overseas, many lacked even lyrics in the booklet. Domestic editions, while more expensive, often included 2–3 bonus tracks, a thicker booklet, and an ""obi"" strip.

The booklet of the domestic edition featured not only Japanese translations of the lyrics but also ""liner notes"" written by music journalists or other industry professionals. Liner notes provided information about the artist, behind-the-scenes stories, and commentary about the album.

In the early days of the internet, when music magazines were one of the few sources of information, liner notes that offered precise and focused details about an artist were incredibly valuable and appreciated. As a result, despite the higher cost, I often found myself purchasing the domestic edition after carefully considering my budget.

But has this too been replaced by something else? How about web versions of music magazines? Coverage of specific works by an artist is typically limited to top artists or trending bands. Moreover, the subjective and conversational tone often seen in liner notes is rarely found in web magazine features. Articles that can be accessed by anyone are likely expected to be fair and accurate, which might explain this difference.

So, has social media become a substitute for liner notes?

Among social media platforms, X has a high level of compatibility with music content. By searching for an artist’s name and song title on X, you can quickly find search results. However, since anyone can post freely on X, there’s no hierarchy in the quality of information. As a result, you often have to sift through posts to find one that satisfies your needs. On top of that, there’s a 140-character limit for free users. Information of real value is often found on paid platforms like note.com\*.  
\* Like Substack?? in the US.

In that case, wouldn’t it be effective for artists themselves to share “liner note”-style information as part of their promotions? Looking at artists’ own social media accounts, most of their posts are promotional and lack the appeal of engaging, narrative content. By providing fans with song explanations from music critics or behind-the-scenes stories from the artists or production team, artists could strengthen their connection with their fans.

**Finally**

So, have CDs been replaced? In some ways, yes. But in others, not quite.  
Reflecting on all this while trying (and failing) to throw out my CDs turned into a surprisingly fun experience.😊

Reading the replies we received in Part 1, we were still pleased that the generation who collected CDs could relate to them.  
How did the younger generation feel? Don't you think there are hints of the streaming era in no small part?  
**Thank you very much for reading my post through to the end.**",17
1hj5uat,What We Lost in the Streaming Era: Memories and Values of the CD Age – Part 1,Peco-japan,1734770591.0,29,https://www.reddit.com/r/LetsTalkMusic/comments/1hj5uat/what_we_lost_in_the_streaming_era_memories_and/,"This is a small story about something that happened in a typical Japanese household.  
Some aspects might be unique to Japan, but I hope you’ll enjoy reading it during your tea break.

**The CDs I Couldn’t Throw Away**

The other day, I found myself in a situation where I *had* to get rid of the CDs in my house. (And there were *a lot* of them.)  
I tried to throw them away.  
But I couldn’t.  
Even knowing that nearly every track I own is available on streaming services, I still couldn’t do it.  
I bet some of you reading this have been through something similar.

**“Collecting the things you love.”**

People collect what they like—luxury goods, hobby items, all sorts of stuff—and over time, it piles up. Music used to be that way, too.  
If you loved music, you’d buy CDs or records and proudly line them up on your shelf. Year after year, the collection would grow. Maybe you’d even hang your favorite album covers on the wall.  
Whether intentional or not, this satisfied your desire to *own* something while also signaling your identity to friends or a significant other.  
By the late ‘80s, music had already gone digital, but when it came to ownership, it stayed analog. That is, until streaming came along.  
We’d take a CD from the shelf depending on our mood, admire the cover art, and surround ourselves with the things we loved, feeling that small sense of happiness.  
Back then, There was also a lot of fun to be had there, besides listening to music.  
Sorry for the long preamble. Back to my story: I grabbed a trash bag and prepared to throw out the CDs. One by one, I picked them up, only to find myself flooded with memories of the times when I used to listen to them.

When I opened the booklets, there they were: stunning artwork, illustrations, and beautiful photos paired with lyrics. From the late '90s onward, there were more elaborate sleeve cases, and the unique designs were a delight to behold. For imported CDs sold in Japan, there were even liner notes. Once I started reading, I couldn’t stop. Since I was about to throw them away, I ended up reading every single word. And oh, how enjoyable it was.

I had also been tasked with disposing of my wife’s CDs, but I didn’t feel as attached to those, so I tossed them without much thought (haha).

In the end, I only managed to part with about half of my own collection. The rest went into storage outside.

**“Why not sell them to a second-hand shop?”**

No way.  
Those shops would slap a price tag of zero or some loose change on *my youth* and then resell it for a pretty penny. I hate that.  
Storage fees? Inventory risks?  
Don’t make me laugh. They’re getting these for almost nothing.

Anyway, I accomplished my main goal—I dismantled the CD shelf.  
But this whole experience made me realize something: CDs weren’t just about music. They had a unique value of their own.

Here’s what I came up with:

1. **They satisfied a desire to own something and express identity.**
2. **They hold memories.**
3. **They were “goods”—artistic objects with beautiful packaging and booklets.**
4. **They were reading material—liner notes full of insights.**

And now? Streaming has made music so much more convenient, but in exchange, have we lost all of this? Or has something else taken its place?  
I thought about it.

In Part 2, we will delve into the four added values of CDs. Stay tuned!

\[Part2\]  
[https://www.reddit.com/r/LetsTalkMusic/comments/1hjpg9i/what\_we\_lost\_in\_the\_streaming\_era\_memories\_and/?utm\_source=share&utm\_medium=web3x&utm\_name=web3xcss&utm\_term=1&utm\_content=share\_button](https://www.reddit.com/r/LetsTalkMusic/comments/1hjpg9i/what_we_lost_in_the_streaming_era_memories_and/?utm_source=share&utm_medium=web3x&utm_name=web3xcss&utm_term=1&utm_content=share_button)",17
1hjf41c,Can creating playlists be considered an Art?,TheVibesOnTap,1734803543.0,5,https://www.reddit.com/r/LetsTalkMusic/comments/1hjf41c/can_creating_playlists_be_considered_an_art/,"In my opinion I think yes, just as a good DJ set/mix is an art and music albums are an art creating/formatting a good playlist is an Art. Anything that emulates a certain feeling or emotion or puts someone in a state of mind and creates an atmosphere should be considered an art. 

I'm mainly talking about the mixes you see often posted on YouTube with titles like ""songs that feel like fall"" or those one with encoded titles for examples, not the generated stuff on all music platforms or the new AI generated music shit that is being posted on YouTube. 

I think when you can mix different songs under a multitude of different genres and even languages that each give off a vibe and put them in a certain order to convey a story it should be considered an art. I've recently gotten into making playlist mixes myself with some just focused on a certain genre to others that aim to give off an emotion. I've also attempted to make “Concept playlists” that aim to tell a story or narrative through the selection of tracks in a certain order. Something like a movie OST without the visual element just the feelings and emotions the songs convey to narrate the story I aim to tell. Music is beautiful because of the emotion it brings, Music can transport someone to forgotten memories and sometimes putting a bunch of those songs in a certain order can be like building a time machine or something than can transport the listener into a frame of mind or feeling and I think the ability to create that for someone should be considered an art. 

Was just wanting to bring this up as a conversation piece to y'all as should/can creating playlists/mixes be considered an art or if not what is it?

  
",39
1hits7j,What kind of questions lead to good music conversations? ,whateonisit,1734728822.0,108,https://www.reddit.com/r/LetsTalkMusic/comments/1hits7j/what_kind_of_questions_lead_to_good_music/,"I’m a music enthusiast, but I don’t go to concerts and I don’t understand the mechanics whatsoever.  I don’t even understand how tempo and bpm relate despite consistently googling the explanation.  But I seek out people who share the passion of music listening. 

I want to be able to have better connections with people like myself or more educated without relying on the simple “oh that sounds great”s and the “I love that”s.

Side note: music is literally god on earth.  All of my most successful relationships or flings are based on music appreciation and it makes them feel more significant despite the pain or discomfort they may inevitably cause.  Even alone, the right album can make the worst days feel bittersweet and inspiring. Makes me feel like life is a movie with a banging ass soundtrack.  I’m likely crazy or manic and in need of a therapist, but at least the music is on! ",35
1hilu26,"Is the music of the recent decades (2020s, 2010s, 2000s) less distinctive than the music of the previous decades (1950s, 1960s, 1970s, 1980s)?",M1ckey,1734707428.0,60,https://www.reddit.com/r/LetsTalkMusic/comments/1hilu26/is_the_music_of_the_recent_decades_2020s_2010s/,"While the 1960s/70s/80s seem to have quite distinctive music styles each (rock and roll in the 60s, maybe funk in the 70s, disco in the 80s), it appears to me that the music of this millennium does not have such well-defined genres or even styles - it would be difficult to listen to a song from the last 25 years and pinpoint which decade it's from. Am I wrong, is this an illusion, is it something we can only really hear in retrospective later? Is my view of the 1950s-80s simplistic? Keen to have a respectful discussion.",103
1hihvw1,Concert ticket prices are expected to keep rising in 2025 and beyond,ChocoMuchacho,1734694387.0,101,https://www.reddit.com/r/LetsTalkMusic/comments/1hihvw1/concert_ticket_prices_are_expected_to_keep_rising/,"Here's why: [https://www.headphonesty.com/2024/12/concert-ticket-prices-control-not-changing/](https://www.headphonesty.com/2024/12/concert-ticket-prices-control-not-changing/)

Been watching these prices climb for years but this is getting ridiculous. The industry isn't even trying to hide it anymore. They say it's about ""market value"" and ""beating scalpers"" but, really, they just saw what people were willing to pay resellers and said ""that should be our money.""

I'm always surprised to see a lot of kids and teens going to concerts, though. Good for them but I can't help but ask HOW CAN THEY AFFORD THAT?? 😂

sucks to be middle-class with responsibilities and bills😂",96
1hiphbd,What gives some soul songs such a foreboding atmosphere?,MMChelsea,1734717214.0,23,https://www.reddit.com/r/LetsTalkMusic/comments/1hiphbd/what_gives_some_soul_songs_such_a_foreboding/,"I've been getting into sixties soul lately and I'm starting with some of the better-known artists like Nina Simone, Etta James, and Sam Cooke. A couple of songs, especially A Change Is Gonna Come and I Put a Spell on You, are just enchanting. One aspect of these songs I love is their ability to create a haunting atmosphere. 

The intro to I Put a Spell on You, in particular, adds a feeling of unease. The atmosphere matches the slightly ambiguous and unsettling lyrics and Simone's distinctive vocals perfectly. 

Similarly, the sweeping opening to A Change Is Gonna Come sets the tone brilliantly. Despite the ostensibly optimistic lyrics, the backing music has distinctly foreboding undertones with Bobby Womack describing it as sounding like ""death"" upon first hearing it.

How did these artists create such a skilful balance of a beautiful yet disquieting character in these songs? I don't know enough about the technicalities of music to explain it!",12
1hix5g5,Are the Beatles going through a bit of a renaissance right now?,IceCreamMeatballs,1734738535.0,0,https://www.reddit.com/r/LetsTalkMusic/comments/1hix5g5/are_the_beatles_going_through_a_bit_of_a/,"They’ve always been the biggest band in the world, but I feel as if in the last few years there’s been a bit of a renewed interest in them. McCartney 3, Get Back, Now & Then, Beatles 64, the upcoming Mendes films, even Paul & Ringo have started performing together from time to time. Seems there’s a lot more Beatles content coming out now than there was 10 or so years ago. Would you agree they’re having a resurgence in relevancy? What are your thoughts? Why do you think there’s such a renewed interest?",27
1hhuzvy,"Is ""sharing"" music on the decline?",poppunk_tracey,1734621121.0,121,https://www.reddit.com/r/LetsTalkMusic/comments/1hhuzvy/is_sharing_music_on_the_decline/,"I've noticed in recent years a lot less people posting a random song they're enjoying on their feed or even sending it around in DMs to their friends. 
I imagine it still happens but I definitely used to see it a lot more. 
If this really is the case I'd say is a rather depressing trend.

And just anecdotally, I've noticed when I DM a song that I'm stoked about into a friend chat it's seems much less likely to get any response. I mean maybe my taste just sucks THAT bad but I don't think so. 

Anyone else notice this? If so what do you think is going on?


Edit: I realize now I'm asking this question to the wrong people because everyone in this particular subreddit is enthusiastic about music and probably interact with like-minded people.
But when it comes to the general population of normal people I think there is a decline in sharing. ",102
1hhytle,Concert Movies,Necessary_Monsters,1734631156.0,28,https://www.reddit.com/r/LetsTalkMusic/comments/1hhytle/concert_movies/,"Filmmakers have sought to capture the excitement of live performance on film for a long time, from *Jazz on a Summer's Day* (1959) through the classic rockumentaries of the late sixties and seventies to an explosion of streaming content. 

One interesting aspect of these movies is the variety of ways in which filmmakers frame the performances in the context of a narrative. Sometimes, as in *Woodstock* (1970), that context is that of a gigantic cultural event, a massive gathering of people; the film covers the crew setting up the stage, the porta potties, and the traffic jams caused by the festival as well as the performances themselves. Sometimes, like in *The Last Waltz* (1978), the context is the band's career and connections with other artists. Sometimes the focus is just on the performance itself.  

What are your thoughts on this genre? If your favorite band or artist is the subject of a concert movie or documentary, do you think it's a good representation of them? 

Or, on the flipside, have you ever been introduced to a favorite artist by one of these movies? ",32
1hhwds3,Let's Talk: Black Crowes,HotAssumption4750,1734624862.0,29,https://www.reddit.com/r/LetsTalkMusic/comments/1hhwds3/lets_talk_black_crowes/,They got really big in the early 90's after their first two albums went multi-platinum which is especially interesting since in coincided during the era of the whole alternative scene boom. They had some big hits such as Hard To Handle and Remedy as well as some others. What's interesting to me is that they manage to garner a decent amount of respect for their retro 70'sesque classic rock revival as opposed to say a band like Greta Van Fleet who got much flak. I personally enjoy those first two albums and I am interested in what other people's thoughts are?,49
